# WaveFront *.obj file (generated by Autodesk ATF)

mtllib mairie versaille 1897.mtl

g Corps1

v 0.050000 -2.500000 3.900000
v 0.050000 -2.520000 3.900000
v -0.050000 -2.520000 3.900000
v -0.050000 -2.500000 3.900000
v -0.500000 -2.500000 3.900000
v -0.500000 -2.540000 3.900000
v 0.500000 -2.540000 3.900000
v 0.500000 -2.500000 3.900000
v 0.500000 -2.520000 5.000000
v 0.500000 -2.500000 5.000000
v 0.500000 -2.500000 4.500000
v 0.500000 -2.520000 4.500000
v 0.500000 -2.520000 4.400000
v 0.500000 -2.500000 4.400000
v 0.500000 -2.540000 5.600000
v 0.500000 -2.500000 5.600000
v 0.500000 -2.500000 5.100000
v 0.500000 -2.520000 5.100000
v 0.050000 -2.520000 5.600000
v 0.050000 -2.500000 5.600000
v -0.500000 -2.540000 5.600000
v -0.500000 -2.500000 5.600000
v -0.050000 -2.500000 5.600000
v -0.050000 -2.520000 5.600000
v -0.500000 -2.520000 5.100000
v -0.500000 -2.500000 5.100000
v -0.500000 -2.500000 4.400000
v -0.500000 -2.520000 4.400000
v -0.500000 -2.520000 4.500000
v -0.500000 -2.500000 4.500000
v -0.500000 -2.500000 5.000000
v -0.500000 -2.520000 5.000000
v -0.600000 -2.500000 5.700000
v -0.600000 -2.500000 3.800000
v -0.600000 -2.540000 3.800000
v -0.600000 -2.540000 5.700000
v 0.600000 -2.500000 5.700000
v 0.600000 -2.540000 5.700000
v 0.600000 -2.500000 3.800000
v 0.600000 -2.540000 3.800000
v -0.050000 -2.500000 4.500000
v -0.050000 -2.500000 5.000000
v -0.050000 -2.500000 5.100000
v -0.050000 -2.500000 4.400000
v 0.050000 -2.500000 5.100000
v 0.050000 -2.500000 4.400000
v -0.800000 -2.500000 3.800000
v -1.300000 -2.500000 3.800000
v -1.300000 -2.500000 5.700000
v -0.800000 -2.500000 5.700000
v 0.350000 -2.500000 7.600000
v -0.450000 -2.500000 7.600000
v -0.448074 -2.500000 7.619604
v -0.442314 -2.500000 7.639018
v -0.432776 -2.500000 7.658057
v -0.419552 -2.500000 7.676537
v -0.382588 -2.500000 7.711114
v -0.332843 -2.500000 7.741421
v -0.203073 -2.500000 7.784776
v -0.050000 -2.500000 7.800000
v 0.103073 -2.500000 7.784776
v 0.232843 -2.500000 7.741421
v 0.282588 -2.500000 7.711114
v 0.319552 -2.500000 7.676537
v 0.332776 -2.500000 7.658057
v 0.342314 -2.500000 7.639018
v 0.348074 -2.500000 7.619604
v -0.200000 -2.500000 7.900000
v -0.303528 -2.500000 7.886370
v -0.400000 -2.500000 7.846410
v -0.482843 -2.500000 7.782843
v -0.546410 -2.500000 7.700000
v -0.586370 -2.500000 7.603528
v -0.600000 -2.500000 7.500000
v -0.600000 -2.500000 7.100000
v -1.500000 -2.500000 7.100000
v -1.500000 -2.500000 0.100000
v -1.300000 -2.500000 0.100000
v -1.300000 -2.500000 0.200000
v -1.100000 -2.500000 0.200000
v -1.100000 -2.500000 0.300000
v -0.900000 -2.500000 0.300000
v -0.900000 -2.500000 0.400000
v -0.900000 -2.500000 2.100000
v -0.637975 -2.500000 2.185443
v -0.469565 -2.500000 2.236957
v -0.257143 -2.500000 2.292857
v 0.000000 -2.500000 2.325000
v 0.257143 -2.500000 2.292857
v 0.469565 -2.500000 2.236957
v 0.637975 -2.500000 2.185443
v 0.900000 -2.500000 2.100000
v 0.900000 -2.500000 0.400000
v 0.900000 -2.500000 0.300000
v 1.100000 -2.500000 0.300000
v 1.100000 -2.500000 0.200000
v 1.300000 -2.500000 0.200000
v 1.300000 -2.500000 0.100000
v 1.500000 -2.500000 0.100000
v 1.500000 -2.500000 7.100000
v 0.500000 -2.500000 7.100000
v 0.500000 -2.500000 7.500000
v 0.486370 -2.500000 7.603528
v 0.446410 -2.500000 7.700000
v 0.382843 -2.500000 7.782843
v 0.300000 -2.500000 7.846410
v 0.203528 -2.500000 7.886370
v 0.100000 -2.500000 7.900000
v -0.250000 -2.500000 7.350000
v -0.243185 -2.500000 7.401764
v -0.223205 -2.500000 7.450000
v -0.191421 -2.500000 7.491421
v -0.150000 -2.500000 7.523205
v -0.101764 -2.500000 7.543185
v -0.050000 -2.500000 7.550000
v 0.001764 -2.500000 7.543185
v 0.050000 -2.500000 7.523205
v 0.091421 -2.500000 7.491421
v 0.123205 -2.500000 7.450000
v 0.143185 -2.500000 7.401764
v 0.150000 -2.500000 7.350000
v 0.143185 -2.500000 7.298236
v 0.123205 -2.500000 7.250000
v 0.091421 -2.500000 7.208579
v 0.050000 -2.500000 7.176795
v 0.001764 -2.500000 7.156815
v -0.050000 -2.500000 7.150000
v -0.101764 -2.500000 7.156815
v -0.150000 -2.500000 7.176795
v -0.191421 -2.500000 7.208579
v -0.223205 -2.500000 7.250000
v -0.243185 -2.500000 7.298236
v 0.800000 -2.500000 3.800000
v 0.800000 -2.500000 5.700000
v 1.300000 -2.500000 5.700000
v 1.300000 -2.500000 3.800000
v -0.050000 -2.520000 4.500000
v -0.050000 -2.520000 5.000000
v -0.050000 -2.520000 5.100000
v 0.050000 -2.520000 5.100000
v 0.050000 -2.500000 5.000000
v 0.050000 -2.520000 5.000000
v 0.050000 -2.500000 4.500000
v 0.050000 -2.520000 4.500000
v 0.050000 -2.520000 4.400000
v -0.050000 -2.520000 4.400000
v -1.129289 -2.500000 5.600000
v -0.970711 -2.500000 5.600000
v -0.970711 -2.520000 5.600000
v -1.129289 -2.520000 5.600000
v -1.200000 -2.500000 5.529289
v -1.181699 -2.500000 5.531699
v -1.164645 -2.500000 5.538763
v -1.150000 -2.500000 5.550000
v -1.138763 -2.500000 5.564645
v -1.131699 -2.500000 5.581699
v -1.131699 -2.520000 5.581699
v -1.138763 -2.520000 5.564645
v -1.150000 -2.520000 5.550000
v -1.164645 -2.520000 5.538763
v -1.181699 -2.520000 5.531699
v -1.200000 -2.520000 5.529289
v -1.200000 -2.500000 3.970711
v -1.200000 -2.520000 3.970711
v -1.129289 -2.500000 3.900000
v -1.131699 -2.500000 3.918301
v -1.138763 -2.500000 3.935355
v -1.150000 -2.500000 3.950000
v -1.164645 -2.500000 3.961237
v -1.181699 -2.500000 3.968301
v -1.181699 -2.520000 3.968301
v -1.164645 -2.520000 3.961237
v -1.150000 -2.520000 3.950000
v -1.138763 -2.520000 3.935355
v -1.131699 -2.520000 3.918301
v -1.129289 -2.520000 3.900000
v -0.970711 -2.500000 3.900000
v -0.970711 -2.520000 3.900000
v -0.900000 -2.500000 3.970711
v -0.918301 -2.500000 3.968301
v -0.935355 -2.500000 3.961237
v -0.950000 -2.500000 3.950000
v -0.961237 -2.500000 3.935355
v -0.968301 -2.500000 3.918301
v -0.968301 -2.520000 3.918301
v -0.961237 -2.520000 3.935355
v -0.950000 -2.520000 3.950000
v -0.935355 -2.520000 3.961237
v -0.918301 -2.520000 3.968301
v -0.900000 -2.520000 3.970711
v -0.900000 -2.500000 5.529289
v -0.900000 -2.520000 5.529289
v -0.968301 -2.500000 5.581699
v -0.961237 -2.500000 5.564645
v -0.950000 -2.500000 5.550000
v -0.935355 -2.500000 5.538763
v -0.918301 -2.500000 5.531699
v -0.918301 -2.520000 5.531699
v -0.935355 -2.520000 5.538763
v -0.950000 -2.520000 5.550000
v -0.961237 -2.520000 5.564645
v -0.968301 -2.520000 5.581699
v -0.800000 -2.520000 3.800000
v -1.300000 -2.520000 3.800000
v -1.300000 -2.520000 5.700000
v -0.800000 -2.520000 5.700000
v 1.129289 -2.500000 5.600000
v 1.131699 -2.500000 5.581699
v 1.138763 -2.500000 5.564645
v 1.150000 -2.500000 5.550000
v 1.164645 -2.500000 5.538763
v 1.181699 -2.500000 5.531699
v 1.200000 -2.500000 5.529289
v 1.200000 -2.520000 5.529289
v 1.181699 -2.520000 5.531699
v 1.164645 -2.520000 5.538763
v 1.150000 -2.520000 5.550000
v 1.138763 -2.520000 5.564645
v 1.131699 -2.520000 5.581699
v 1.129289 -2.520000 5.600000
v 0.970711 -2.500000 5.600000
v 0.970711 -2.520000 5.600000
v 0.900000 -2.500000 5.529289
v 0.918301 -2.500000 5.531699
v 0.935355 -2.500000 5.538763
v 0.950000 -2.500000 5.550000
v 0.961237 -2.500000 5.564645
v 0.968301 -2.500000 5.581699
v 0.968301 -2.520000 5.581699
v 0.961237 -2.520000 5.564645
v 0.950000 -2.520000 5.550000
v 0.935355 -2.520000 5.538763
v 0.918301 -2.520000 5.531699
v 0.900000 -2.520000 5.529289
v 0.900000 -2.500000 3.970711
v 0.900000 -2.520000 3.970711
v 0.970711 -2.500000 3.900000
v 0.968301 -2.500000 3.918301
v 0.961237 -2.500000 3.935355
v 0.950000 -2.500000 3.950000
v 0.935355 -2.500000 3.961237
v 0.918301 -2.500000 3.968301
v 0.918301 -2.520000 3.968301
v 0.935355 -2.520000 3.961237
v 0.950000 -2.520000 3.950000
v 0.961237 -2.520000 3.935355
v 0.968301 -2.520000 3.918301
v 0.970711 -2.520000 3.900000
v 1.129289 -2.500000 3.900000
v 1.129289 -2.520000 3.900000
v 1.200000 -2.500000 3.970711
v 1.181699 -2.500000 3.968301
v 1.164645 -2.500000 3.961237
v 1.150000 -2.500000 3.950000
v 1.138763 -2.500000 3.935355
v 1.131699 -2.500000 3.918301
v 1.131699 -2.520000 3.918301
v 1.138763 -2.520000 3.935355
v 1.150000 -2.520000 3.950000
v 1.164645 -2.520000 3.961237
v 1.181699 -2.520000 3.968301
v 1.200000 -2.520000 3.970711
v 0.800000 -2.520000 3.800000
v 0.800000 -2.520000 5.700000
v 1.300000 -2.520000 5.700000
v 1.300000 -2.520000 3.800000
v 2.525000 -1.500000 6.000000
v 2.525000 -1.500000 6.400000
v 2.525000 -1.520000 6.400000
v 2.525000 -1.520000 6.000000
v 2.900000 -1.500000 6.000000
v 2.900000 -1.520000 6.000000
v 2.525000 -1.500000 5.900000
v 2.900000 -1.500000 5.900000
v 2.900000 -1.520000 5.900000
v 2.525000 -1.520000 5.900000
v 2.525000 -1.500000 4.600000
v 2.525000 -1.520000 4.600000
v 2.475000 -1.500000 5.900000
v 2.475000 -1.500000 4.600000
v 2.475000 -1.520000 4.600000
v 2.475000 -1.520000 5.900000
v 2.100000 -1.500000 5.900000
v 2.100000 -1.520000 5.900000
v 2.475000 -1.500000 6.000000
v 2.100000 -1.500000 6.000000
v 2.100000 -1.520000 6.000000
v 2.475000 -1.520000 6.000000
v 2.475000 -1.500000 6.400000
v 2.475000 -1.520000 6.400000
v 2.900000 -1.500000 4.600000
v 2.900000 -1.540000 4.600000
v 2.900000 -1.540000 6.400000
v 2.900000 -1.500000 6.400000
v 2.100000 -1.500000 4.600000
v 2.100000 -1.540000 4.600000
v 2.100000 -1.500000 6.400000
v 4.475000 -1.500000 3.500000
v 4.475000 -1.500000 2.600000
v 4.475000 -1.520000 2.600000
v 4.475000 -1.520000 3.500000
v 4.100000 -1.500000 3.500000
v 4.100000 -1.520000 3.500000
v 4.475000 -1.500000 3.600000
v 4.100000 -1.500000 3.600000
v 4.100000 -1.520000 3.600000
v 4.475000 -1.520000 3.600000
v 4.475000 -1.500000 3.900000
v 4.475000 -1.520000 3.900000
v 4.525000 -1.500000 3.600000
v 4.525000 -1.500000 3.900000
v 4.525000 -1.520000 3.900000
v 4.525000 -1.520000 3.600000
v 4.900000 -1.500000 3.600000
v 4.900000 -1.520000 3.600000
v 4.525000 -1.500000 3.500000
v 4.900000 -1.500000 3.500000
v 4.900000 -1.520000 3.500000
v 4.525000 -1.520000 3.500000
v 4.525000 -1.500000 2.600000
v 4.525000 -1.520000 2.600000
v 4.100000 -1.500000 3.900000
v 4.100000 -1.540000 3.900000
v 4.100000 -1.540000 2.600000
v 4.100000 -1.500000 2.600000
v 4.900000 -1.500000 3.900000
v 4.900000 -1.540000 3.900000
v 4.900000 -1.500000 2.600000
v 6.525000 -1.500000 1.500000
v 6.900000 -1.500000 1.500000
v 6.900000 -1.520000 1.500000
v 6.525000 -1.520000 1.500000
v 6.525000 -1.500000 0.600000
v 6.525000 -1.520000 0.600000
v 6.475000 -1.500000 1.500000
v 6.475000 -1.500000 0.600000
v 6.475000 -1.520000 0.600000
v 6.475000 -1.520000 1.500000
v 6.100000 -1.500000 1.500000
v 6.100000 -1.520000 1.500000
v 6.475000 -1.500000 1.600000
v 6.100000 -1.500000 1.600000
v 6.100000 -1.520000 1.600000
v 6.475000 -1.520000 1.600000
v 6.475000 -1.500000 1.900000
v 6.475000 -1.520000 1.900000
v 6.525000 -1.500000 1.600000
v 6.525000 -1.500000 1.900000
v 6.525000 -1.520000 1.900000
v 6.525000 -1.520000 1.600000
v 6.900000 -1.500000 1.600000
v 6.900000 -1.520000 1.600000
v 6.100000 -1.500000 0.600000
v 6.100000 -1.540000 0.600000
v 6.900000 -1.540000 0.600000
v 6.900000 -1.500000 0.600000
v 6.100000 -1.500000 1.900000
v 6.100000 -1.540000 1.900000
v 6.900000 -1.500000 1.900000
v 2.525000 -1.500000 3.500000
v 2.900000 -1.500000 3.500000
v 2.900000 -1.520000 3.500000
v 2.525000 -1.520000 3.500000
v 2.525000 -1.500000 2.600000
v 2.525000 -1.520000 2.600000
v 2.475000 -1.500000 3.500000
v 2.475000 -1.500000 2.600000
v 2.475000 -1.520000 2.600000
v 2.475000 -1.520000 3.500000
v 2.100000 -1.500000 3.500000
v 2.100000 -1.520000 3.500000
v 2.475000 -1.500000 3.600000
v 2.100000 -1.500000 3.600000
v 2.100000 -1.520000 3.600000
v 2.475000 -1.520000 3.600000
v 2.475000 -1.500000 3.900000
v 2.475000 -1.520000 3.900000
v 2.525000 -1.500000 3.600000
v 2.525000 -1.500000 3.900000
v 2.525000 -1.520000 3.900000
v 2.525000 -1.520000 3.600000
v 2.900000 -1.500000 3.600000
v 2.900000 -1.520000 3.600000
v 2.100000 -1.500000 2.600000
v 2.100000 -1.540000 2.600000
v 2.900000 -1.540000 2.600000
v 2.900000 -1.500000 2.600000
v 2.100000 -1.500000 3.900000
v 2.100000 -1.540000 3.900000
v 2.900000 -1.500000 3.900000
v 4.525000 -1.500000 6.000000
v 4.525000 -1.500000 6.400000
v 4.525000 -1.520000 6.400000
v 4.525000 -1.520000 6.000000
v 4.900000 -1.500000 6.000000
v 4.900000 -1.520000 6.000000
v 4.525000 -1.500000 5.900000
v 4.900000 -1.500000 5.900000
v 4.900000 -1.520000 5.900000
v 4.525000 -1.520000 5.900000
v 4.525000 -1.500000 4.600000
v 4.525000 -1.520000 4.600000
v 4.475000 -1.500000 5.900000
v 4.475000 -1.500000 4.600000
v 4.475000 -1.520000 4.600000
v 4.475000 -1.520000 5.900000
v 4.100000 -1.500000 5.900000
v 4.100000 -1.520000 5.900000
v 4.475000 -1.500000 6.000000
v 4.100000 -1.500000 6.000000
v 4.100000 -1.520000 6.000000
v 4.475000 -1.520000 6.000000
v 4.475000 -1.500000 6.400000
v 4.475000 -1.520000 6.400000
v 4.900000 -1.500000 4.600000
v 4.900000 -1.540000 4.600000
v 4.900000 -1.540000 6.400000
v 4.900000 -1.500000 6.400000
v 4.100000 -1.500000 4.600000
v 4.100000 -1.540000 4.600000
v 4.100000 -1.500000 6.400000
v 6.525000 -1.500000 2.600000
v 6.525000 -1.500000 3.500000
v 6.525000 -1.520000 3.500000
v 6.525000 -1.520000 2.600000
v 6.475000 -1.500000 3.500000
v 6.475000 -1.500000 2.600000
v 6.475000 -1.520000 2.600000
v 6.475000 -1.520000 3.500000
v 6.100000 -1.500000 3.500000
v 6.100000 -1.520000 3.500000
v 6.475000 -1.500000 3.600000
v 6.100000 -1.500000 3.600000
v 6.100000 -1.520000 3.600000
v 6.475000 -1.520000 3.600000
v 6.475000 -1.500000 3.900000
v 6.475000 -1.520000 3.900000
v 6.525000 -1.500000 3.600000
v 6.525000 -1.500000 3.900000
v 6.525000 -1.520000 3.900000
v 6.525000 -1.520000 3.600000
v 6.900000 -1.500000 3.600000
v 6.900000 -1.520000 3.600000
v 6.900000 -1.500000 3.500000
v 6.900000 -1.520000 3.500000
v 6.100000 -1.500000 3.900000
v 6.100000 -1.540000 3.900000
v 6.100000 -1.540000 2.600000
v 6.100000 -1.500000 2.600000
v 6.900000 -1.500000 3.900000
v 6.900000 -1.540000 3.900000
v 6.900000 -1.500000 2.600000
v 4.525000 -1.500000 1.600000
v 4.525000 -1.500000 1.900000
v 4.525000 -1.520000 1.900000
v 4.525000 -1.520000 1.600000
v 4.900000 -1.500000 1.600000
v 4.900000 -1.520000 1.600000
v 4.525000 -1.500000 1.500000
v 4.900000 -1.500000 1.500000
v 4.900000 -1.520000 1.500000
v 4.525000 -1.520000 1.500000
v 4.525000 -1.500000 0.600000
v 4.525000 -1.520000 0.600000
v 4.475000 -1.500000 1.500000
v 4.475000 -1.500000 0.600000
v 4.475000 -1.520000 0.600000
v 4.475000 -1.520000 1.500000
v 4.100000 -1.500000 1.500000
v 4.100000 -1.520000 1.500000
v 4.475000 -1.500000 1.600000
v 4.100000 -1.500000 1.600000
v 4.100000 -1.520000 1.600000
v 4.475000 -1.520000 1.600000
v 4.475000 -1.500000 1.900000
v 4.475000 -1.520000 1.900000
v 4.100000 -1.500000 0.600000
v 4.100000 -1.540000 0.600000
v 4.900000 -1.540000 0.600000
v 4.900000 -1.500000 0.600000
v 4.100000 -1.500000 1.900000
v 4.100000 -1.540000 1.900000
v 4.900000 -1.500000 1.900000
v 2.525000 -1.500000 1.600000
v 2.525000 -1.500000 1.900000
v 2.525000 -1.520000 1.900000
v 2.525000 -1.520000 1.600000
v 2.900000 -1.500000 1.600000
v 2.900000 -1.520000 1.600000
v 2.525000 -1.500000 1.500000
v 2.900000 -1.500000 1.500000
v 2.900000 -1.520000 1.500000
v 2.525000 -1.520000 1.500000
v 2.525000 -1.500000 0.600000
v 2.525000 -1.520000 0.600000
v 2.475000 -1.500000 1.500000
v 2.475000 -1.500000 0.600000
v 2.475000 -1.520000 0.600000
v 2.475000 -1.520000 1.500000
v 2.100000 -1.500000 1.500000
v 2.100000 -1.520000 1.500000
v 2.475000 -1.500000 1.600000
v 2.100000 -1.500000 1.600000
v 2.100000 -1.520000 1.600000
v 2.475000 -1.520000 1.600000
v 2.475000 -1.500000 1.900000
v 2.475000 -1.520000 1.900000
v 2.100000 -1.500000 0.600000
v 2.100000 -1.540000 0.600000
v 2.900000 -1.540000 0.600000
v 2.900000 -1.500000 0.600000
v 2.100000 -1.500000 1.900000
v 2.100000 -1.540000 1.900000
v 2.900000 -1.500000 1.900000
v 6.525000 -1.500000 6.000000
v 6.525000 -1.500000 6.400000
v 6.525000 -1.520000 6.400000
v 6.525000 -1.520000 6.000000
v 6.900000 -1.500000 6.000000
v 6.900000 -1.520000 6.000000
v 6.525000 -1.500000 5.900000
v 6.900000 -1.500000 5.900000
v 6.900000 -1.520000 5.900000
v 6.525000 -1.520000 5.900000
v 6.525000 -1.500000 4.600000
v 6.525000 -1.520000 4.600000
v 6.475000 -1.500000 5.900000
v 6.475000 -1.500000 4.600000
v 6.475000 -1.520000 4.600000
v 6.475000 -1.520000 5.900000
v 6.100000 -1.500000 5.900000
v 6.100000 -1.520000 5.900000
v 6.475000 -1.500000 6.000000
v 6.100000 -1.500000 6.000000
v 6.100000 -1.520000 6.000000
v 6.475000 -1.520000 6.000000
v 6.475000 -1.500000 6.400000
v 6.475000 -1.520000 6.400000
v 6.100000 -1.500000 4.600000
v 6.100000 -1.540000 4.600000
v 6.900000 -1.540000 4.600000
v 6.900000 -1.500000 4.600000
v 6.100000 -1.500000 6.400000
v 6.100000 -1.540000 6.400000
v 6.900000 -1.500000 6.400000
v -6.475000 -1.500000 6.000000
v -6.475000 -1.500000 6.400000
v -6.475000 -1.520000 6.400000
v -6.475000 -1.520000 6.000000
v -6.100000 -1.500000 6.000000
v -6.100000 -1.520000 6.000000
v -6.475000 -1.500000 5.900000
v -6.100000 -1.500000 5.900000
v -6.100000 -1.520000 5.900000
v -6.475000 -1.520000 5.900000
v -6.475000 -1.500000 4.600000
v -6.475000 -1.520000 4.600000
v -6.525000 -1.500000 5.900000
v -6.525000 -1.500000 4.600000
v -6.525000 -1.520000 4.600000
v -6.525000 -1.520000 5.900000
v -6.900000 -1.500000 5.900000
v -6.900000 -1.520000 5.900000
v -6.525000 -1.500000 6.000000
v -6.900000 -1.500000 6.000000
v -6.900000 -1.520000 6.000000
v -6.525000 -1.520000 6.000000
v -6.525000 -1.500000 6.400000
v -6.525000 -1.520000 6.400000
v -6.900000 -1.500000 4.600000
v -6.900000 -1.540000 4.600000
v -6.100000 -1.540000 4.600000
v -6.100000 -1.500000 4.600000
v -6.900000 -1.500000 6.400000
v -6.900000 -1.540000 6.400000
v -6.100000 -1.500000 6.400000
v -4.475000 -1.500000 2.600000
v -4.475000 -1.500000 3.500000
v -4.475000 -1.520000 3.500000
v -4.475000 -1.520000 2.600000
v -4.525000 -1.500000 3.500000
v -4.525000 -1.500000 2.600000
v -4.525000 -1.520000 2.600000
v -4.525000 -1.520000 3.500000
v -4.900000 -1.500000 3.500000
v -4.900000 -1.520000 3.500000
v -4.525000 -1.500000 3.600000
v -4.900000 -1.500000 3.600000
v -4.900000 -1.520000 3.600000
v -4.525000 -1.520000 3.600000
v -4.525000 -1.500000 3.900000
v -4.525000 -1.520000 3.900000
v -4.475000 -1.500000 3.600000
v -4.475000 -1.500000 3.900000
v -4.475000 -1.520000 3.900000
v -4.475000 -1.520000 3.600000
v -4.100000 -1.500000 3.600000
v -4.100000 -1.520000 3.600000
v -4.100000 -1.500000 3.500000
v -4.100000 -1.520000 3.500000
v -4.900000 -1.500000 3.900000
v -4.900000 -1.540000 3.900000
v -4.900000 -1.540000 2.600000
v -4.900000 -1.500000 2.600000
v -4.100000 -1.500000 3.900000
v -4.100000 -1.540000 3.900000
v -4.100000 -1.500000 2.600000
v -2.525000 -1.500000 1.500000
v -2.525000 -1.500000 0.600000
v -2.525000 -1.520000 0.600000
v -2.525000 -1.520000 1.500000
v -2.900000 -1.500000 1.500000
v -2.900000 -1.520000 1.500000
v -2.525000 -1.500000 1.600000
v -2.900000 -1.500000 1.600000
v -2.900000 -1.520000 1.600000
v -2.525000 -1.520000 1.600000
v -2.525000 -1.500000 1.900000
v -2.525000 -1.520000 1.900000
v -2.475000 -1.500000 1.600000
v -2.475000 -1.500000 1.900000
v -2.475000 -1.520000 1.900000
v -2.475000 -1.520000 1.600000
v -2.100000 -1.500000 1.600000
v -2.100000 -1.520000 1.600000
v -2.475000 -1.500000 1.500000
v -2.100000 -1.500000 1.500000
v -2.100000 -1.520000 1.500000
v -2.475000 -1.520000 1.500000
v -2.475000 -1.500000 0.600000
v -2.475000 -1.520000 0.600000
v -2.900000 -1.500000 1.900000
v -2.900000 -1.540000 1.900000
v -2.900000 -1.540000 0.600000
v -2.900000 -1.500000 0.600000
v -2.100000 -1.500000 1.900000
v -2.100000 -1.540000 1.900000
v -2.100000 -1.500000 0.600000
v -6.475000 -1.500000 2.600000
v -6.475000 -1.500000 3.500000
v -6.475000 -1.520000 3.500000
v -6.475000 -1.520000 2.600000
v -6.525000 -1.500000 3.500000
v -6.525000 -1.500000 2.600000
v -6.525000 -1.520000 2.600000
v -6.525000 -1.520000 3.500000
v -6.900000 -1.500000 3.500000
v -6.900000 -1.520000 3.500000
v -6.525000 -1.500000 3.600000
v -6.900000 -1.500000 3.600000
v -6.900000 -1.520000 3.600000
v -6.525000 -1.520000 3.600000
v -6.525000 -1.500000 3.900000
v -6.525000 -1.520000 3.900000
v -6.475000 -1.500000 3.600000
v -6.475000 -1.500000 3.900000
v -6.475000 -1.520000 3.900000
v -6.475000 -1.520000 3.600000
v -6.100000 -1.500000 3.600000
v -6.100000 -1.520000 3.600000
v -6.100000 -1.500000 3.500000
v -6.100000 -1.520000 3.500000
v -6.900000 -1.500000 3.900000
v -6.900000 -1.540000 3.900000
v -6.900000 -1.540000 2.600000
v -6.900000 -1.500000 2.600000
v -6.100000 -1.500000 3.900000
v -6.100000 -1.540000 3.900000
v -6.100000 -1.500000 2.600000
v -4.475000 -1.500000 6.000000
v -4.475000 -1.500000 6.400000
v -4.475000 -1.520000 6.400000
v -4.475000 -1.520000 6.000000
v -4.100000 -1.500000 6.000000
v -4.100000 -1.520000 6.000000
v -4.475000 -1.500000 5.900000
v -4.100000 -1.500000 5.900000
v -4.100000 -1.520000 5.900000
v -4.475000 -1.520000 5.900000
v -4.475000 -1.500000 4.600000
v -4.475000 -1.520000 4.600000
v -4.525000 -1.500000 5.900000
v -4.525000 -1.500000 4.600000
v -4.525000 -1.520000 4.600000
v -4.525000 -1.520000 5.900000
v -4.900000 -1.500000 5.900000
v -4.900000 -1.520000 5.900000
v -4.525000 -1.500000 6.000000
v -4.900000 -1.500000 6.000000
v -4.900000 -1.520000 6.000000
v -4.525000 -1.520000 6.000000
v -4.525000 -1.500000 6.400000
v -4.525000 -1.520000 6.400000
v -4.900000 -1.500000 4.600000
v -4.900000 -1.540000 4.600000
v -4.100000 -1.540000 4.600000
v -4.100000 -1.500000 4.600000
v -4.900000 -1.500000 6.400000
v -4.900000 -1.540000 6.400000
v -4.100000 -1.500000 6.400000
v -2.475000 -1.500000 2.600000
v -2.475000 -1.500000 3.500000
v -2.475000 -1.520000 3.500000
v -2.475000 -1.520000 2.600000
v -2.525000 -1.500000 3.500000
v -2.525000 -1.500000 2.600000
v -2.525000 -1.520000 2.600000
v -2.525000 -1.520000 3.500000
v -2.900000 -1.500000 3.500000
v -2.900000 -1.520000 3.500000
v -2.525000 -1.500000 3.600000
v -2.900000 -1.500000 3.600000
v -2.900000 -1.520000 3.600000
v -2.525000 -1.520000 3.600000
v -2.525000 -1.500000 3.900000
v -2.525000 -1.520000 3.900000
v -2.475000 -1.500000 3.600000
v -2.475000 -1.500000 3.900000
v -2.475000 -1.520000 3.900000
v -2.475000 -1.520000 3.600000
v -2.100000 -1.500000 3.600000
v -2.100000 -1.520000 3.600000
v -2.100000 -1.500000 3.500000
v -2.100000 -1.520000 3.500000
v -2.900000 -1.500000 3.900000
v -2.900000 -1.540000 3.900000
v -2.900000 -1.540000 2.600000
v -2.900000 -1.500000 2.600000
v -2.100000 -1.500000 3.900000
v -2.100000 -1.540000 3.900000
v -2.100000 -1.500000 2.600000
v -4.475000 -1.500000 1.500000
v -4.100000 -1.500000 1.500000
v -4.100000 -1.520000 1.500000
v -4.475000 -1.520000 1.500000
v -4.475000 -1.500000 0.600000
v -4.475000 -1.520000 0.600000
v -4.525000 -1.500000 1.500000
v -4.525000 -1.500000 0.600000
v -4.525000 -1.520000 0.600000
v -4.525000 -1.520000 1.500000
v -4.900000 -1.500000 1.500000
v -4.900000 -1.520000 1.500000
v -4.525000 -1.500000 1.600000
v -4.900000 -1.500000 1.600000
v -4.900000 -1.520000 1.600000
v -4.525000 -1.520000 1.600000
v -4.525000 -1.500000 1.900000
v -4.525000 -1.520000 1.900000
v -4.475000 -1.500000 1.600000
v -4.475000 -1.500000 1.900000
v -4.475000 -1.520000 1.900000
v -4.475000 -1.520000 1.600000
v -4.100000 -1.500000 1.600000
v -4.100000 -1.520000 1.600000
v -4.900000 -1.500000 1.900000
v -4.900000 -1.540000 1.900000
v -4.900000 -1.540000 0.600000
v -4.900000 -1.500000 0.600000
v -4.100000 -1.500000 1.900000
v -4.100000 -1.540000 1.900000
v -4.100000 -1.500000 0.600000
v -6.475000 -1.500000 1.500000
v -6.100000 -1.500000 1.500000
v -6.100000 -1.520000 1.500000
v -6.475000 -1.520000 1.500000
v -6.475000 -1.500000 0.600000
v -6.475000 -1.520000 0.600000
v -6.525000 -1.500000 1.500000
v -6.525000 -1.500000 0.600000
v -6.525000 -1.520000 0.600000
v -6.525000 -1.520000 1.500000
v -6.900000 -1.500000 1.500000
v -6.900000 -1.520000 1.500000
v -6.525000 -1.500000 1.600000
v -6.900000 -1.500000 1.600000
v -6.900000 -1.520000 1.600000
v -6.525000 -1.520000 1.600000
v -6.525000 -1.500000 1.900000
v -6.525000 -1.520000 1.900000
v -6.475000 -1.500000 1.600000
v -6.475000 -1.500000 1.900000
v -6.475000 -1.520000 1.900000
v -6.475000 -1.520000 1.600000
v -6.100000 -1.500000 1.600000
v -6.100000 -1.520000 1.600000
v -6.900000 -1.500000 1.900000
v -6.900000 -1.540000 1.900000
v -6.900000 -1.540000 0.600000
v -6.900000 -1.500000 0.600000
v -6.100000 -1.500000 1.900000
v -6.100000 -1.540000 1.900000
v -6.100000 -1.500000 0.600000
v -2.475000 -1.500000 6.000000
v -2.475000 -1.500000 6.400000
v -2.475000 -1.520000 6.400000
v -2.475000 -1.520000 6.000000
v -2.100000 -1.500000 6.000000
v -2.100000 -1.520000 6.000000
v -2.475000 -1.500000 5.900000
v -2.100000 -1.500000 5.900000
v -2.100000 -1.520000 5.900000
v -2.475000 -1.520000 5.900000
v -2.475000 -1.500000 4.600000
v -2.475000 -1.520000 4.600000
v -2.525000 -1.500000 5.900000
v -2.525000 -1.500000 4.600000
v -2.525000 -1.520000 4.600000
v -2.525000 -1.520000 5.900000
v -2.900000 -1.500000 5.900000
v -2.900000 -1.520000 5.900000
v -2.525000 -1.500000 6.000000
v -2.900000 -1.500000 6.000000
v -2.900000 -1.520000 6.000000
v -2.525000 -1.520000 6.000000
v -2.525000 -1.500000 6.400000
v -2.525000 -1.520000 6.400000
v -2.900000 -1.500000 4.600000
v -2.900000 -1.540000 4.600000
v -2.100000 -1.540000 4.600000
v -2.100000 -1.500000 4.600000
v -2.900000 -1.500000 6.400000
v -2.900000 -1.540000 6.400000
v -2.100000 -1.500000 6.400000
v -2.100000 -1.540000 0.600000
v -2.000000 -1.500000 0.500000
v -2.000000 -1.500000 2.000000
v -2.000000 -1.540000 2.000000
v -2.000000 -1.540000 0.500000
v -3.000000 -1.500000 0.500000
v -3.000000 -1.540000 0.500000
v -3.000000 -1.500000 2.000000
v -3.000000 -1.540000 2.000000
v -7.000000 -1.500000 2.000000
v -6.000000 -1.500000 2.000000
v -6.000000 -1.500000 0.500000
v -7.000000 -1.500000 0.500000
v -3.000000 -1.500000 2.500000
v -3.000000 -1.500000 4.000000
v -2.000000 -1.500000 4.000000
v -2.000000 -1.500000 2.500000
v -2.000000 -1.500000 6.500000
v -2.000000 -1.500000 4.500000
v -3.000000 -1.500000 4.500000
v -3.000000 -1.500000 6.500000
v -4.000000 -1.500000 6.500000
v -4.000000 -1.500000 4.500000
v -5.000000 -1.500000 4.500000
v -5.000000 -1.500000 6.500000
v -6.000000 -1.500000 6.500000
v -6.000000 -1.500000 4.500000
v -7.000000 -1.500000 4.500000
v -7.000000 -1.500000 6.500000
v -7.500000 -1.500000 6.500000
v -7.500000 -1.500000 0.000000
v -1.500000 -1.500000 0.000000
v -1.500000 -1.500000 6.500000
v -5.000000 -1.500000 2.500000
v -5.000000 -1.500000 4.000000
v -4.000000 -1.500000 4.000000
v -4.000000 -1.500000 2.500000
v -7.000000 -1.500000 2.500000
v -7.000000 -1.500000 4.000000
v -6.000000 -1.500000 4.000000
v -6.000000 -1.500000 2.500000
v -4.000000 -1.500000 2.000000
v -4.000000 -1.500000 0.500000
v -5.000000 -1.500000 0.500000
v -5.000000 -1.500000 2.000000
v -6.100000 -1.540000 0.600000
v -7.000000 -1.540000 2.000000
v -6.000000 -1.540000 2.000000
v -6.000000 -1.540000 0.500000
v -7.000000 -1.540000 0.500000
v -2.100000 -1.540000 6.400000
v -3.000000 -1.540000 4.500000
v -3.000000 -1.540000 6.500000
v -2.000000 -1.540000 6.500000
v -2.000000 -1.540000 4.500000
v 2.100000 -1.540000 6.400000
v 3.000000 -1.500000 6.500000
v 2.000000 -1.500000 6.500000
v 2.000000 -1.540000 6.500000
v 3.000000 -1.540000 6.500000
v 3.000000 -1.500000 4.500000
v 3.000000 -1.540000 4.500000
v 2.000000 -1.500000 4.500000
v 2.000000 -1.540000 4.500000
v 3.000000 -1.500000 0.500000
v 2.000000 -1.500000 0.500000
v 2.000000 -1.500000 2.000000
v 3.000000 -1.500000 2.000000
v 6.000000 -1.500000 4.000000
v 7.000000 -1.500000 4.000000
v 7.000000 -1.500000 2.500000
v 6.000000 -1.500000 2.500000
v 7.000000 -1.500000 0.500000
v 6.000000 -1.500000 0.500000
v 6.000000 -1.500000 2.000000
v 7.000000 -1.500000 2.000000
v 3.000000 -1.500000 2.500000
v 2.000000 -1.500000 2.500000
v 2.000000 -1.500000 4.000000
v 3.000000 -1.500000 4.000000
v 5.000000 -1.500000 2.500000
v 4.000000 -1.500000 2.500000
v 4.000000 -1.500000 4.000000
v 5.000000 -1.500000 4.000000
v 1.500000 -1.500000 6.500000
v 1.500000 -1.500000 0.000000
v 7.500000 -1.500000 0.000000
v 7.500000 -1.500000 6.500000
v 7.000000 -1.500000 6.500000
v 7.000000 -1.500000 4.500000
v 6.000000 -1.500000 4.500000
v 6.000000 -1.500000 6.500000
v 5.000000 -1.500000 6.500000
v 5.000000 -1.500000 4.500000
v 4.000000 -1.500000 4.500000
v 4.000000 -1.500000 6.500000
v 5.000000 -1.500000 2.000000
v 5.000000 -1.500000 0.500000
v 4.000000 -1.500000 0.500000
v 4.000000 -1.500000 2.000000
v 2.900000 -1.540000 1.900000
v 3.000000 -1.540000 0.500000
v 2.000000 -1.540000 0.500000
v 2.000000 -1.540000 2.000000
v 3.000000 -1.540000 2.000000
v 4.900000 -1.540000 1.900000
v 5.000000 -1.540000 2.000000
v 5.000000 -1.540000 0.500000
v 4.000000 -1.540000 0.500000
v 4.000000 -1.540000 2.000000
v 4.100000 -1.540000 6.400000
v 5.000000 -1.540000 6.500000
v 5.000000 -1.540000 4.500000
v 4.000000 -1.540000 4.500000
v 4.000000 -1.540000 6.500000
v -4.100000 -1.540000 6.400000
v -5.000000 -1.540000 4.500000
v -5.000000 -1.540000 6.500000
v -4.000000 -1.540000 6.500000
v -4.000000 -1.540000 4.500000
v -4.100000 -1.540000 0.600000
v -4.000000 -1.540000 2.000000
v -4.000000 -1.540000 0.500000
v -5.000000 -1.540000 0.500000
v -5.000000 -1.540000 2.000000
v -2.100000 -1.540000 2.600000
v -3.000000 -1.540000 2.500000
v -3.000000 -1.540000 4.000000
v -2.000000 -1.540000 4.000000
v -2.000000 -1.540000 2.500000
v -6.100000 -1.540000 2.600000
v -7.000000 -1.540000 2.500000
v -7.000000 -1.540000 4.000000
v -6.000000 -1.540000 4.000000
v -6.000000 -1.540000 2.500000
v 6.900000 -1.540000 2.600000
v 6.000000 -1.540000 4.000000
v 7.000000 -1.540000 4.000000
v 7.000000 -1.540000 2.500000
v 6.000000 -1.540000 2.500000
v 4.900000 -1.540000 2.600000
v 5.000000 -1.540000 2.500000
v 4.000000 -1.540000 2.500000
v 4.000000 -1.540000 4.000000
v 5.000000 -1.540000 4.000000
v 6.900000 -1.540000 1.900000
v 7.000000 -1.540000 0.500000
v 6.000000 -1.540000 0.500000
v 6.000000 -1.540000 2.000000
v 7.000000 -1.540000 2.000000
v 2.900000 -1.540000 3.900000
v 3.000000 -1.540000 2.500000
v 2.000000 -1.540000 2.500000
v 2.000000 -1.540000 4.000000
v 3.000000 -1.540000 4.000000
v 6.900000 -1.540000 6.400000
v 6.000000 -1.540000 4.500000
v 6.000000 -1.540000 6.500000
v 7.000000 -1.540000 6.500000
v 7.000000 -1.540000 4.500000
v -6.100000 -1.540000 6.400000
v -7.000000 -1.540000 4.500000
v -7.000000 -1.540000 6.500000
v -6.000000 -1.540000 6.500000
v -6.000000 -1.540000 4.500000
v -4.100000 -1.540000 2.600000
v -5.000000 -1.540000 2.500000
v -5.000000 -1.540000 4.000000
v -4.000000 -1.540000 4.000000
v -4.000000 -1.540000 2.500000
v 0.320000 1.320000 9.700000
v -0.320000 1.320000 9.700000
v -0.350000 1.350000 9.730000
v 0.350000 1.350000 9.730000
v -0.320000 0.680000 9.700000
v 0.320000 0.680000 9.700000
v 0.350000 0.650000 9.730000
v -0.350000 0.650000 9.730000
v -0.350000 0.650000 9.790160
v -0.350000 0.661598 9.799133
v -0.350000 0.672882 9.805722
v -0.350000 0.683546 9.809748
v -0.350000 0.693301 9.811103
v -0.350000 1.306699 9.811103
v -0.350000 1.316454 9.809748
v -0.350000 1.327118 9.805722
v -0.350000 1.338402 9.799133
v -0.350000 1.350000 9.790160
v 0.350000 0.650000 9.790160
v 0.338402 0.650000 9.799133
v 0.327118 0.650000 9.805722
v 0.316454 0.650000 9.809748
v 0.306699 0.650000 9.811103
v -0.306699 0.650000 9.811103
v -0.316454 0.650000 9.809748
v -0.327118 0.650000 9.805722
v -0.338402 0.650000 9.799133
v -0.300000 0.700000 9.700000
v 0.300000 0.700000 9.700000
v 0.300000 1.300000 9.700000
v -0.300000 1.300000 9.700000
v 0.550000 1.550000 9.000000
v -0.550000 1.550000 9.000000
v -0.600000 1.600000 9.050000
v 0.600000 1.600000 9.050000
v -0.550000 0.450000 9.000000
v 0.550000 0.450000 9.000000
v 0.600000 0.400000 9.050000
v -0.600000 0.400000 9.050000
v -0.600000 0.400000 9.200000
v -0.600000 1.600000 9.200000
v 0.600000 0.400000 9.200000
v -0.500000 1.500000 9.000000
v -0.500000 0.500000 9.000000
v 0.500000 0.500000 9.000000
v 0.500000 1.500000 9.000000
v -0.850000 -2.400000 0.700000
v -0.850000 -2.400000 1.800000
v -0.850000 -2.440000 1.800000
v -0.850000 -2.440000 0.700000
v -0.520000 -2.400000 0.700000
v -0.520000 -2.440000 0.700000
v -0.520000 -2.400000 1.800000
v -0.520000 -2.440000 1.800000
v 0.480000 -2.400000 1.800000
v 0.480000 -2.400000 0.700000
v 0.480000 -2.440000 0.700000
v 0.480000 -2.440000 1.800000
v 0.020000 -2.400000 1.800000
v 0.020000 -2.440000 1.800000
v 0.020000 -2.400000 0.700000
v 0.020000 -2.440000 0.700000
v -0.480000 -2.400000 0.700000
v -0.480000 -2.400000 1.800000
v -0.480000 -2.440000 1.800000
v -0.480000 -2.440000 0.700000
v -0.020000 -2.400000 0.700000
v -0.020000 -2.440000 0.700000
v -0.020000 -2.400000 1.800000
v -0.020000 -2.440000 1.800000
v 0.520000 -2.400000 0.700000
v 0.520000 -2.400000 1.800000
v 0.520000 -2.440000 1.800000
v 0.520000 -2.440000 0.700000
v 0.850000 -2.400000 0.700000
v 0.850000 -2.440000 0.700000
v 0.850000 -2.400000 1.800000
v 0.850000 -2.440000 1.800000
v 0.480000 -2.400000 1.900000
v 0.020000 -2.400000 1.900000
v 0.020000 -2.440000 1.900000
v 0.480000 -2.440000 1.900000
v 0.480000 -2.400000 2.233892
v 0.480000 -2.440000 2.233892
v 0.520000 -2.400000 1.900000
v 0.520000 -2.400000 2.221963
v 0.520000 -2.440000 2.221963
v 0.520000 -2.440000 1.900000
v 0.850000 -2.400000 1.900000
v 0.850000 -2.440000 1.900000
v 0.850000 -2.400000 2.116613
v 0.850000 -2.440000 2.116613
v -0.850000 -2.400000 1.900000
v -0.850000 -2.400000 2.116613
v -0.850000 -2.440000 2.116613
v -0.850000 -2.440000 1.900000
v -0.520000 -2.400000 1.900000
v -0.520000 -2.440000 1.900000
v -0.520000 -2.400000 2.221963
v -0.520000 -2.440000 2.221963
v -0.480000 -2.400000 1.900000
v -0.480000 -2.400000 2.233892
v -0.480000 -2.440000 2.233892
v -0.480000 -2.440000 1.900000
v -0.020000 -2.400000 1.900000
v -0.020000 -2.440000 1.900000
v -0.020000 -2.400000 2.324778
v -0.020000 -2.440000 2.324778
v 0.020000 -2.400000 2.324778
v 0.020000 -2.440000 2.324778
v -0.900000 -2.440000 2.100000
v -0.900000 -2.440000 0.400000
v 0.900000 -2.440000 0.400000
v 0.900000 -2.440000 2.100000
v -0.900000 -3.400000 0.400000
v 0.900000 -3.400000 0.400000
v -0.196697 -2.400000 2.305241
v -0.314177 -2.400000 2.279403
v -0.657348 -2.400000 2.179296
v 0.314177 -2.400000 2.279403
v 0.196697 -2.400000 2.305241
v -0.250000 -2.520000 7.350000
v -0.243185 -2.520000 7.401764
v -0.223205 -2.520000 7.450000
v -0.191421 -2.520000 7.491421
v -0.150000 -2.520000 7.523205
v -0.101764 -2.520000 7.543185
v -0.050000 -2.520000 7.550000
v 0.001764 -2.520000 7.543185
v 0.050000 -2.520000 7.523205
v 0.091421 -2.520000 7.491421
v 0.123205 -2.520000 7.450000
v 0.143185 -2.520000 7.401764
v 0.150000 -2.520000 7.350000
v 0.143185 -2.520000 7.298236
v 0.123205 -2.520000 7.250000
v 0.091421 -2.520000 7.208579
v 0.050000 -2.520000 7.176795
v 0.001764 -2.520000 7.156815
v -0.050000 -2.520000 7.150000
v -0.101764 -2.520000 7.156815
v -0.150000 -2.520000 7.176795
v -0.191421 -2.520000 7.208579
v -0.223205 -2.520000 7.250000
v -0.243185 -2.520000 7.298236
v -0.229000 -2.520000 7.350000
v -0.222901 -2.520000 7.396329
v -0.205019 -2.520000 7.439500
v -0.176572 -2.520000 7.476572
v -0.139500 -2.520000 7.505019
v -0.096329 -2.520000 7.522901
v -0.050000 -2.520000 7.529000
v -0.003671 -2.520000 7.522901
v 0.039500 -2.520000 7.505019
v 0.076572 -2.520000 7.476572
v 0.105019 -2.520000 7.439500
v 0.122901 -2.520000 7.396329
v 0.129000 -2.520000 7.350000
v 0.122901 -2.520000 7.303671
v 0.105019 -2.520000 7.260500
v 0.076572 -2.520000 7.223428
v 0.039500 -2.520000 7.194981
v -0.003671 -2.520000 7.177099
v -0.050000 -2.520000 7.171000
v -0.096329 -2.520000 7.177099
v -0.139500 -2.520000 7.194981
v -0.176572 -2.520000 7.223428
v -0.205019 -2.520000 7.260500
v -0.222901 -2.520000 7.303671
v -0.022106 -2.480000 7.342107
v 0.072627 -2.480000 7.423743
v 0.041046 -2.480000 7.460390
v -0.061004 -2.480000 7.372448
v -0.066422 -2.480000 7.368850
v -0.070729 -2.480000 7.363975
v -0.073632 -2.480000 7.358155
v -0.074936 -2.480000 7.351783
v -0.074552 -2.480000 7.345290
v -0.072506 -2.480000 7.339116
v -0.068937 -2.480000 7.333679
v -0.064086 -2.480000 7.329346
v -0.058282 -2.480000 7.326412
v -0.051917 -2.480000 7.325074
v -0.045422 -2.480000 7.325423
v 0.012506 -2.480000 7.267495
v 0.032506 -2.480000 7.287495
v -0.061004 -2.450000 7.372448
v -0.066422 -2.450000 7.368850
v -0.070729 -2.450000 7.363975
v -0.073632 -2.450000 7.358155
v -0.074936 -2.450000 7.351783
v -0.074552 -2.450000 7.345290
v -0.072506 -2.450000 7.339116
v -0.068937 -2.450000 7.333679
v -0.064086 -2.450000 7.329346
v -0.058282 -2.450000 7.326412
v -0.051917 -2.450000 7.325074
v -0.045422 -2.450000 7.325423
v 0.041046 -2.450000 7.460390
v 0.072627 -2.450000 7.423743
v -0.022106 -2.450000 7.342107
v 0.350000 -2.450000 7.600000
v -0.450000 -2.450000 7.600000
v -0.448074 -2.450000 7.619604
v -0.442314 -2.450000 7.639018
v -0.432776 -2.450000 7.658057
v -0.419552 -2.450000 7.676537
v -0.382588 -2.450000 7.711114
v -0.332843 -2.450000 7.741421
v -0.203073 -2.450000 7.784776
v -0.050000 -2.450000 7.800000
v 0.103073 -2.450000 7.784776
v 0.232843 -2.450000 7.741421
v 0.282588 -2.450000 7.711114
v 0.319552 -2.450000 7.676537
v 0.332776 -2.450000 7.658057
v 0.342314 -2.450000 7.639018
v 0.348074 -2.450000 7.619604
v 0.032506 -2.450000 7.287495
v 0.012506 -2.450000 7.267495
v -0.229000 -2.450000 7.350000
v -0.222901 -2.450000 7.396329
v -0.205019 -2.450000 7.439500
v -0.176572 -2.450000 7.476572
v -0.139500 -2.450000 7.505019
v -0.096329 -2.450000 7.522901
v -0.050000 -2.450000 7.529000
v -0.003671 -2.450000 7.522901
v 0.039500 -2.450000 7.505019
v 0.076572 -2.450000 7.476572
v 0.105019 -2.450000 7.439500
v 0.122901 -2.450000 7.396329
v 0.129000 -2.450000 7.350000
v 0.122901 -2.450000 7.303671
v 0.105019 -2.450000 7.260500
v 0.076572 -2.450000 7.223428
v 0.039500 -2.450000 7.194981
v -0.003671 -2.450000 7.177099
v -0.050000 -2.450000 7.171000
v -0.096329 -2.450000 7.177099
v -0.139500 -2.450000 7.194981
v -0.176572 -2.450000 7.223428
v -0.205019 -2.450000 7.260500
v -0.222901 -2.450000 7.303671
v 6.850000 2.750000 7.960000
v 6.846593 2.775882 7.960000
v 6.836603 2.800000 7.960000
v 6.820711 2.820711 7.960000
v 6.800000 2.836603 7.960000
v 6.775882 2.846593 7.960000
v 6.750000 2.850000 7.960000
v 6.724118 2.846593 7.960000
v 6.700000 2.836603 7.960000
v 6.679290 2.820711 7.960000
v 6.663398 2.800000 7.960000
v 6.653408 2.775882 7.960000
v 6.650000 2.750000 7.960000
v 6.653408 2.724118 7.960000
v 6.663398 2.700000 7.960000
v 6.679290 2.679289 7.960000
v 6.700000 2.663398 7.960000
v 6.724118 2.653407 7.960000
v 6.750000 2.650000 7.960000
v 6.775882 2.653407 7.960000
v 6.800000 2.663398 7.960000
v 6.820711 2.679289 7.960000
v 6.836603 2.700000 7.960000
v 6.846593 2.724118 7.960000
v 6.810000 2.750000 8.000000
v 6.807956 2.734471 8.000000
v 6.801962 2.720000 8.000000
v 6.792427 2.707574 8.000000
v 6.780000 2.698039 8.000000
v 6.765529 2.692045 8.000000
v 6.750000 2.690000 8.000000
v 6.734471 2.692045 8.000000
v 6.720000 2.698039 8.000000
v 6.707574 2.707574 8.000000
v 6.698039 2.720000 8.000000
v 6.692045 2.734471 8.000000
v 6.690000 2.750000 8.000000
v 6.692045 2.765529 8.000000
v 6.698039 2.780000 8.000000
v 6.707574 2.792426 8.000000
v 6.720000 2.801962 8.000000
v 6.734471 2.807956 8.000000
v 6.750000 2.810000 8.000000
v 6.765529 2.807956 8.000000
v 6.780000 2.801962 8.000000
v 6.792427 2.792426 8.000000
v 6.801962 2.780000 8.000000
v 6.807956 2.765529 8.000000
v 6.651363 2.750000 7.970353
v 6.655359 2.750000 7.980000
v 6.661716 2.750000 7.988284
v 6.670000 2.750000 7.994641
v 6.679647 2.750000 7.998637
v 6.845276 2.775529 7.970353
v 6.841416 2.774495 7.980000
v 6.835276 2.772850 7.988284
v 6.827274 2.770706 7.994641
v 6.817956 2.768209 7.998637
v 6.820353 2.750000 7.998637
v 6.830000 2.750000 7.994641
v 6.838284 2.750000 7.988284
v 6.844641 2.750000 7.980000
v 6.848637 2.750000 7.970353
v 6.835422 2.799319 7.970353
v 6.831962 2.797321 7.980000
v 6.826457 2.794142 7.988284
v 6.819282 2.790000 7.994641
v 6.810927 2.785176 7.998637
v 6.819747 2.819747 7.970353
v 6.816922 2.816921 7.980000
v 6.812427 2.812426 7.988284
v 6.806569 2.806569 7.994641
v 6.799747 2.799747 7.998637
v 6.799319 2.835422 7.970353
v 6.797321 2.831962 7.980000
v 6.794142 2.826456 7.988284
v 6.790000 2.819282 7.994641
v 6.785177 2.810927 7.998637
v 6.775529 2.845276 7.970353
v 6.774495 2.841416 7.980000
v 6.772850 2.835276 7.988284
v 6.770706 2.827274 7.994641
v 6.768209 2.817956 7.998637
v 6.750000 2.848637 7.970353
v 6.750000 2.844641 7.980000
v 6.750000 2.838284 7.988284
v 6.750000 2.830000 7.994641
v 6.750000 2.820353 7.998637
v 6.724471 2.845276 7.970353
v 6.725505 2.841416 7.980000
v 6.727151 2.835276 7.988284
v 6.729295 2.827274 7.994641
v 6.731792 2.817956 7.998637
v 6.700682 2.835422 7.970353
v 6.702680 2.831962 7.980000
v 6.705858 2.826456 7.988284
v 6.710000 2.819282 7.994641
v 6.714824 2.810927 7.998637
v 6.680253 2.819747 7.970353
v 6.683079 2.816921 7.980000
v 6.687574 2.812426 7.988284
v 6.693432 2.806569 7.994641
v 6.700253 2.799747 7.998637
v 6.664578 2.799319 7.970353
v 6.668039 2.797321 7.980000
v 6.673544 2.794142 7.988284
v 6.680718 2.790000 7.994641
v 6.689073 2.785176 7.998637
v 6.654724 2.775529 7.970353
v 6.658584 2.774495 7.980000
v 6.664724 2.772850 7.988284
v 6.672726 2.770706 7.994641
v 6.682045 2.768209 7.998637
v 6.654724 2.724471 7.970353
v 6.658584 2.725505 7.980000
v 6.664724 2.727150 7.988284
v 6.672726 2.729295 7.994641
v 6.682045 2.731791 7.998637
v 6.664578 2.700682 7.970353
v 6.668039 2.702680 7.980000
v 6.673544 2.705858 7.988284
v 6.680718 2.710000 7.994641
v 6.689073 2.714824 7.998637
v 6.680253 2.680253 7.970353
v 6.683079 2.683079 7.980000
v 6.687574 2.687574 7.988284
v 6.693432 2.693432 7.994641
v 6.700253 2.700253 7.998637
v 6.700682 2.664578 7.970353
v 6.702680 2.668039 7.980000
v 6.705858 2.673544 7.988284
v 6.710000 2.680718 7.994641
v 6.714824 2.689073 7.998637
v 6.724471 2.654724 7.970353
v 6.725505 2.658584 7.980000
v 6.727151 2.664724 7.988284
v 6.729295 2.672726 7.994641
v 6.731792 2.682045 7.998637
v 6.750000 2.651363 7.970353
v 6.750000 2.655359 7.980000
v 6.750000 2.661716 7.988284
v 6.750000 2.670000 7.994641
v 6.750000 2.679647 7.998637
v 6.775529 2.654724 7.970353
v 6.774495 2.658584 7.980000
v 6.772850 2.664724 7.988284
v 6.770706 2.672726 7.994641
v 6.768209 2.682045 7.998637
v 6.799319 2.664578 7.970353
v 6.797321 2.668039 7.980000
v 6.794142 2.673544 7.988284
v 6.790000 2.680718 7.994641
v 6.785177 2.689073 7.998637
v 6.819747 2.680253 7.970353
v 6.816922 2.683079 7.980000
v 6.812427 2.687574 7.988284
v 6.806569 2.693432 7.994641
v 6.799747 2.700253 7.998637
v 6.835422 2.700682 7.970353
v 6.831962 2.702680 7.980000
v 6.826457 2.705858 7.988284
v 6.819282 2.710000 7.994641
v 6.810927 2.714824 7.998637
v 6.845276 2.724471 7.970353
v 6.841416 2.725505 7.980000
v 6.835276 2.727150 7.988284
v 6.827274 2.729295 7.994641
v 6.817956 2.731791 7.998637
v 6.650000 2.750000 7.837081
v 6.653408 2.724118 7.837081
v 6.663398 2.700000 7.837081
v 6.679290 2.679289 7.837081
v 6.700000 2.663398 7.837081
v 6.724118 2.653407 7.837081
v 6.750000 2.650000 7.837081
v 6.775882 2.653407 7.837081
v 6.800000 2.663398 7.837081
v 6.820711 2.679289 7.837081
v 6.836603 2.700000 7.837081
v 6.846593 2.724118 7.837081
v 6.850000 2.750000 7.837081
v 6.846593 2.775882 7.837081
v 6.836603 2.800000 7.837081
v 6.820711 2.820711 7.837081
v 6.800000 2.836603 7.837081
v 6.775882 2.846593 7.837081
v 6.750000 2.850000 7.837081
v 6.724118 2.846593 7.837081
v 6.700000 2.836603 7.837081
v 6.679290 2.820711 7.837081
v 6.663398 2.800000 7.837081
v 6.653408 2.775882 7.837081
v 6.675000 2.750000 7.800000
v 6.677556 2.730589 7.800000
v 6.685048 2.712500 7.800000
v 6.696967 2.696967 7.800000
v 6.712500 2.685048 7.800000
v 6.730589 2.677556 7.800000
v 6.750000 2.675000 7.800000
v 6.769412 2.677556 7.800000
v 6.787500 2.685048 7.800000
v 6.803033 2.696967 7.800000
v 6.814952 2.712500 7.800000
v 6.822445 2.730589 7.800000
v 6.825000 2.750000 7.800000
v 6.822445 2.769411 7.800000
v 6.814952 2.787500 7.800000
v 6.803033 2.803033 7.800000
v 6.787500 2.814952 7.800000
v 6.769412 2.822445 7.800000
v 6.750000 2.825000 7.800000
v 6.730589 2.822445 7.800000
v 6.712500 2.814952 7.800000
v 6.696967 2.803033 7.800000
v 6.685048 2.787500 7.800000
v 6.677556 2.769411 7.800000
v 6.666704 2.750000 7.804565
v 6.659714 2.750000 7.810952
v 6.654420 2.750000 7.818803
v 6.651121 2.750000 7.827679
v 6.669542 2.728441 7.804565
v 6.662790 2.726632 7.810952
v 6.657677 2.725262 7.818803
v 6.654490 2.724408 7.827679
v 6.677864 2.708352 7.804565
v 6.671810 2.704857 7.810952
v 6.667226 2.702210 7.818803
v 6.664368 2.700560 7.827679
v 6.691101 2.691101 7.804565
v 6.686158 2.686158 7.810952
v 6.682415 2.682415 7.818803
v 6.680082 2.680082 7.827679
v 6.708352 2.677864 7.804565
v 6.704857 2.671810 7.810952
v 6.702210 2.667226 7.818803
v 6.700561 2.664368 7.827679
v 6.728442 2.669542 7.804565
v 6.726632 2.662790 7.810952
v 6.725262 2.657677 7.818803
v 6.724408 2.654490 7.827679
v 6.750000 2.666704 7.804565
v 6.750000 2.659714 7.810952
v 6.750000 2.654420 7.818803
v 6.750000 2.651121 7.827679
v 6.771559 2.669542 7.804565
v 6.773368 2.662790 7.810952
v 6.774738 2.657677 7.818803
v 6.775592 2.654490 7.827679
v 6.791648 2.677864 7.804565
v 6.795143 2.671810 7.810952
v 6.797790 2.667226 7.818803
v 6.799440 2.664368 7.827679
v 6.808899 2.691101 7.804565
v 6.813842 2.686158 7.810952
v 6.817585 2.682415 7.818803
v 6.819918 2.680082 7.827679
v 6.822137 2.708352 7.804565
v 6.828191 2.704857 7.810952
v 6.832775 2.702210 7.818803
v 6.835632 2.700560 7.827679
v 6.830458 2.728441 7.804565
v 6.837210 2.726632 7.810952
v 6.842323 2.725262 7.818803
v 6.845510 2.724408 7.827679
v 6.833296 2.750000 7.804565
v 6.840287 2.750000 7.810952
v 6.845580 2.750000 7.818803
v 6.848879 2.750000 7.827679
v 6.830458 2.771559 7.804565
v 6.837210 2.773368 7.810952
v 6.842323 2.774738 7.818803
v 6.845510 2.775592 7.827679
v 6.822137 2.791648 7.804565
v 6.828191 2.795143 7.810952
v 6.832775 2.797790 7.818803
v 6.835632 2.799440 7.827679
v 6.808899 2.808899 7.804565
v 6.813842 2.813842 7.810952
v 6.817585 2.817585 7.818803
v 6.819918 2.819918 7.827679
v 6.791648 2.822136 7.804565
v 6.795143 2.828190 7.810952
v 6.797790 2.832775 7.818803
v 6.799440 2.835632 7.827679
v 6.771559 2.830458 7.804565
v 6.773368 2.837210 7.810952
v 6.774738 2.842323 7.818803
v 6.775592 2.845510 7.827679
v 6.750000 2.833296 7.804565
v 6.750000 2.840287 7.810952
v 6.750000 2.845580 7.818803
v 6.750000 2.848879 7.827679
v 6.728442 2.830458 7.804565
v 6.726632 2.837210 7.810952
v 6.725262 2.842323 7.818803
v 6.724408 2.845510 7.827679
v 6.708352 2.822136 7.804565
v 6.704857 2.828190 7.810952
v 6.702210 2.832775 7.818803
v 6.700561 2.835632 7.827679
v 6.691101 2.808899 7.804565
v 6.686158 2.813842 7.810952
v 6.682415 2.817585 7.818803
v 6.680082 2.819918 7.827679
v 6.677864 2.791648 7.804565
v 6.671810 2.795143 7.810952
v 6.667226 2.797790 7.818803
v 6.664368 2.799440 7.827679
v 6.669542 2.771559 7.804565
v 6.662790 2.773368 7.810952
v 6.657677 2.774738 7.818803
v 6.654490 2.775592 7.827679
v 6.850000 -0.750000 7.960000
v 6.846593 -0.724118 7.960000
v 6.836603 -0.700000 7.960000
v 6.820711 -0.679289 7.960000
v 6.800000 -0.663397 7.960000
v 6.775882 -0.653407 7.960000
v 6.750000 -0.650000 7.960000
v 6.724118 -0.653407 7.960000
v 6.700000 -0.663397 7.960000
v 6.679290 -0.679289 7.960000
v 6.663398 -0.700000 7.960000
v 6.653408 -0.724118 7.960000
v 6.650000 -0.750000 7.960000
v 6.653408 -0.775882 7.960000
v 6.663398 -0.800000 7.960000
v 6.679290 -0.820711 7.960000
v 6.700000 -0.836603 7.960000
v 6.724118 -0.846593 7.960000
v 6.750000 -0.850000 7.960000
v 6.775882 -0.846593 7.960000
v 6.800000 -0.836603 7.960000
v 6.820711 -0.820711 7.960000
v 6.836603 -0.800000 7.960000
v 6.846593 -0.775882 7.960000
v 6.810000 -0.750000 8.000000
v 6.807956 -0.765529 8.000000
v 6.801962 -0.780000 8.000000
v 6.792427 -0.792426 8.000000
v 6.780000 -0.801962 8.000000
v 6.765529 -0.807956 8.000000
v 6.750000 -0.810000 8.000000
v 6.734471 -0.807956 8.000000
v 6.720000 -0.801962 8.000000
v 6.707574 -0.792426 8.000000
v 6.698039 -0.780000 8.000000
v 6.692045 -0.765529 8.000000
v 6.690000 -0.750000 8.000000
v 6.692045 -0.734471 8.000000
v 6.698039 -0.720000 8.000000
v 6.707574 -0.707574 8.000000
v 6.720000 -0.698038 8.000000
v 6.734471 -0.692044 8.000000
v 6.750000 -0.690000 8.000000
v 6.765529 -0.692044 8.000000
v 6.780000 -0.698038 8.000000
v 6.792427 -0.707574 8.000000
v 6.801962 -0.720000 8.000000
v 6.807956 -0.734471 8.000000
v 6.651363 -0.750000 7.970353
v 6.655359 -0.750000 7.980000
v 6.661716 -0.750000 7.988284
v 6.670000 -0.750000 7.994641
v 6.679647 -0.750000 7.998637
v 6.845276 -0.724471 7.970353
v 6.841416 -0.725505 7.980000
v 6.835276 -0.727150 7.988284
v 6.827274 -0.729294 7.994641
v 6.817956 -0.731791 7.998637
v 6.820353 -0.750000 7.998637
v 6.830000 -0.750000 7.994641
v 6.838284 -0.750000 7.988284
v 6.844641 -0.750000 7.980000
v 6.848637 -0.750000 7.970353
v 6.835422 -0.700681 7.970353
v 6.831962 -0.702679 7.980000
v 6.826457 -0.705858 7.988284
v 6.819282 -0.710000 7.994641
v 6.810927 -0.714824 7.998637
v 6.819747 -0.680253 7.970353
v 6.816922 -0.683079 7.980000
v 6.812427 -0.687574 7.988284
v 6.806569 -0.693431 7.994641
v 6.799747 -0.700253 7.998637
v 6.799319 -0.664578 7.970353
v 6.797321 -0.668038 7.980000
v 6.794142 -0.673544 7.988284
v 6.790000 -0.680718 7.994641
v 6.785177 -0.689073 7.998637
v 6.775529 -0.654724 7.970353
v 6.774495 -0.658584 7.980000
v 6.772850 -0.664724 7.988284
v 6.770706 -0.672726 7.994641
v 6.768209 -0.682044 7.998637
v 6.750000 -0.651363 7.970353
v 6.750000 -0.655359 7.980000
v 6.750000 -0.661716 7.988284
v 6.750000 -0.670000 7.994641
v 6.750000 -0.679647 7.998637
v 6.724471 -0.654724 7.970353
v 6.725505 -0.658584 7.980000
v 6.727151 -0.664724 7.988284
v 6.729295 -0.672726 7.994641
v 6.731792 -0.682044 7.998637
v 6.700682 -0.664578 7.970353
v 6.702680 -0.668038 7.980000
v 6.705858 -0.673544 7.988284
v 6.710000 -0.680718 7.994641
v 6.714824 -0.689073 7.998637
v 6.680253 -0.680253 7.970353
v 6.683079 -0.683079 7.980000
v 6.687574 -0.687574 7.988284
v 6.693432 -0.693431 7.994641
v 6.700253 -0.700253 7.998637
v 6.664578 -0.700681 7.970353
v 6.668039 -0.702679 7.980000
v 6.673544 -0.705858 7.988284
v 6.680718 -0.710000 7.994641
v 6.689073 -0.714824 7.998637
v 6.654724 -0.724471 7.970353
v 6.658584 -0.725505 7.980000
v 6.664724 -0.727150 7.988284
v 6.672726 -0.729294 7.994641
v 6.682045 -0.731791 7.998637
v 6.654724 -0.775529 7.970353
v 6.658584 -0.774495 7.980000
v 6.664724 -0.772850 7.988284
v 6.672726 -0.770706 7.994641
v 6.682045 -0.768209 7.998637
v 6.664578 -0.799319 7.970353
v 6.668039 -0.797320 7.980000
v 6.673544 -0.794142 7.988284
v 6.680718 -0.790000 7.994641
v 6.689073 -0.785176 7.998637
v 6.680253 -0.819747 7.970353
v 6.683079 -0.816921 7.980000
v 6.687574 -0.812426 7.988284
v 6.693432 -0.806569 7.994641
v 6.700253 -0.799747 7.998637
v 6.700682 -0.835422 7.970353
v 6.702680 -0.831962 7.980000
v 6.705858 -0.826456 7.988284
v 6.710000 -0.819282 7.994641
v 6.714824 -0.810927 7.998637
v 6.724471 -0.845276 7.970353
v 6.725505 -0.841416 7.980000
v 6.727151 -0.835276 7.988284
v 6.729295 -0.827274 7.994641
v 6.731792 -0.817956 7.998637
v 6.750000 -0.848637 7.970353
v 6.750000 -0.844641 7.980000
v 6.750000 -0.838284 7.988284
v 6.750000 -0.830000 7.994641
v 6.750000 -0.820353 7.998637
v 6.775529 -0.845276 7.970353
v 6.774495 -0.841416 7.980000
v 6.772850 -0.835276 7.988284
v 6.770706 -0.827274 7.994641
v 6.768209 -0.817956 7.998637
v 6.799319 -0.835422 7.970353
v 6.797321 -0.831962 7.980000
v 6.794142 -0.826456 7.988284
v 6.790000 -0.819282 7.994641
v 6.785177 -0.810927 7.998637
v 6.819747 -0.819747 7.970353
v 6.816922 -0.816921 7.980000
v 6.812427 -0.812426 7.988284
v 6.806569 -0.806569 7.994641
v 6.799747 -0.799747 7.998637
v 6.835422 -0.799319 7.970353
v 6.831962 -0.797320 7.980000
v 6.826457 -0.794142 7.988284
v 6.819282 -0.790000 7.994641
v 6.810927 -0.785176 7.998637
v 6.845276 -0.775529 7.970353
v 6.841416 -0.774495 7.980000
v 6.835276 -0.772850 7.988284
v 6.827274 -0.770706 7.994641
v 6.817956 -0.768209 7.998637
v 6.650000 -0.750000 7.837081
v 6.653408 -0.775882 7.837081
v 6.663398 -0.800000 7.837081
v 6.679290 -0.820711 7.837081
v 6.700000 -0.836603 7.837081
v 6.724118 -0.846593 7.837081
v 6.750000 -0.850000 7.837081
v 6.775882 -0.846593 7.837081
v 6.800000 -0.836603 7.837081
v 6.820711 -0.820711 7.837081
v 6.836603 -0.800000 7.837081
v 6.846593 -0.775882 7.837081
v 6.850000 -0.750000 7.837081
v 6.846593 -0.724118 7.837081
v 6.836603 -0.700000 7.837081
v 6.820711 -0.679289 7.837081
v 6.800000 -0.663397 7.837081
v 6.775882 -0.653407 7.837081
v 6.750000 -0.650000 7.837081
v 6.724118 -0.653407 7.837081
v 6.700000 -0.663397 7.837081
v 6.679290 -0.679289 7.837081
v 6.663398 -0.700000 7.837081
v 6.653408 -0.724118 7.837081
v 6.675000 -0.750000 7.800000
v 6.677556 -0.769411 7.800000
v 6.685048 -0.787500 7.800000
v 6.696967 -0.803033 7.800000
v 6.712500 -0.814952 7.800000
v 6.730589 -0.822444 7.800000
v 6.750000 -0.825000 7.800000
v 6.769412 -0.822444 7.800000
v 6.787500 -0.814952 7.800000
v 6.803033 -0.803033 7.800000
v 6.814952 -0.787500 7.800000
v 6.822445 -0.769411 7.800000
v 6.825000 -0.750000 7.800000
v 6.822445 -0.730589 7.800000
v 6.814952 -0.712500 7.800000
v 6.803033 -0.696967 7.800000
v 6.787500 -0.685048 7.800000
v 6.769412 -0.677556 7.800000
v 6.750000 -0.675000 7.800000
v 6.730589 -0.677556 7.800000
v 6.712500 -0.685048 7.800000
v 6.696967 -0.696967 7.800000
v 6.685048 -0.712500 7.800000
v 6.677556 -0.730589 7.800000
v 6.666704 -0.750000 7.804565
v 6.659714 -0.750000 7.810952
v 6.654420 -0.750000 7.818803
v 6.651121 -0.750000 7.827679
v 6.669542 -0.771559 7.804565
v 6.662790 -0.773368 7.810952
v 6.657677 -0.774738 7.818803
v 6.654490 -0.775592 7.827679
v 6.677864 -0.791648 7.804565
v 6.671810 -0.795143 7.810952
v 6.667226 -0.797790 7.818803
v 6.664368 -0.799440 7.827679
v 6.691101 -0.808899 7.804565
v 6.686158 -0.813842 7.810952
v 6.682415 -0.817585 7.818803
v 6.680082 -0.819918 7.827679
v 6.708352 -0.822136 7.804565
v 6.704857 -0.828190 7.810952
v 6.702210 -0.832774 7.818803
v 6.700561 -0.835632 7.827679
v 6.728442 -0.830458 7.804565
v 6.726632 -0.837210 7.810952
v 6.725262 -0.842323 7.818803
v 6.724408 -0.845510 7.827679
v 6.750000 -0.833296 7.804565
v 6.750000 -0.840286 7.810952
v 6.750000 -0.845580 7.818803
v 6.750000 -0.848879 7.827679
v 6.771559 -0.830458 7.804565
v 6.773368 -0.837210 7.810952
v 6.774738 -0.842323 7.818803
v 6.775592 -0.845510 7.827679
v 6.791648 -0.822136 7.804565
v 6.795143 -0.828190 7.810952
v 6.797790 -0.832774 7.818803
v 6.799440 -0.835632 7.827679
v 6.808899 -0.808899 7.804565
v 6.813842 -0.813842 7.810952
v 6.817585 -0.817585 7.818803
v 6.819918 -0.819918 7.827679
v 6.822137 -0.791648 7.804565
v 6.828191 -0.795143 7.810952
v 6.832775 -0.797790 7.818803
v 6.835632 -0.799440 7.827679
v 6.830458 -0.771559 7.804565
v 6.837210 -0.773368 7.810952
v 6.842323 -0.774738 7.818803
v 6.845510 -0.775592 7.827679
v 6.833296 -0.750000 7.804565
v 6.840287 -0.750000 7.810952
v 6.845580 -0.750000 7.818803
v 6.848879 -0.750000 7.827679
v 6.830458 -0.728441 7.804565
v 6.837210 -0.726632 7.810952
v 6.842323 -0.725262 7.818803
v 6.845510 -0.724408 7.827679
v 6.822137 -0.708352 7.804565
v 6.828191 -0.704857 7.810952
v 6.832775 -0.702210 7.818803
v 6.835632 -0.700560 7.827679
v 6.808899 -0.691101 7.804565
v 6.813842 -0.686158 7.810952
v 6.817585 -0.682415 7.818803
v 6.819918 -0.680082 7.827679
v 6.791648 -0.677864 7.804565
v 6.795143 -0.671810 7.810952
v 6.797790 -0.667225 7.818803
v 6.799440 -0.664368 7.827679
v 6.771559 -0.669542 7.804565
v 6.773368 -0.662790 7.810952
v 6.774738 -0.657677 7.818803
v 6.775592 -0.654490 7.827679
v 6.750000 -0.666704 7.804565
v 6.750000 -0.659714 7.810952
v 6.750000 -0.654420 7.818803
v 6.750000 -0.651121 7.827679
v 6.728442 -0.669542 7.804565
v 6.726632 -0.662790 7.810952
v 6.725262 -0.657677 7.818803
v 6.724408 -0.654490 7.827679
v 6.708352 -0.677864 7.804565
v 6.704857 -0.671810 7.810952
v 6.702210 -0.667225 7.818803
v 6.700561 -0.664368 7.827679
v 6.691101 -0.691101 7.804565
v 6.686158 -0.686158 7.810952
v 6.682415 -0.682415 7.818803
v 6.680082 -0.680082 7.827679
v 6.677864 -0.708352 7.804565
v 6.671810 -0.704857 7.810952
v 6.667226 -0.702210 7.818803
v 6.664368 -0.700560 7.827679
v 6.669542 -0.728441 7.804565
v 6.662790 -0.726632 7.810952
v 6.657677 -0.725262 7.818803
v 6.654490 -0.724408 7.827679
v -6.650000 2.750000 7.960000
v -6.653407 2.775882 7.960000
v -6.663397 2.800000 7.960000
v -6.679289 2.820711 7.960000
v -6.700000 2.836603 7.960000
v -6.724118 2.846593 7.960000
v -6.750000 2.850000 7.960000
v -6.775882 2.846593 7.960000
v -6.800000 2.836603 7.960000
v -6.820711 2.820711 7.960000
v -6.836603 2.800000 7.960000
v -6.846593 2.775882 7.960000
v -6.850000 2.750000 7.960000
v -6.846593 2.724118 7.960000
v -6.836603 2.700000 7.960000
v -6.820711 2.679289 7.960000
v -6.800000 2.663398 7.960000
v -6.775882 2.653407 7.960000
v -6.750000 2.650000 7.960000
v -6.724118 2.653407 7.960000
v -6.700000 2.663398 7.960000
v -6.679289 2.679289 7.960000
v -6.663397 2.700000 7.960000
v -6.653407 2.724118 7.960000
v -6.690000 2.750000 8.000000
v -6.692044 2.734471 8.000000
v -6.698038 2.720000 8.000000
v -6.707574 2.707574 8.000000
v -6.720000 2.698039 8.000000
v -6.734471 2.692045 8.000000
v -6.750000 2.690000 8.000000
v -6.765529 2.692045 8.000000
v -6.780000 2.698039 8.000000
v -6.792426 2.707574 8.000000
v -6.801962 2.720000 8.000000
v -6.807956 2.734471 8.000000
v -6.810000 2.750000 8.000000
v -6.807956 2.765529 8.000000
v -6.801962 2.780000 8.000000
v -6.792426 2.792426 8.000000
v -6.780000 2.801962 8.000000
v -6.765529 2.807956 8.000000
v -6.750000 2.810000 8.000000
v -6.734471 2.807956 8.000000
v -6.720000 2.801962 8.000000
v -6.707574 2.792426 8.000000
v -6.698038 2.780000 8.000000
v -6.692044 2.765529 8.000000
v -6.848637 2.750000 7.970353
v -6.844641 2.750000 7.980000
v -6.838284 2.750000 7.988284
v -6.830000 2.750000 7.994641
v -6.820353 2.750000 7.998637
v -6.654724 2.775529 7.970353
v -6.658584 2.774495 7.980000
v -6.664724 2.772850 7.988284
v -6.672726 2.770706 7.994641
v -6.682044 2.768209 7.998637
v -6.679647 2.750000 7.998637
v -6.670000 2.750000 7.994641
v -6.661716 2.750000 7.988284
v -6.655359 2.750000 7.980000
v -6.651363 2.750000 7.970353
v -6.664578 2.799319 7.970353
v -6.668038 2.797321 7.980000
v -6.673544 2.794142 7.988284
v -6.680718 2.790000 7.994641
v -6.689073 2.785176 7.998637
v -6.680253 2.819747 7.970353
v -6.683079 2.816921 7.980000
v -6.687574 2.812426 7.988284
v -6.693431 2.806569 7.994641
v -6.700253 2.799747 7.998637
v -6.700681 2.835422 7.970353
v -6.702679 2.831962 7.980000
v -6.705858 2.826456 7.988284
v -6.710000 2.819282 7.994641
v -6.714824 2.810927 7.998637
v -6.724471 2.845276 7.970353
v -6.725505 2.841416 7.980000
v -6.727150 2.835276 7.988284
v -6.729294 2.827274 7.994641
v -6.731791 2.817956 7.998637
v -6.750000 2.848637 7.970353
v -6.750000 2.844641 7.980000
v -6.750000 2.838284 7.988284
v -6.750000 2.830000 7.994641
v -6.750000 2.820353 7.998637
v -6.775529 2.845276 7.970353
v -6.774495 2.841416 7.980000
v -6.772850 2.835276 7.988284
v -6.770706 2.827274 7.994641
v -6.768209 2.817956 7.998637
v -6.799319 2.835422 7.970353
v -6.797320 2.831962 7.980000
v -6.794142 2.826456 7.988284
v -6.790000 2.819282 7.994641
v -6.785176 2.810927 7.998637
v -6.819747 2.819747 7.970353
v -6.816921 2.816921 7.980000
v -6.812426 2.812426 7.988284
v -6.806569 2.806569 7.994641
v -6.799747 2.799747 7.998637
v -6.835422 2.799319 7.970353
v -6.831962 2.797321 7.980000
v -6.826456 2.794142 7.988284
v -6.819282 2.790000 7.994641
v -6.810927 2.785176 7.998637
v -6.845276 2.775529 7.970353
v -6.841416 2.774495 7.980000
v -6.835276 2.772850 7.988284
v -6.827274 2.770706 7.994641
v -6.817956 2.768209 7.998637
v -6.845276 2.724471 7.970353
v -6.841416 2.725505 7.980000
v -6.835276 2.727150 7.988284
v -6.827274 2.729295 7.994641
v -6.817956 2.731791 7.998637
v -6.835422 2.700682 7.970353
v -6.831962 2.702680 7.980000
v -6.826456 2.705858 7.988284
v -6.819282 2.710000 7.994641
v -6.810927 2.714824 7.998637
v -6.819747 2.680253 7.970353
v -6.816921 2.683079 7.980000
v -6.812426 2.687574 7.988284
v -6.806569 2.693432 7.994641
v -6.799747 2.700253 7.998637
v -6.799319 2.664578 7.970353
v -6.797320 2.668039 7.980000
v -6.794142 2.673544 7.988284
v -6.790000 2.680718 7.994641
v -6.785176 2.689073 7.998637
v -6.775529 2.654724 7.970353
v -6.774495 2.658584 7.980000
v -6.772850 2.664724 7.988284
v -6.770706 2.672726 7.994641
v -6.768209 2.682045 7.998637
v -6.750000 2.651363 7.970353
v -6.750000 2.655359 7.980000
v -6.750000 2.661716 7.988284
v -6.750000 2.670000 7.994641
v -6.750000 2.679647 7.998637
v -6.724471 2.654724 7.970353
v -6.725505 2.658584 7.980000
v -6.727150 2.664724 7.988284
v -6.729294 2.672726 7.994641
v -6.731791 2.682045 7.998637
v -6.700681 2.664578 7.970353
v -6.702679 2.668039 7.980000
v -6.705858 2.673544 7.988284
v -6.710000 2.680718 7.994641
v -6.714824 2.689073 7.998637
v -6.680253 2.680253 7.970353
v -6.683079 2.683079 7.980000
v -6.687574 2.687574 7.988284
v -6.693431 2.693432 7.994641
v -6.700253 2.700253 7.998637
v -6.664578 2.700682 7.970353
v -6.668038 2.702680 7.980000
v -6.673544 2.705858 7.988284
v -6.680718 2.710000 7.994641
v -6.689073 2.714824 7.998637
v -6.654724 2.724471 7.970353
v -6.658584 2.725505 7.980000
v -6.664724 2.727150 7.988284
v -6.672726 2.729295 7.994641
v -6.682044 2.731791 7.998637
v -6.850000 2.750000 7.837081
v -6.846593 2.724118 7.837081
v -6.836603 2.700000 7.837081
v -6.820711 2.679289 7.837081
v -6.800000 2.663398 7.837081
v -6.775882 2.653407 7.837081
v -6.750000 2.650000 7.837081
v -6.724118 2.653407 7.837081
v -6.700000 2.663398 7.837081
v -6.679289 2.679289 7.837081
v -6.663397 2.700000 7.837081
v -6.653407 2.724118 7.837081
v -6.650000 2.750000 7.837081
v -6.653407 2.775882 7.837081
v -6.663397 2.800000 7.837081
v -6.679289 2.820711 7.837081
v -6.700000 2.836603 7.837081
v -6.724118 2.846593 7.837081
v -6.750000 2.850000 7.837081
v -6.775882 2.846593 7.837081
v -6.800000 2.836603 7.837081
v -6.820711 2.820711 7.837081
v -6.836603 2.800000 7.837081
v -6.846593 2.775882 7.837081
v -6.825000 2.750000 7.800000
v -6.822444 2.730589 7.800000
v -6.814952 2.712500 7.800000
v -6.803033 2.696967 7.800000
v -6.787500 2.685048 7.800000
v -6.769411 2.677556 7.800000
v -6.750000 2.675000 7.800000
v -6.730589 2.677556 7.800000
v -6.712500 2.685048 7.800000
v -6.696967 2.696967 7.800000
v -6.685048 2.712500 7.800000
v -6.677556 2.730589 7.800000
v -6.675000 2.750000 7.800000
v -6.677556 2.769411 7.800000
v -6.685048 2.787500 7.800000
v -6.696967 2.803033 7.800000
v -6.712500 2.814952 7.800000
v -6.730589 2.822445 7.800000
v -6.750000 2.825000 7.800000
v -6.769411 2.822445 7.800000
v -6.787500 2.814952 7.800000
v -6.803033 2.803033 7.800000
v -6.814952 2.787500 7.800000
v -6.822444 2.769411 7.800000
v -6.833296 2.750000 7.804565
v -6.840286 2.750000 7.810952
v -6.845580 2.750000 7.818803
v -6.848879 2.750000 7.827679
v -6.830458 2.728441 7.804565
v -6.837210 2.726632 7.810952
v -6.842323 2.725262 7.818803
v -6.845510 2.724408 7.827679
v -6.822136 2.708352 7.804565
v -6.828190 2.704857 7.810952
v -6.832774 2.702210 7.818803
v -6.835632 2.700560 7.827679
v -6.808899 2.691101 7.804565
v -6.813842 2.686158 7.810952
v -6.817585 2.682415 7.818803
v -6.819918 2.680082 7.827679
v -6.791648 2.677864 7.804565
v -6.795143 2.671810 7.810952
v -6.797790 2.667226 7.818803
v -6.799440 2.664368 7.827679
v -6.771559 2.669542 7.804565
v -6.773368 2.662790 7.810952
v -6.774738 2.657677 7.818803
v -6.775592 2.654490 7.827679
v -6.750000 2.666704 7.804565
v -6.750000 2.659714 7.810952
v -6.750000 2.654420 7.818803
v -6.750000 2.651121 7.827679
v -6.728441 2.669542 7.804565
v -6.726632 2.662790 7.810952
v -6.725262 2.657677 7.818803
v -6.724408 2.654490 7.827679
v -6.708352 2.677864 7.804565
v -6.704857 2.671810 7.810952
v -6.702210 2.667226 7.818803
v -6.700560 2.664368 7.827679
v -6.691101 2.691101 7.804565
v -6.686158 2.686158 7.810952
v -6.682415 2.682415 7.818803
v -6.680082 2.680082 7.827679
v -6.677864 2.708352 7.804565
v -6.671810 2.704857 7.810952
v -6.667225 2.702210 7.818803
v -6.664368 2.700560 7.827679
v -6.669542 2.728441 7.804565
v -6.662790 2.726632 7.810952
v -6.657677 2.725262 7.818803
v -6.654490 2.724408 7.827679
v -6.666704 2.750000 7.804565
v -6.659714 2.750000 7.810952
v -6.654420 2.750000 7.818803
v -6.651121 2.750000 7.827679
v -6.669542 2.771559 7.804565
v -6.662790 2.773368 7.810952
v -6.657677 2.774738 7.818803
v -6.654490 2.775592 7.827679
v -6.677864 2.791648 7.804565
v -6.671810 2.795143 7.810952
v -6.667225 2.797790 7.818803
v -6.664368 2.799440 7.827679
v -6.691101 2.808899 7.804565
v -6.686158 2.813842 7.810952
v -6.682415 2.817585 7.818803
v -6.680082 2.819918 7.827679
v -6.708352 2.822136 7.804565
v -6.704857 2.828190 7.810952
v -6.702210 2.832775 7.818803
v -6.700560 2.835632 7.827679
v -6.728441 2.830458 7.804565
v -6.726632 2.837210 7.810952
v -6.725262 2.842323 7.818803
v -6.724408 2.845510 7.827679
v -6.750000 2.833296 7.804565
v -6.750000 2.840287 7.810952
v -6.750000 2.845580 7.818803
v -6.750000 2.848879 7.827679
v -6.771559 2.830458 7.804565
v -6.773368 2.837210 7.810952
v -6.774738 2.842323 7.818803
v -6.775592 2.845510 7.827679
v -6.791648 2.822136 7.804565
v -6.795143 2.828190 7.810952
v -6.797790 2.832775 7.818803
v -6.799440 2.835632 7.827679
v -6.808899 2.808899 7.804565
v -6.813842 2.813842 7.810952
v -6.817585 2.817585 7.818803
v -6.819918 2.819918 7.827679
v -6.822136 2.791648 7.804565
v -6.828190 2.795143 7.810952
v -6.832774 2.797790 7.818803
v -6.835632 2.799440 7.827679
v -6.830458 2.771559 7.804565
v -6.837210 2.773368 7.810952
v -6.842323 2.774738 7.818803
v -6.845510 2.775592 7.827679
v -6.650000 -0.750000 7.960000
v -6.653407 -0.724118 7.960000
v -6.663397 -0.700000 7.960000
v -6.679289 -0.679289 7.960000
v -6.700000 -0.663397 7.960000
v -6.724118 -0.653407 7.960000
v -6.750000 -0.650000 7.960000
v -6.775882 -0.653407 7.960000
v -6.800000 -0.663397 7.960000
v -6.820711 -0.679289 7.960000
v -6.836603 -0.700000 7.960000
v -6.846593 -0.724118 7.960000
v -6.850000 -0.750000 7.960000
v -6.846593 -0.775882 7.960000
v -6.836603 -0.800000 7.960000
v -6.820711 -0.820711 7.960000
v -6.800000 -0.836603 7.960000
v -6.775882 -0.846593 7.960000
v -6.750000 -0.850000 7.960000
v -6.724118 -0.846593 7.960000
v -6.700000 -0.836603 7.960000
v -6.679289 -0.820711 7.960000
v -6.663397 -0.800000 7.960000
v -6.653407 -0.775882 7.960000
v -6.690000 -0.750000 8.000000
v -6.692044 -0.765529 8.000000
v -6.698038 -0.780000 8.000000
v -6.707574 -0.792426 8.000000
v -6.720000 -0.801962 8.000000
v -6.734471 -0.807956 8.000000
v -6.750000 -0.810000 8.000000
v -6.765529 -0.807956 8.000000
v -6.780000 -0.801962 8.000000
v -6.792426 -0.792426 8.000000
v -6.801962 -0.780000 8.000000
v -6.807956 -0.765529 8.000000
v -6.810000 -0.750000 8.000000
v -6.807956 -0.734471 8.000000
v -6.801962 -0.720000 8.000000
v -6.792426 -0.707574 8.000000
v -6.780000 -0.698038 8.000000
v -6.765529 -0.692044 8.000000
v -6.750000 -0.690000 8.000000
v -6.734471 -0.692044 8.000000
v -6.720000 -0.698038 8.000000
v -6.707574 -0.707574 8.000000
v -6.698038 -0.720000 8.000000
v -6.692044 -0.734471 8.000000
v -6.848637 -0.750000 7.970353
v -6.844641 -0.750000 7.980000
v -6.838284 -0.750000 7.988284
v -6.830000 -0.750000 7.994641
v -6.820353 -0.750000 7.998637
v -6.654724 -0.724471 7.970353
v -6.658584 -0.725505 7.980000
v -6.664724 -0.727150 7.988284
v -6.672726 -0.729294 7.994641
v -6.682044 -0.731791 7.998637
v -6.679647 -0.750000 7.998637
v -6.670000 -0.750000 7.994641
v -6.661716 -0.750000 7.988284
v -6.655359 -0.750000 7.980000
v -6.651363 -0.750000 7.970353
v -6.664578 -0.700681 7.970353
v -6.668038 -0.702679 7.980000
v -6.673544 -0.705858 7.988284
v -6.680718 -0.710000 7.994641
v -6.689073 -0.714824 7.998637
v -6.680253 -0.680253 7.970353
v -6.683079 -0.683079 7.980000
v -6.687574 -0.687574 7.988284
v -6.693431 -0.693431 7.994641
v -6.700253 -0.700253 7.998637
v -6.700681 -0.664578 7.970353
v -6.702679 -0.668038 7.980000
v -6.705858 -0.673544 7.988284
v -6.710000 -0.680718 7.994641
v -6.714824 -0.689073 7.998637
v -6.724471 -0.654724 7.970353
v -6.725505 -0.658584 7.980000
v -6.727150 -0.664724 7.988284
v -6.729294 -0.672726 7.994641
v -6.731791 -0.682044 7.998637
v -6.750000 -0.651363 7.970353
v -6.750000 -0.655359 7.980000
v -6.750000 -0.661716 7.988284
v -6.750000 -0.670000 7.994641
v -6.750000 -0.679647 7.998637
v -6.775529 -0.654724 7.970353
v -6.774495 -0.658584 7.980000
v -6.772850 -0.664724 7.988284
v -6.770706 -0.672726 7.994641
v -6.768209 -0.682044 7.998637
v -6.799319 -0.664578 7.970353
v -6.797320 -0.668038 7.980000
v -6.794142 -0.673544 7.988284
v -6.790000 -0.680718 7.994641
v -6.785176 -0.689073 7.998637
v -6.819747 -0.680253 7.970353
v -6.816921 -0.683079 7.980000
v -6.812426 -0.687574 7.988284
v -6.806569 -0.693431 7.994641
v -6.799747 -0.700253 7.998637
v -6.835422 -0.700681 7.970353
v -6.831962 -0.702679 7.980000
v -6.826456 -0.705858 7.988284
v -6.819282 -0.710000 7.994641
v -6.810927 -0.714824 7.998637
v -6.845276 -0.724471 7.970353
v -6.841416 -0.725505 7.980000
v -6.835276 -0.727150 7.988284
v -6.827274 -0.729294 7.994641
v -6.817956 -0.731791 7.998637
v -6.845276 -0.775529 7.970353
v -6.841416 -0.774495 7.980000
v -6.835276 -0.772850 7.988284
v -6.827274 -0.770706 7.994641
v -6.817956 -0.768209 7.998637
v -6.835422 -0.799319 7.970353
v -6.831962 -0.797320 7.980000
v -6.826456 -0.794142 7.988284
v -6.819282 -0.790000 7.994641
v -6.810927 -0.785176 7.998637
v -6.819747 -0.819747 7.970353
v -6.816921 -0.816921 7.980000
v -6.812426 -0.812426 7.988284
v -6.806569 -0.806569 7.994641
v -6.799747 -0.799747 7.998637
v -6.799319 -0.835422 7.970353
v -6.797320 -0.831962 7.980000
v -6.794142 -0.826456 7.988284
v -6.790000 -0.819282 7.994641
v -6.785176 -0.810927 7.998637
v -6.775529 -0.845276 7.970353
v -6.774495 -0.841416 7.980000
v -6.772850 -0.835276 7.988284
v -6.770706 -0.827274 7.994641
v -6.768209 -0.817956 7.998637
v -6.750000 -0.848637 7.970353
v -6.750000 -0.844641 7.980000
v -6.750000 -0.838284 7.988284
v -6.750000 -0.830000 7.994641
v -6.750000 -0.820353 7.998637
v -6.724471 -0.845276 7.970353
v -6.725505 -0.841416 7.980000
v -6.727150 -0.835276 7.988284
v -6.729294 -0.827274 7.994641
v -6.731791 -0.817956 7.998637
v -6.700681 -0.835422 7.970353
v -6.702679 -0.831962 7.980000
v -6.705858 -0.826456 7.988284
v -6.710000 -0.819282 7.994641
v -6.714824 -0.810927 7.998637
v -6.680253 -0.819747 7.970353
v -6.683079 -0.816921 7.980000
v -6.687574 -0.812426 7.988284
v -6.693431 -0.806569 7.994641
v -6.700253 -0.799747 7.998637
v -6.664578 -0.799319 7.970353
v -6.668038 -0.797320 7.980000
v -6.673544 -0.794142 7.988284
v -6.680718 -0.790000 7.994641
v -6.689073 -0.785176 7.998637
v -6.654724 -0.775529 7.970353
v -6.658584 -0.774495 7.980000
v -6.664724 -0.772850 7.988284
v -6.672726 -0.770706 7.994641
v -6.682044 -0.768209 7.998637
v -6.850000 -0.750000 7.837081
v -6.846593 -0.775882 7.837081
v -6.836603 -0.800000 7.837081
v -6.820711 -0.820711 7.837081
v -6.800000 -0.836603 7.837081
v -6.775882 -0.846593 7.837081
v -6.750000 -0.850000 7.837081
v -6.724118 -0.846593 7.837081
v -6.700000 -0.836603 7.837081
v -6.679289 -0.820711 7.837081
v -6.663397 -0.800000 7.837081
v -6.653407 -0.775882 7.837081
v -6.650000 -0.750000 7.837081
v -6.653407 -0.724118 7.837081
v -6.663397 -0.700000 7.837081
v -6.679289 -0.679289 7.837081
v -6.700000 -0.663397 7.837081
v -6.724118 -0.653407 7.837081
v -6.750000 -0.650000 7.837081
v -6.775882 -0.653407 7.837081
v -6.800000 -0.663397 7.837081
v -6.820711 -0.679289 7.837081
v -6.836603 -0.700000 7.837081
v -6.846593 -0.724118 7.837081
v -6.825000 -0.750000 7.800000
v -6.822444 -0.769411 7.800000
v -6.814952 -0.787500 7.800000
v -6.803033 -0.803033 7.800000
v -6.787500 -0.814952 7.800000
v -6.769411 -0.822444 7.800000
v -6.750000 -0.825000 7.800000
v -6.730589 -0.822444 7.800000
v -6.712500 -0.814952 7.800000
v -6.696967 -0.803033 7.800000
v -6.685048 -0.787500 7.800000
v -6.677556 -0.769411 7.800000
v -6.675000 -0.750000 7.800000
v -6.677556 -0.730589 7.800000
v -6.685048 -0.712500 7.800000
v -6.696967 -0.696967 7.800000
v -6.712500 -0.685048 7.800000
v -6.730589 -0.677556 7.800000
v -6.750000 -0.675000 7.800000
v -6.769411 -0.677556 7.800000
v -6.787500 -0.685048 7.800000
v -6.803033 -0.696967 7.800000
v -6.814952 -0.712500 7.800000
v -6.822444 -0.730589 7.800000
v -6.833296 -0.750000 7.804565
v -6.840286 -0.750000 7.810952
v -6.845580 -0.750000 7.818803
v -6.848879 -0.750000 7.827679
v -6.830458 -0.771559 7.804565
v -6.837210 -0.773368 7.810952
v -6.842323 -0.774738 7.818803
v -6.845510 -0.775592 7.827679
v -6.822136 -0.791648 7.804565
v -6.828190 -0.795143 7.810952
v -6.832774 -0.797790 7.818803
v -6.835632 -0.799440 7.827679
v -6.808899 -0.808899 7.804565
v -6.813842 -0.813842 7.810952
v -6.817585 -0.817585 7.818803
v -6.819918 -0.819918 7.827679
v -6.791648 -0.822136 7.804565
v -6.795143 -0.828190 7.810952
v -6.797790 -0.832774 7.818803
v -6.799440 -0.835632 7.827679
v -6.771559 -0.830458 7.804565
v -6.773368 -0.837210 7.810952
v -6.774738 -0.842323 7.818803
v -6.775592 -0.845510 7.827679
v -6.750000 -0.833296 7.804565
v -6.750000 -0.840286 7.810952
v -6.750000 -0.845580 7.818803
v -6.750000 -0.848879 7.827679
v -6.728441 -0.830458 7.804565
v -6.726632 -0.837210 7.810952
v -6.725262 -0.842323 7.818803
v -6.724408 -0.845510 7.827679
v -6.708352 -0.822136 7.804565
v -6.704857 -0.828190 7.810952
v -6.702210 -0.832774 7.818803
v -6.700560 -0.835632 7.827679
v -6.691101 -0.808899 7.804565
v -6.686158 -0.813842 7.810952
v -6.682415 -0.817585 7.818803
v -6.680082 -0.819918 7.827679
v -6.677864 -0.791648 7.804565
v -6.671810 -0.795143 7.810952
v -6.667225 -0.797790 7.818803
v -6.664368 -0.799440 7.827679
v -6.669542 -0.771559 7.804565
v -6.662790 -0.773368 7.810952
v -6.657677 -0.774738 7.818803
v -6.654490 -0.775592 7.827679
v -6.666704 -0.750000 7.804565
v -6.659714 -0.750000 7.810952
v -6.654420 -0.750000 7.818803
v -6.651121 -0.750000 7.827679
v -6.669542 -0.728441 7.804565
v -6.662790 -0.726632 7.810952
v -6.657677 -0.725262 7.818803
v -6.654490 -0.724408 7.827679
v -6.677864 -0.708352 7.804565
v -6.671810 -0.704857 7.810952
v -6.667225 -0.702210 7.818803
v -6.664368 -0.700560 7.827679
v -6.691101 -0.691101 7.804565
v -6.686158 -0.686158 7.810952
v -6.682415 -0.682415 7.818803
v -6.680082 -0.680082 7.827679
v -6.708352 -0.677864 7.804565
v -6.704857 -0.671810 7.810952
v -6.702210 -0.667225 7.818803
v -6.700560 -0.664368 7.827679
v -6.728441 -0.669542 7.804565
v -6.726632 -0.662790 7.810952
v -6.725262 -0.657677 7.818803
v -6.724408 -0.654490 7.827679
v -6.750000 -0.666704 7.804565
v -6.750000 -0.659714 7.810952
v -6.750000 -0.654420 7.818803
v -6.750000 -0.651121 7.827679
v -6.771559 -0.669542 7.804565
v -6.773368 -0.662790 7.810952
v -6.774738 -0.657677 7.818803
v -6.775592 -0.654490 7.827679
v -6.791648 -0.677864 7.804565
v -6.795143 -0.671810 7.810952
v -6.797790 -0.667225 7.818803
v -6.799440 -0.664368 7.827679
v -6.808899 -0.691101 7.804565
v -6.813842 -0.686158 7.810952
v -6.817585 -0.682415 7.818803
v -6.819918 -0.680082 7.827679
v -6.822136 -0.708352 7.804565
v -6.828190 -0.704857 7.810952
v -6.832774 -0.702210 7.818803
v -6.835632 -0.700560 7.827679
v -6.830458 -0.728441 7.804565
v -6.837210 -0.726632 7.810952
v -6.842323 -0.725262 7.818803
v -6.845510 -0.724408 7.827679
v 6.825000 -0.750000 7.300000
v 6.822445 -0.730589 7.300000
v 6.814952 -0.712500 7.300000
v 6.803033 -0.696967 7.300000
v 6.787500 -0.685048 7.300000
v 6.769412 -0.677556 7.300000
v 6.750000 -0.675000 7.300000
v 6.730589 -0.677556 7.300000
v 6.712500 -0.685048 7.300000
v 6.696967 -0.696967 7.300000
v 6.685048 -0.712500 7.300000
v 6.677556 -0.730589 7.300000
v 6.675000 -0.750000 7.300000
v 6.677556 -0.769411 7.300000
v 6.685048 -0.787500 7.300000
v 6.696967 -0.803033 7.300000
v 6.712500 -0.814952 7.300000
v 6.730589 -0.822444 7.300000
v 6.750000 -0.825000 7.300000
v 6.769412 -0.822444 7.300000
v 6.787500 -0.814952 7.300000
v 6.803033 -0.803033 7.300000
v 6.814952 -0.787500 7.300000
v 6.822445 -0.769411 7.300000
v 6.825000 -0.750000 7.550000
v 6.677556 -0.730589 7.550000
v 6.675000 -0.750000 7.550000
v 6.685048 -0.712500 7.550000
v 6.696967 -0.696967 7.550000
v 6.712500 -0.685048 7.550000
v 6.730589 -0.677556 7.550000
v 6.750000 -0.675000 7.550000
v 6.769412 -0.677556 7.550000
v 6.787500 -0.685048 7.550000
v 6.803033 -0.696967 7.550000
v 6.814952 -0.712500 7.550000
v 6.822445 -0.730589 7.550000
v 6.822445 -0.769411 7.550000
v 6.814952 -0.787500 7.550000
v 6.803033 -0.803033 7.550000
v 6.787500 -0.814952 7.550000
v 6.769412 -0.822444 7.550000
v 6.750000 -0.825000 7.550000
v 6.730589 -0.822444 7.550000
v 6.712500 -0.814952 7.550000
v 6.696967 -0.803033 7.550000
v 6.685048 -0.787500 7.550000
v 6.677556 -0.769411 7.550000
v -6.675000 -0.750000 7.300000
v -6.677556 -0.730589 7.300000
v -6.685048 -0.712500 7.300000
v -6.696967 -0.696967 7.300000
v -6.712500 -0.685048 7.300000
v -6.730589 -0.677556 7.300000
v -6.750000 -0.675000 7.300000
v -6.769411 -0.677556 7.300000
v -6.787500 -0.685048 7.300000
v -6.803033 -0.696967 7.300000
v -6.814952 -0.712500 7.300000
v -6.822444 -0.730589 7.300000
v -6.825000 -0.750000 7.300000
v -6.822444 -0.769411 7.300000
v -6.814952 -0.787500 7.300000
v -6.803033 -0.803033 7.300000
v -6.787500 -0.814952 7.300000
v -6.769411 -0.822444 7.300000
v -6.750000 -0.825000 7.300000
v -6.730589 -0.822444 7.300000
v -6.712500 -0.814952 7.300000
v -6.696967 -0.803033 7.300000
v -6.685048 -0.787500 7.300000
v -6.677556 -0.769411 7.300000
v -6.675000 -0.750000 7.550000
v -6.822444 -0.730589 7.550000
v -6.825000 -0.750000 7.550000
v -6.814952 -0.712500 7.550000
v -6.803033 -0.696967 7.550000
v -6.787500 -0.685048 7.550000
v -6.769411 -0.677556 7.550000
v -6.750000 -0.675000 7.550000
v -6.730589 -0.677556 7.550000
v -6.712500 -0.685048 7.550000
v -6.696967 -0.696967 7.550000
v -6.685048 -0.712500 7.550000
v -6.677556 -0.730589 7.550000
v -6.677556 -0.769411 7.550000
v -6.685048 -0.787500 7.550000
v -6.696967 -0.803033 7.550000
v -6.712500 -0.814952 7.550000
v -6.730589 -0.822444 7.550000
v -6.750000 -0.825000 7.550000
v -6.769411 -0.822444 7.550000
v -6.787500 -0.814952 7.550000
v -6.803033 -0.803033 7.550000
v -6.814952 -0.787500 7.550000
v -6.822444 -0.769411 7.550000
v 6.825000 2.750000 7.300000
v 6.822445 2.769411 7.300000
v 6.814952 2.787500 7.300000
v 6.803033 2.803033 7.300000
v 6.787500 2.814952 7.300000
v 6.769412 2.822445 7.300000
v 6.750000 2.825000 7.300000
v 6.730589 2.822445 7.300000
v 6.712500 2.814952 7.300000
v 6.696967 2.803033 7.300000
v 6.685048 2.787500 7.300000
v 6.677556 2.769411 7.300000
v 6.675000 2.750000 7.300000
v 6.677556 2.730589 7.300000
v 6.685048 2.712500 7.300000
v 6.696967 2.696967 7.300000
v 6.712500 2.685048 7.300000
v 6.730589 2.677556 7.300000
v 6.750000 2.675000 7.300000
v 6.769412 2.677556 7.300000
v 6.787500 2.685048 7.300000
v 6.803033 2.696967 7.300000
v 6.814952 2.712500 7.300000
v 6.822445 2.730589 7.300000
v 6.825000 2.750000 7.550000
v 6.677556 2.769411 7.550000
v 6.675000 2.750000 7.550000
v 6.685048 2.787500 7.550000
v 6.696967 2.803033 7.550000
v 6.712500 2.814952 7.550000
v 6.730589 2.822445 7.550000
v 6.750000 2.825000 7.550000
v 6.769412 2.822445 7.550000
v 6.787500 2.814952 7.550000
v 6.803033 2.803033 7.550000
v 6.814952 2.787500 7.550000
v 6.822445 2.769411 7.550000
v 6.822445 2.730589 7.550000
v 6.814952 2.712500 7.550000
v 6.803033 2.696967 7.550000
v 6.787500 2.685048 7.550000
v 6.769412 2.677556 7.550000
v 6.750000 2.675000 7.550000
v 6.730589 2.677556 7.550000
v 6.712500 2.685048 7.550000
v 6.696967 2.696967 7.550000
v 6.685048 2.712500 7.550000
v 6.677556 2.730589 7.550000
v -6.675000 2.750000 7.300000
v -6.677556 2.769411 7.300000
v -6.685048 2.787500 7.300000
v -6.696967 2.803033 7.300000
v -6.712500 2.814952 7.300000
v -6.730589 2.822445 7.300000
v -6.750000 2.825000 7.300000
v -6.769411 2.822445 7.300000
v -6.787500 2.814952 7.300000
v -6.803033 2.803033 7.300000
v -6.814952 2.787500 7.300000
v -6.822444 2.769411 7.300000
v -6.825000 2.750000 7.300000
v -6.822444 2.730589 7.300000
v -6.814952 2.712500 7.300000
v -6.803033 2.696967 7.300000
v -6.787500 2.685048 7.300000
v -6.769411 2.677556 7.300000
v -6.750000 2.675000 7.300000
v -6.730589 2.677556 7.300000
v -6.712500 2.685048 7.300000
v -6.696967 2.696967 7.300000
v -6.685048 2.712500 7.300000
v -6.677556 2.730589 7.300000
v -6.675000 2.750000 7.550000
v -6.822444 2.769411 7.550000
v -6.825000 2.750000 7.550000
v -6.814952 2.787500 7.550000
v -6.803033 2.803033 7.550000
v -6.787500 2.814952 7.550000
v -6.769411 2.822445 7.550000
v -6.750000 2.825000 7.550000
v -6.730589 2.822445 7.550000
v -6.712500 2.814952 7.550000
v -6.696967 2.803033 7.550000
v -6.685048 2.787500 7.550000
v -6.677556 2.769411 7.550000
v -6.677556 2.730589 7.550000
v -6.685048 2.712500 7.550000
v -6.696967 2.696967 7.550000
v -6.712500 2.685048 7.550000
v -6.730589 2.677556 7.550000
v -6.750000 2.675000 7.550000
v -6.769411 2.677556 7.550000
v -6.787500 2.685048 7.550000
v -6.803033 2.696967 7.550000
v -6.814952 2.712500 7.550000
v -6.822444 2.730589 7.550000
v 0.010955 1.010954 10.377404
v 0.006816 1.012309 10.378968
v 0.002313 1.013005 10.379772
v -0.002313 1.013005 10.379772
v -0.006816 1.012309 10.378968
v -0.010954 1.010954 10.377404
v -0.012309 1.006816 10.378968
v -0.013005 1.002313 10.379772
v -0.013005 0.997687 10.379772
v -0.012309 0.993184 10.378968
v -0.010954 0.989046 10.377404
v -0.006816 0.987691 10.378968
v -0.002313 0.986995 10.379772
v 0.002313 0.986995 10.379772
v 0.006816 0.987691 10.378968
v 0.010955 0.989046 10.377404
v 0.012309 0.993184 10.378968
v 0.013005 0.997687 10.379772
v 0.013005 1.002313 10.379772
v 0.012309 1.006816 10.378968
v 0.000000 1.000000 10.384755
v -0.012334 1.000000 10.380498
v -0.008574 1.000000 10.382824
v -0.004394 1.000000 10.384266
v 0.003107 1.003107 10.384266
v 0.006063 1.006063 10.382824
v 0.008722 1.008722 10.380498
v 0.006167 1.010682 10.380498
v 0.004287 1.007425 10.382824
v 0.002197 1.003806 10.384266
v 0.003192 1.011914 10.380498
v 0.002219 1.008282 10.382824
v 0.001137 1.004245 10.384266
v 0.000000 1.012334 10.380498
v 0.000000 1.008574 10.382824
v 0.000000 1.004394 10.384266
v -0.003192 1.011914 10.380498
v -0.002219 1.008282 10.382824
v -0.001137 1.004245 10.384266
v -0.006167 1.010682 10.380498
v -0.004287 1.007425 10.382824
v -0.002197 1.003806 10.384266
v -0.003107 1.003107 10.384266
v -0.006062 1.006063 10.382824
v -0.008722 1.008722 10.380498
v -0.010682 1.006167 10.380498
v -0.007425 1.004287 10.382824
v -0.003805 1.002197 10.384266
v -0.011914 1.003192 10.380498
v -0.008281 1.002219 10.382824
v -0.004244 1.001137 10.384266
v -0.011914 0.996808 10.380498
v -0.008281 0.997781 10.382824
v -0.004244 0.998863 10.384266
v -0.010682 0.993833 10.380498
v -0.007425 0.995713 10.382824
v -0.003805 0.997803 10.384266
v -0.003107 0.996893 10.384266
v -0.006062 0.993937 10.382824
v -0.008722 0.991278 10.380498
v -0.006167 0.989318 10.380498
v -0.004287 0.992575 10.382824
v -0.002197 0.996195 10.384266
v -0.003192 0.988086 10.380498
v -0.002219 0.991718 10.382824
v -0.001137 0.995756 10.384266
v 0.000000 0.987666 10.380498
v 0.000000 0.991426 10.382824
v 0.000000 0.995606 10.384266
v 0.003192 0.988086 10.380498
v 0.002219 0.991718 10.382824
v 0.001137 0.995756 10.384266
v 0.006167 0.989318 10.380498
v 0.004287 0.992575 10.382824
v 0.002197 0.996195 10.384266
v 0.003107 0.996893 10.384266
v 0.006063 0.993937 10.382824
v 0.008722 0.991278 10.380498
v 0.010682 0.993833 10.380498
v 0.007425 0.995713 10.382824
v 0.003806 0.997803 10.384266
v 0.011914 0.996808 10.380498
v 0.008282 0.997781 10.382824
v 0.004245 0.998863 10.384266
v 0.012334 1.000000 10.380498
v 0.008574 1.000000 10.382824
v 0.004394 1.000000 10.384266
v 0.011914 1.003192 10.380498
v 0.008282 1.002219 10.382824
v 0.004245 1.001137 10.384266
v 0.010682 1.006167 10.380498
v 0.007425 1.004287 10.382824
v 0.003806 1.002197 10.384266
v -0.028670 1.005789 10.362281
v -0.043301 1.000000 10.342321
v -0.028670 0.994211 10.362281
v -0.014196 1.007013 10.377195
v -0.025474 0.995718 10.366736
v -0.014861 1.003364 10.377926
v -0.015056 1.000000 10.378140
v -0.014872 0.996729 10.377938
v -0.014330 0.993545 10.377343
v -0.025737 0.997846 10.366964
v -0.025825 1.000000 10.367040
v -0.025732 1.002215 10.366959
v -0.025408 1.004662 10.366679
v -0.005789 0.971330 10.362281
v 0.000000 0.956699 10.342321
v 0.005789 0.971330 10.362281
v -0.007013 0.985804 10.377195
v 0.004282 0.974526 10.366736
v -0.003363 0.985139 10.377926
v 0.000000 0.984944 10.378140
v 0.003271 0.985128 10.377938
v 0.006455 0.985670 10.377343
v 0.002154 0.974263 10.366964
v 0.000000 0.974174 10.367040
v -0.002215 0.974268 10.366959
v -0.004662 0.974592 10.366679
v 0.028671 0.994211 10.362281
v 0.043301 1.000000 10.342321
v 0.028671 1.005789 10.362281
v 0.014385 0.993790 10.377403
v 0.014886 0.996857 10.377953
v 0.015056 1.000000 10.378140
v 0.014839 1.003553 10.377901
v 0.014173 1.007103 10.377170
v 0.005789 1.028671 10.362281
v 0.000000 1.043301 10.342321
v -0.005789 1.028671 10.362281
v 0.006210 1.014385 10.377403
v 0.003143 1.014886 10.377953
v 0.000000 1.015056 10.378140
v -0.003553 1.014839 10.377901
v -0.007103 1.014173 10.377170
v -0.306699 1.350000 9.811103
v -0.316454 1.350000 9.809748
v -0.327118 1.350000 9.805722
v -0.338402 1.350000 9.799133
v -0.135475 1.108237 10.179215
v -0.248491 1.221252 9.983467
v -0.128379 1.119085 10.181381
v -0.241394 1.232101 9.985633
v -0.119085 1.128379 10.181381
v -0.232100 1.241394 9.985633
v -0.108237 1.135475 10.179215
v -0.221252 1.248491 9.983467
v 0.350000 1.306699 9.811103
v 0.350000 1.316454 9.809748
v 0.350000 1.327118 9.805722
v 0.350000 1.338402 9.799133
v 0.350000 1.350000 9.790160
v 0.338402 1.350000 9.799133
v 0.327118 1.350000 9.805722
v 0.316454 1.350000 9.809748
v 0.306699 1.350000 9.811103
v 0.108237 1.135475 10.179215
v 0.221252 1.248491 9.983467
v 0.119085 1.128379 10.181381
v 0.232101 1.241394 9.985633
v 0.128379 1.119085 10.181381
v 0.241394 1.232101 9.985633
v 0.135476 1.108237 10.179215
v 0.248491 1.221252 9.983467
v -0.232100 0.758606 9.985633
v -0.119085 0.871621 10.181381
v -0.128379 0.880915 10.181381
v -0.241394 0.767900 9.985633
v -0.135475 0.891763 10.179215
v -0.248491 0.778748 9.983467
v -0.221252 0.751509 9.983467
v -0.108237 0.864525 10.179215
v 0.350000 0.693301 9.811103
v 0.350000 0.661598 9.799133
v 0.350000 0.672882 9.805722
v 0.350000 0.683546 9.809748
v 0.241394 0.767900 9.985633
v 0.128379 0.880915 10.181381
v 0.119085 0.871621 10.181381
v 0.232101 0.758606 9.985633
v 0.108237 0.864525 10.179215
v 0.221252 0.751509 9.983467
v 0.248491 0.778748 9.983467
v 0.135476 0.891763 10.179215
v -0.300000 0.700000 9.200000
v 0.300000 0.700000 9.200000
v -0.300000 1.300000 9.200000
v 0.300000 1.300000 9.200000
v 0.600000 1.600000 9.200000
v -0.500000 1.500000 8.000000
v -0.500000 0.500000 8.000000
v 0.500000 1.500000 8.000000
v 0.500000 0.500000 8.000000
v 7.000000 3.000000 7.000000
v 6.500000 3.000000 7.000000
v 6.500000 3.000000 7.300000
v 7.000000 3.000000 7.300000
v 7.000000 2.500000 7.000000
v 7.000000 2.500000 7.300000
v 6.500000 2.500000 7.000000
v 6.500000 2.500000 7.300000
v 1.500000 3.000000 7.000000
v 1.500000 -1.000000 7.000000
v 6.500000 -1.000000 7.000000
v 6.500000 -0.500000 7.000000
v 7.000000 -0.500000 7.000000
v 6.500000 -1.000000 7.300000
v 6.500000 -0.500000 7.300000
v 7.000000 -0.500000 7.300000
v 7.000000 -1.000000 7.000000
v 7.000000 -1.000000 7.300000
v -6.500000 2.500000 7.000000
v -6.500000 3.000000 7.000000
v -6.500000 3.000000 7.300000
v -6.500000 2.500000 7.300000
v -7.000000 2.500000 7.000000
v -7.000000 2.500000 7.300000
v -7.000000 3.000000 7.000000
v -7.000000 3.000000 7.300000
v -7.000000 -1.000000 7.000000
v -6.500000 -1.000000 7.000000
v -6.500000 -1.000000 7.300000
v -7.000000 -1.000000 7.300000
v -7.000000 -0.500000 7.000000
v -7.000000 -0.500000 7.300000
v -6.500000 -0.500000 7.000000
v -6.500000 -0.500000 7.300000
v -1.500000 -1.000000 7.000000
v -1.500000 3.000000 7.000000
v -0.200000 -1.700000 7.900000
v -0.239207 -1.701926 7.898074
v -0.278036 -1.707686 7.892314
v -0.353073 -1.730448 7.869552
v -0.422228 -1.767412 7.832588
v -0.482843 -1.817157 7.782843
v -0.532588 -1.877772 7.722228
v -0.569552 -1.946927 7.653073
v -0.592314 -2.021964 7.578036
v -0.600000 -2.100000 7.500000
v 0.500000 -2.100000 7.500000
v 0.492314 -2.021964 7.578036
v 0.469552 -1.946927 7.653073
v 0.432588 -1.877772 7.722228
v 0.382843 -1.817157 7.782843
v 0.322228 -1.767412 7.832588
v 0.253073 -1.730448 7.869552
v 0.178036 -1.707686 7.892314
v 0.139207 -1.701926 7.898074
v 0.100000 -1.700000 7.900000
v 0.600000 -1.600000 8.000000
v -0.600000 -1.600000 8.000000
v 0.657348 -2.400000 2.179296
v 0.900000 -3.400000 0.300000
v -0.900000 -3.400000 0.300000
v -1.100000 -3.600000 0.300000
v 1.100000 -3.600000 0.300000
v 1.100000 -3.600000 0.200000
v -1.100000 -3.600000 0.200000
v -1.300000 -3.800000 0.200000
v 1.300000 -3.800000 0.200000
v 1.300000 -3.800000 0.100000
v -1.300000 -3.800000 0.100000
v -1.500000 -4.000000 0.100000
v 1.500000 -4.000000 0.100000
v 1.500000 -4.000000 0.000000
v 1.500000 3.500000 6.500000
v 1.500000 3.500000 7.100000
v -1.500000 -4.000000 0.000000
v -1.500000 3.500000 7.100000
v -1.500000 3.500000 6.500000
v 7.500000 3.500000 6.500000
v 7.500000 3.500000 0.000000
v 0.000000 3.500000 0.000000
v -7.500000 3.500000 0.000000
v -7.500000 3.500000 6.500000
v -0.600000 2.600000 8.000000
v 0.600000 2.600000 8.000000
vt 0.450000 0.000000 0.000000
vt 0.450000 0.020000 0.000000
vt 0.000000 0.000000 0.000000
vt 0.000000 0.040000 0.000000
vt 0.550000 0.020000 0.000000
vt 1.000000 0.040000 0.000000
vt 1.000000 0.000000 0.000000
vt 0.550000 0.000000 0.000000
vt 0.600000 0.000000 0.000000
vt 1.100000 0.000000 0.000000
vt 0.600000 0.020000 0.000000
vt 1.100000 0.020000 0.000000
vt 0.000000 0.040000 0.000000
vt 1.700000 0.040000 0.000000
vt 1.200000 0.020000 0.000000
vt 1.700000 0.000000 0.000000
vt 1.200000 0.000000 0.000000
vt 0.500000 0.020000 0.000000
vt 0.000000 0.000000 0.000000
vt 0.500000 0.000000 0.000000
vt 0.550000 0.000000 0.000000
vt 1.000000 0.000000 0.000000
vt 0.550000 0.020000 0.000000
vt 1.000000 0.040000 0.000000
vt 0.000000 0.040000 0.000000
vt 0.450000 0.020000 0.000000
vt 0.000000 0.000000 0.000000
vt 0.450000 0.000000 0.000000
vt 1.200000 0.000000 0.000000
vt 1.700000 0.000000 0.000000
vt 1.200000 0.020000 0.000000
vt 1.700000 0.040000 0.000000
vt 1.100000 0.020000 0.000000
vt 0.000000 0.040000 0.000000
vt 0.600000 0.020000 0.000000
vt 0.500000 0.020000 0.000000
vt 0.000000 0.000000 0.000000
vt 0.500000 0.000000 0.000000
vt 0.600000 0.000000 0.000000
vt 1.100000 0.000000 0.000000
vt -0.000000 0.000000 0.000000
vt 1.900000 0.000000 0.000000
vt 0.000000 0.040000 0.000000
vt 1.900000 0.040000 0.000000
vt -0.000000 0.000000 0.000000
vt 1.200000 0.000000 0.000000
vt 0.000000 0.040000 0.000000
vt 1.200000 0.040000 0.000000
vt 0.000000 0.000000 0.000000
vt 1.900000 0.000000 0.000000
vt 0.000000 0.040000 0.000000
vt 1.900000 0.040000 0.000000
vt 0.000000 0.000000 0.000000
vt 1.200000 0.000000 0.000000
vt 0.000000 0.040000 0.000000
vt 1.200000 0.040000 0.000000
vt 0.850000 0.500000 0.000000
vt 0.850000 -0.500000 0.000000
vt 0.950000 -0.600000 0.000000
vt -0.850000 -0.500000 0.000000
vt -0.950000 -0.600000 0.000000
vt -0.850000 0.500000 0.000000
vt -0.950000 0.600000 0.000000
vt 0.950000 0.600000 0.000000
vt 1.000000 4.500000 0.000000
vt 1.450000 4.500000 0.000000
vt 1.000000 5.000000 0.000000
vt 1.450000 5.000000 0.000000
vt 1.450000 5.600000 0.000000
vt 1.000000 5.600000 0.000000
vt 1.450000 5.100000 0.000000
vt 1.000000 5.100000 0.000000
vt 1.000000 3.900000 0.000000
vt 1.450000 3.900000 0.000000
vt 1.000000 4.400000 0.000000
vt 1.450000 4.400000 0.000000
vt 2.000000 5.600000 0.000000
vt 1.550000 5.600000 0.000000
vt 2.000000 5.100000 0.000000
vt 1.550000 5.100000 0.000000
vt 2.000000 4.400000 0.000000
vt 1.550000 4.400000 0.000000
vt 2.000000 3.900000 0.000000
vt 1.550000 3.900000 0.000000
vt 0.200000 3.800000 0.000000
vt 0.600000 2.100000 0.000000
vt 0.700000 3.800000 0.000000
vt 0.862025 2.185443 0.000000
vt 0.900000 3.800000 0.000000
vt 1.030435 2.236957 0.000000
vt 1.242857 2.292857 0.000000
vt 0.200000 5.700000 0.000000
vt 0.000000 7.100000 0.000000
vt 0.000000 0.100000 0.000000
vt 0.200000 0.200000 0.000000
vt 0.400000 0.300000 0.000000
vt 0.400000 0.200000 0.000000
vt 0.900000 7.100000 0.000000
vt 0.700000 5.700000 0.000000
vt 0.900000 5.700000 0.000000
vt 1.050000 7.600000 0.000000
vt 1.450000 7.550000 0.000000
vt 1.850000 7.600000 0.000000
vt 1.501764 7.543185 0.000000
vt 1.550000 7.523205 0.000000
vt 1.051926 7.619604 0.000000
vt 0.953590 7.700000 0.000000
vt 0.913630 7.603528 0.000000
vt 0.900000 7.500000 0.000000
vt 1.017157 7.782843 0.000000
vt 1.057686 7.639018 0.000000
vt 1.067224 7.658057 0.000000
vt 1.080448 7.676537 0.000000
vt 1.100000 7.846410 0.000000
vt 1.117412 7.711114 0.000000
vt 1.167157 7.741421 0.000000
vt 1.196472 7.886370 0.000000
vt 1.296927 7.784776 0.000000
vt 1.300000 7.900000 0.000000
vt 1.450000 7.800000 0.000000
vt 1.600000 7.900000 0.000000
vt 1.603073 7.784776 0.000000
vt 1.703528 7.886370 0.000000
vt 1.732843 7.741421 0.000000
vt 1.800000 7.846410 0.000000
vt 1.782588 7.711114 0.000000
vt 1.819552 7.676537 0.000000
vt 1.882843 7.782843 0.000000
vt 1.832776 7.658057 0.000000
vt 1.842314 7.639018 0.000000
vt 1.848074 7.619604 0.000000
vt 1.946410 7.700000 0.000000
vt 1.986370 7.603528 0.000000
vt 2.000000 7.500000 0.000000
vt 2.000000 7.100000 0.000000
vt 1.643185 7.298236 0.000000
vt 1.623205 7.250000 0.000000
vt 1.256815 7.298236 0.000000
vt 1.250000 7.350000 0.000000
vt 0.200000 0.100000 0.000000
vt 0.600000 0.300000 0.000000
vt 0.600000 0.400000 0.000000
vt 1.500000 2.325000 0.000000
vt 2.100000 3.800000 0.000000
vt 1.757143 2.292857 0.000000
vt 1.969565 2.236957 0.000000
vt 2.137975 2.185443 0.000000
vt 2.300000 3.800000 0.000000
vt 2.100000 5.700000 0.000000
vt 2.300000 5.700000 0.000000
vt 3.000000 7.100000 0.000000
vt 2.800000 5.700000 0.000000
vt 2.800000 3.800000 0.000000
vt 2.400000 2.100000 0.000000
vt 3.000000 0.100000 0.000000
vt 2.400000 0.400000 0.000000
vt 2.600000 0.300000 0.000000
vt 2.800000 0.200000 0.000000
vt 2.800000 0.100000 0.000000
vt 2.400000 0.300000 0.000000
vt 2.600000 0.200000 0.000000
vt 1.256815 7.401764 0.000000
vt 1.276795 7.450000 0.000000
vt 1.308579 7.491421 0.000000
vt 1.350000 7.523205 0.000000
vt 1.398236 7.543185 0.000000
vt 1.591421 7.491421 0.000000
vt 1.623205 7.450000 0.000000
vt 1.643185 7.401764 0.000000
vt 1.650000 7.350000 0.000000
vt 1.591421 7.208579 0.000000
vt 1.550000 7.176795 0.000000
vt 1.501764 7.156815 0.000000
vt 1.450000 7.150000 0.000000
vt 1.398236 7.156815 0.000000
vt 1.350000 7.176795 0.000000
vt 1.308579 7.208579 0.000000
vt 1.276795 7.250000 0.000000
vt -0.000000 0.000000 0.000000
vt 0.500000 0.000000 0.000000
vt 0.000000 0.020000 0.000000
vt 0.500000 0.020000 0.000000
vt 0.000000 0.000000 0.000000
vt 0.450000 0.000000 0.000000
vt 0.000000 0.020000 0.000000
vt 0.450000 0.020000 0.000000
vt -0.000000 0.000000 0.000000
vt 0.450000 0.000000 0.000000
vt 0.000000 0.020000 0.000000
vt 0.450000 0.020000 0.000000
vt -0.000000 0.000000 0.000000
vt 0.500000 0.000000 0.000000
vt 0.000000 0.020000 0.000000
vt 0.500000 0.020000 0.000000
vt 0.000000 0.000000 0.000000
vt 0.500000 0.000000 0.000000
vt 0.000000 0.020000 0.000000
vt 0.500000 0.020000 0.000000
vt -0.000000 0.000000 0.000000
vt 0.450000 0.000000 0.000000
vt 0.000000 0.020000 0.000000
vt 0.450000 0.020000 0.000000
vt 0.000000 0.000000 0.000000
vt 0.450000 0.000000 0.000000
vt 0.000000 0.020000 0.000000
vt 0.450000 0.020000 0.000000
vt 0.000000 0.000000 0.000000
vt 0.500000 0.000000 0.000000
vt 0.000000 0.020000 0.000000
vt 0.500000 0.020000 0.000000
vt 0.000000 0.000000 0.000000
vt 0.450000 0.000000 0.000000
vt 0.000000 0.020000 0.000000
vt 0.450000 0.020000 0.000000
vt 0.000000 0.000000 0.000000
vt 0.450000 0.000000 0.000000
vt 0.000000 0.020000 0.000000
vt 0.450000 0.020000 0.000000
vt 0.000000 0.000000 0.000000
vt 0.500000 0.000000 0.000000
vt 0.000000 0.020000 0.000000
vt 0.500000 0.020000 0.000000
vt -0.000000 0.000000 0.000000
vt 0.500000 0.000000 0.000000
vt 0.000000 0.020000 0.000000
vt 0.500000 0.020000 0.000000
vt 0.000000 0.000000 0.000000
vt 0.450000 0.000000 0.000000
vt 0.000000 0.020000 0.000000
vt 0.450000 0.020000 0.000000
vt 0.000000 0.000000 0.000000
vt 0.450000 0.000000 0.000000
vt 0.000000 0.020000 0.000000
vt 0.450000 0.020000 0.000000
vt 0.250000 -0.500000 0.000000
vt 0.350000 -0.500000 0.000000
vt 0.250000 -0.050000 0.000000
vt 0.350000 -0.050000 0.000000
vt 0.250000 0.050000 0.000000
vt 0.350000 0.050000 0.000000
vt 0.250000 0.500000 0.000000
vt 0.350000 0.500000 0.000000
vt 0.850000 -0.050000 0.000000
vt 0.850000 0.050000 0.000000
vt -0.250000 0.050000 0.000000
vt -0.250000 -0.050000 0.000000
vt -0.350000 0.050000 0.000000
vt -0.350000 -0.050000 0.000000
vt -0.850000 0.050000 0.000000
vt -0.850000 -0.050000 0.000000
vt -0.250000 0.500000 0.000000
vt -0.350000 0.500000 0.000000
vt -0.350000 -0.500000 0.000000
vt -0.250000 -0.500000 0.000000
vt 0.000000 0.000000 0.000000
vt 0.158579 0.000000 0.000000
vt 0.000000 0.020000 0.000000
vt 0.158579 0.020000 0.000000
vt -0.020000 -0.111072 0.000000
vt -0.000000 -0.111072 0.000000
vt -0.020000 -0.092560 0.000000
vt -0.000000 -0.092560 0.000000
vt -0.020000 -0.074048 0.000000
vt -0.000000 -0.074048 0.000000
vt -0.020000 -0.055536 0.000000
vt -0.000000 -0.055536 0.000000
vt -0.020000 -0.037024 0.000000
vt -0.000000 -0.037024 0.000000
vt -0.020000 -0.018512 0.000000
vt -0.000000 -0.018512 0.000000
vt -0.020000 0.000000 0.000000
vt -0.000000 0.000000 0.000000
vt 0.000000 0.000000 0.000000
vt 1.558579 0.000000 0.000000
vt 0.000000 0.020000 0.000000
vt 1.558579 0.020000 0.000000
vt -0.020000 0.000000 0.000000
vt -0.000000 0.000000 0.000000
vt -0.020000 0.018512 0.000000
vt -0.000000 0.018512 0.000000
vt -0.020000 0.037024 0.000000
vt -0.000000 0.037024 0.000000
vt -0.020000 0.055536 0.000000
vt -0.000000 0.055536 0.000000
vt -0.020000 0.074048 0.000000
vt -0.000000 0.074048 0.000000
vt -0.020000 0.092560 0.000000
vt -0.000000 0.092560 0.000000
vt -0.020000 0.111072 0.000000
vt -0.000000 0.111072 0.000000
vt 0.000000 0.000000 0.000000
vt 0.158579 0.000000 0.000000
vt 0.000000 0.020000 0.000000
vt 0.158579 0.020000 0.000000
vt -0.020000 0.111072 0.000000
vt -0.000000 0.111072 0.000000
vt -0.020000 0.129584 0.000000
vt -0.000000 0.129584 0.000000
vt -0.020000 0.148096 0.000000
vt -0.000000 0.148096 0.000000
vt -0.020000 0.166608 0.000000
vt -0.000000 0.166608 0.000000
vt -0.020000 0.185120 0.000000
vt -0.000000 0.185120 0.000000
vt -0.020000 0.203632 0.000000
vt -0.000000 0.203632 0.000000
vt -0.020000 0.222144 0.000000
vt -0.000000 0.222144 0.000000
vt 0.000000 0.000000 0.000000
vt 1.558579 0.000000 0.000000
vt 0.000000 0.020000 0.000000
vt 1.558579 0.020000 0.000000
vt -0.020000 -0.222144 0.000000
vt -0.000000 -0.222144 0.000000
vt -0.020000 -0.203632 0.000000
vt 0.000000 -0.203632 0.000000
vt -0.020000 -0.185120 0.000000
vt 0.000000 -0.185120 0.000000
vt -0.020000 -0.166608 0.000000
vt -0.000000 -0.166608 0.000000
vt -0.020000 -0.148096 0.000000
vt -0.000000 -0.148096 0.000000
vt -0.020000 -0.129584 0.000000
vt -0.000000 -0.129584 0.000000
vt -0.020000 -0.111072 0.000000
vt -0.000000 -0.111072 0.000000
vt 0.000000 0.000000 0.000000
vt 0.500000 0.000000 0.000000
vt 0.000000 0.020000 0.000000
vt 0.500000 0.020000 0.000000
vt 0.000000 0.000000 0.000000
vt 1.900000 0.000000 0.000000
vt 0.000000 0.020000 0.000000
vt 1.900000 0.020000 0.000000
vt 0.000000 0.000000 0.000000
vt 0.500000 0.000000 0.000000
vt 0.000000 0.020000 0.000000
vt 0.500000 0.020000 0.000000
vt 0.000000 0.000000 0.000000
vt 1.900000 0.000000 0.000000
vt 0.000000 0.020000 0.000000
vt 1.900000 0.020000 0.000000
vt 0.081699 0.831699 0.000000
vt 0.088763 0.814645 0.000000
vt 0.079289 0.850000 0.000000
vt 0.100000 0.800000 0.000000
vt 0.114645 0.788763 0.000000
vt 0.131699 0.781699 0.000000
vt 0.150000 0.779289 0.000000
vt 0.250000 0.950000 0.000000
vt 0.250000 -0.950000 0.000000
vt 0.150000 -0.779289 0.000000
vt 0.079289 -0.850000 0.000000
vt 0.131699 -0.781699 0.000000
vt 0.114645 -0.788763 0.000000
vt 0.100000 -0.800000 0.000000
vt 0.088763 -0.814645 0.000000
vt 0.081699 -0.831699 0.000000
vt -0.079289 -0.850000 0.000000
vt -0.250000 -0.950000 0.000000
vt -0.150000 -0.779289 0.000000
vt -0.150000 0.779289 0.000000
vt -0.081699 -0.831699 0.000000
vt -0.088763 -0.814645 0.000000
vt -0.100000 -0.800000 0.000000
vt -0.114645 -0.788763 0.000000
vt -0.131699 -0.781699 0.000000
vt -0.131699 0.781699 0.000000
vt -0.079289 0.850000 0.000000
vt -0.250000 0.950000 0.000000
vt -0.114645 0.788763 0.000000
vt -0.100000 0.800000 0.000000
vt -0.088763 0.814645 0.000000
vt -0.081699 0.831699 0.000000
vt 2.000000 5.000000 0.000000
vt 1.550000 5.000000 0.000000
vt 2.000000 4.500000 0.000000
vt 1.550000 4.500000 0.000000
vt -0.020000 -0.222144 0.000000
vt -0.000000 -0.222144 0.000000
vt -0.020000 -0.203632 0.000000
vt 0.000000 -0.203632 0.000000
vt -0.020000 -0.185120 0.000000
vt 0.000000 -0.185120 0.000000
vt -0.020000 -0.166608 0.000000
vt -0.000000 -0.166608 0.000000
vt -0.020000 -0.148096 0.000000
vt -0.000000 -0.148096 0.000000
vt -0.020000 -0.129584 0.000000
vt -0.000000 -0.129584 0.000000
vt -0.020000 -0.111072 0.000000
vt -0.000000 -0.111072 0.000000
vt 0.000000 0.000000 0.000000
vt 0.158579 0.000000 0.000000
vt 0.000000 0.020000 0.000000
vt 0.158579 0.020000 0.000000
vt -0.020000 -0.111072 0.000000
vt -0.000000 -0.111072 0.000000
vt -0.020000 -0.092560 0.000000
vt -0.000000 -0.092560 0.000000
vt -0.020000 -0.074048 0.000000
vt -0.000000 -0.074048 0.000000
vt -0.020000 -0.055536 0.000000
vt -0.000000 -0.055536 0.000000
vt -0.020000 -0.037024 0.000000
vt -0.000000 -0.037024 0.000000
vt -0.020000 -0.018512 0.000000
vt -0.000000 -0.018512 0.000000
vt -0.020000 0.000000 0.000000
vt -0.000000 0.000000 0.000000
vt 0.000000 0.000000 0.000000
vt 1.558579 0.000000 0.000000
vt 0.000000 0.020000 0.000000
vt 1.558579 0.020000 0.000000
vt -0.020000 0.000000 0.000000
vt -0.000000 0.000000 0.000000
vt -0.020000 0.018512 0.000000
vt -0.000000 0.018512 0.000000
vt -0.020000 0.037024 0.000000
vt -0.000000 0.037024 0.000000
vt -0.020000 0.055536 0.000000
vt -0.000000 0.055536 0.000000
vt -0.020000 0.074048 0.000000
vt -0.000000 0.074048 0.000000
vt -0.020000 0.092560 0.000000
vt -0.000000 0.092560 0.000000
vt -0.020000 0.111072 0.000000
vt -0.000000 0.111072 0.000000
vt 0.000000 0.000000 0.000000
vt 0.158579 0.000000 0.000000
vt 0.000000 0.020000 0.000000
vt 0.158579 0.020000 0.000000
vt -0.020000 0.111072 0.000000
vt -0.000000 0.111072 0.000000
vt -0.020000 0.129584 0.000000
vt -0.000000 0.129584 0.000000
vt -0.020000 0.148096 0.000000
vt -0.000000 0.148096 0.000000
vt -0.020000 0.166608 0.000000
vt -0.000000 0.166608 0.000000
vt -0.020000 0.185120 0.000000
vt -0.000000 0.185120 0.000000
vt -0.020000 0.203632 0.000000
vt -0.000000 0.203632 0.000000
vt -0.020000 0.222144 0.000000
vt -0.000000 0.222144 0.000000
vt 0.000000 -0.000000 0.000000
vt 1.558579 0.000000 0.000000
vt 0.000000 0.020000 0.000000
vt 1.558579 0.020000 0.000000
vt -0.000000 0.000000 0.000000
vt 1.900000 0.000000 0.000000
vt 0.000000 0.020000 0.000000
vt 1.900000 0.020000 0.000000
vt -0.000000 0.000000 0.000000
vt 0.500000 0.000000 0.000000
vt 0.000000 0.020000 0.000000
vt 0.500000 0.020000 0.000000
vt 0.000000 0.000000 0.000000
vt 1.900000 0.000000 0.000000
vt 0.000000 0.020000 0.000000
vt 1.900000 0.020000 0.000000
vt 0.000000 0.000000 0.000000
vt 0.500000 0.000000 0.000000
vt 0.000000 0.020000 0.000000
vt 0.500000 0.020000 0.000000
vt 0.150000 -0.779289 0.000000
vt 0.250000 -0.950000 0.000000
vt 0.150000 0.779289 0.000000
vt 0.250000 0.950000 0.000000
vt 0.079289 0.850000 0.000000
vt -0.250000 0.950000 0.000000
vt -0.079289 0.850000 0.000000
vt -0.150000 0.779289 0.000000
vt -0.131699 0.781699 0.000000
vt 0.079289 -0.850000 0.000000
vt 0.131699 -0.781699 0.000000
vt 0.114645 -0.788763 0.000000
vt 0.100000 -0.800000 0.000000
vt 0.088763 -0.814645 0.000000
vt 0.081699 -0.831699 0.000000
vt -0.079289 -0.850000 0.000000
vt -0.250000 -0.950000 0.000000
vt -0.150000 -0.779289 0.000000
vt -0.081699 -0.831699 0.000000
vt -0.088763 -0.814645 0.000000
vt -0.100000 -0.800000 0.000000
vt -0.114645 -0.788763 0.000000
vt -0.131699 -0.781699 0.000000
vt -0.114645 0.788763 0.000000
vt -0.100000 0.800000 0.000000
vt -0.088763 0.814645 0.000000
vt -0.081699 0.831699 0.000000
vt 0.081699 0.831699 0.000000
vt 0.088763 0.814645 0.000000
vt 0.100000 0.800000 0.000000
vt 0.114645 0.788763 0.000000
vt 0.131699 0.781699 0.000000
vt 0.529289 5.600000 0.000000
vt 0.370711 5.600000 0.000000
vt 0.531699 5.581699 0.000000
vt 0.368301 5.581699 0.000000
vt 0.531699 3.918301 0.000000
vt 0.368301 3.918301 0.000000
vt 0.529289 3.900000 0.000000
vt 0.370711 3.900000 0.000000
vt 0.361237 3.935355 0.000000
vt 0.361237 5.564645 0.000000
vt 0.350000 3.950000 0.000000
vt 0.350000 5.550000 0.000000
vt 0.335355 3.961237 0.000000
vt 0.335355 5.538763 0.000000
vt 0.318301 3.968301 0.000000
vt 0.318301 5.531699 0.000000
vt 0.300000 3.970711 0.000000
vt 0.300000 5.529289 0.000000
vt 0.538763 3.935355 0.000000
vt 0.538763 5.564645 0.000000
vt 0.550000 3.950000 0.000000
vt 0.550000 5.550000 0.000000
vt 0.564645 3.961237 0.000000
vt 0.564645 5.538763 0.000000
vt 0.581699 3.968301 0.000000
vt 0.581699 5.531699 0.000000
vt 0.600000 3.970711 0.000000
vt 0.600000 5.529289 0.000000
vt 0.000000 0.000000 0.000000
vt 0.400000 0.000000 0.000000
vt 0.000000 0.020000 0.000000
vt 0.400000 0.020000 0.000000
vt -0.000000 0.000000 0.000000
vt 0.375000 0.000000 0.000000
vt 0.000000 0.020000 0.000000
vt 0.375000 0.020000 0.000000
vt 0.000000 0.000000 0.000000
vt 0.375000 0.000000 0.000000
vt 0.000000 0.020000 0.000000
vt 0.375000 0.020000 0.000000
vt 0.000000 0.000000 0.000000
vt 1.300000 0.000000 0.000000
vt 0.000000 0.020000 0.000000
vt 1.300000 0.020000 0.000000
vt 0.000000 0.000000 0.000000
vt 1.300000 0.000000 0.000000
vt 0.000000 0.020000 0.000000
vt 1.300000 0.020000 0.000000
vt 0.000000 0.000000 0.000000
vt 0.375000 0.000000 0.000000
vt 0.000000 0.020000 0.000000
vt 0.375000 0.020000 0.000000
vt -0.000000 0.000000 0.000000
vt 0.375000 0.000000 0.000000
vt 0.000000 0.020000 0.000000
vt 0.375000 0.020000 0.000000
vt 0.000000 0.000000 0.000000
vt 0.400000 0.000000 0.000000
vt 0.000000 0.020000 0.000000
vt 0.400000 0.020000 0.000000
vt -0.900000 -0.025000 0.000000
vt -0.500000 -0.025000 0.000000
vt -0.900000 0.025000 0.000000
vt -0.500000 0.025000 0.000000
vt -0.400000 -0.025000 0.000000
vt -0.400000 0.025000 0.000000
vt 0.900000 -0.025000 0.000000
vt 0.900000 0.025000 0.000000
vt -0.500000 -0.400000 0.000000
vt -0.400000 -0.400000 0.000000
vt -0.400000 0.400000 0.000000
vt -0.500000 0.400000 0.000000
vt 0.400000 0.000000 0.000000
vt 0.400000 0.020000 0.000000
vt 0.000000 0.000000 0.000000
vt 0.000000 0.040000 0.000000
vt 0.500000 0.020000 0.000000
vt 1.800000 0.040000 0.000000
vt 1.800000 0.000000 0.000000
vt 0.500000 0.000000 0.000000
vt 0.375000 0.000000 0.000000
vt 0.375000 0.020000 0.000000
vt 0.000000 0.000000 0.000000
vt 0.000000 0.040000 0.000000
vt 0.425000 0.020000 0.000000
vt 0.800000 0.040000 0.000000
vt 0.800000 0.000000 0.000000
vt 0.425000 0.000000 0.000000
vt 9.975000 5.900000 0.000000
vt 9.600000 5.900000 0.000000
vt 9.975000 4.600000 0.000000
vt 9.600000 4.600000 0.000000
vt 10.400000 5.900000 0.000000
vt 10.025000 5.900000 0.000000
vt 10.400000 4.600000 0.000000
vt 10.025000 4.600000 0.000000
vt 9.975000 6.400000 0.000000
vt 9.600000 6.400000 0.000000
vt 9.975000 6.000000 0.000000
vt 9.600000 6.000000 0.000000
vt -0.000000 0.000000 0.000000
vt 0.900000 0.000000 0.000000
vt 0.000000 0.020000 0.000000
vt 0.900000 0.020000 0.000000
vt 0.000000 0.000000 0.000000
vt 0.375000 0.000000 0.000000
vt 0.000000 0.020000 0.000000
vt 0.375000 0.020000 0.000000
vt -0.000000 0.000000 0.000000
vt 0.375000 0.000000 0.000000
vt 0.000000 0.020000 0.000000
vt 0.375000 0.020000 0.000000
vt -0.000000 0.000000 0.000000
vt 0.300000 0.000000 0.000000
vt 0.000000 0.020000 0.000000
vt 0.300000 0.020000 0.000000
vt 0.000000 0.000000 0.000000
vt 0.300000 0.000000 0.000000
vt 0.000000 0.020000 0.000000
vt 0.300000 0.020000 0.000000
vt -0.000000 0.000000 0.000000
vt 0.375000 0.000000 0.000000
vt 0.000000 0.020000 0.000000
vt 0.375000 0.020000 0.000000
vt 0.000000 0.000000 0.000000
vt 0.375000 0.000000 0.000000
vt 0.000000 0.020000 0.000000
vt 0.375000 0.020000 0.000000
vt 0.000000 0.000000 0.000000
vt 0.900000 0.000000 0.000000
vt 0.000000 0.020000 0.000000
vt 0.900000 0.020000 0.000000
vt 0.650000 0.025000 0.000000
vt -0.250000 0.025000 0.000000
vt 0.650000 -0.025000 0.000000
vt -0.250000 -0.025000 0.000000
vt -0.350000 0.025000 0.000000
vt -0.350000 -0.025000 0.000000
vt -0.650000 0.025000 0.000000
vt -0.650000 -0.025000 0.000000
vt -0.250000 0.400000 0.000000
vt -0.350000 0.400000 0.000000
vt -0.350000 -0.400000 0.000000
vt -0.250000 -0.400000 0.000000
vt 0.900000 0.000000 0.000000
vt 0.900000 0.020000 0.000000
vt 0.000000 0.000000 0.000000
vt 0.000000 0.040000 0.000000
vt 1.300000 0.040000 0.000000
vt 1.000000 0.020000 0.000000
vt 1.300000 0.000000 0.000000
vt 1.000000 0.000000 0.000000
vt 0.375000 0.000000 0.000000
vt 0.375000 0.020000 0.000000
vt 0.000000 0.000000 0.000000
vt 0.000000 0.040000 0.000000
vt 0.425000 0.020000 0.000000
vt 0.800000 0.040000 0.000000
vt 0.800000 0.000000 0.000000
vt 0.425000 0.000000 0.000000
vt 12.025000 3.600000 0.000000
vt 12.400000 3.600000 0.000000
vt 12.025000 3.900000 0.000000
vt 12.400000 3.900000 0.000000
vt 11.600000 3.600000 0.000000
vt 11.975000 3.600000 0.000000
vt 11.600000 3.900000 0.000000
vt 11.975000 3.900000 0.000000
vt 12.025000 2.600000 0.000000
vt 12.400000 2.600000 0.000000
vt 12.025000 3.500000 0.000000
vt 12.400000 3.500000 0.000000
vt 0.000000 0.000000 0.000000
vt 0.375000 0.000000 0.000000
vt 0.000000 0.020000 0.000000
vt 0.375000 0.020000 0.000000
vt 0.000000 0.000000 0.000000
vt 0.900000 0.000000 0.000000
vt 0.000000 0.020000 0.000000
vt 0.900000 0.020000 0.000000
vt -0.000000 0.000000 0.000000
vt 0.900000 0.000000 0.000000
vt 0.000000 0.020000 0.000000
vt 0.900000 0.020000 0.000000
vt 0.000000 0.000000 0.000000
vt 0.375000 0.000000 0.000000
vt 0.000000 0.020000 0.000000
vt 0.375000 0.020000 0.000000
vt -0.000000 0.000000 0.000000
vt 0.375000 0.000000 0.000000
vt 0.000000 0.020000 0.000000
vt 0.375000 0.020000 0.000000
vt -0.000000 0.000000 0.000000
vt 0.300000 0.000000 0.000000
vt 0.000000 0.020000 0.000000
vt 0.300000 0.020000 0.000000
vt 0.000000 0.000000 0.000000
vt 0.300000 0.000000 0.000000
vt 0.000000 0.020000 0.000000
vt 0.300000 0.020000 0.000000
vt -0.000000 0.000000 0.000000
vt 0.375000 0.000000 0.000000
vt 0.000000 0.020000 0.000000
vt 0.375000 0.020000 0.000000
vt -0.250000 0.400000 0.000000
vt -0.350000 0.400000 0.000000
vt -0.250000 0.025000 0.000000
vt -0.350000 0.025000 0.000000
vt -0.250000 -0.025000 0.000000
vt -0.350000 -0.025000 0.000000
vt -0.250000 -0.400000 0.000000
vt -0.350000 -0.400000 0.000000
vt -0.650000 0.025000 0.000000
vt -0.650000 -0.025000 0.000000
vt 0.650000 -0.025000 0.000000
vt 0.650000 0.025000 0.000000
vt 0.375000 0.000000 0.000000
vt 0.375000 0.020000 0.000000
vt 0.000000 0.000000 0.000000
vt 0.000000 0.040000 0.000000
vt 0.425000 0.020000 0.000000
vt 0.800000 0.040000 0.000000
vt 0.800000 0.000000 0.000000
vt 0.425000 0.000000 0.000000
vt 0.900000 0.000000 0.000000
vt 0.900000 0.020000 0.000000
vt 0.000000 0.000000 0.000000
vt 0.000000 0.040000 0.000000
vt 1.300000 0.040000 0.000000
vt 1.000000 0.020000 0.000000
vt 1.300000 0.000000 0.000000
vt 1.000000 0.000000 0.000000
vt 13.600000 1.600000 0.000000
vt 13.975000 1.600000 0.000000
vt 13.600000 1.900000 0.000000
vt 13.975000 1.900000 0.000000
vt 13.975000 1.500000 0.000000
vt 13.600000 1.500000 0.000000
vt 13.975000 0.600000 0.000000
vt 13.600000 0.600000 0.000000
vt 14.025000 1.600000 0.000000
vt 14.400000 1.600000 0.000000
vt 14.025000 1.900000 0.000000
vt 14.400000 1.900000 0.000000
vt 0.000000 0.000000 0.000000
vt 0.375000 0.000000 0.000000
vt 0.000000 0.020000 0.000000
vt 0.375000 0.020000 0.000000
vt 0.000000 0.000000 0.000000
vt 0.900000 0.000000 0.000000
vt 0.000000 0.020000 0.000000
vt 0.900000 0.020000 0.000000
vt -0.000000 0.000000 0.000000
vt 0.900000 0.000000 0.000000
vt 0.000000 0.020000 0.000000
vt 0.900000 0.020000 0.000000
vt 0.000000 0.000000 0.000000
vt 0.375000 0.000000 0.000000
vt 0.000000 0.020000 0.000000
vt 0.375000 0.020000 0.000000
vt -0.000000 0.000000 0.000000
vt 0.375000 0.000000 0.000000
vt 0.000000 0.020000 0.000000
vt 0.375000 0.020000 0.000000
vt -0.000000 0.000000 0.000000
vt 0.300000 0.000000 0.000000
vt 0.000000 0.020000 0.000000
vt 0.300000 0.020000 0.000000
vt 0.000000 0.000000 0.000000
vt 0.300000 0.000000 0.000000
vt 0.000000 0.020000 0.000000
vt 0.300000 0.020000 0.000000
vt -0.000000 0.000000 0.000000
vt 0.375000 0.000000 0.000000
vt 0.000000 0.020000 0.000000
vt 0.375000 0.020000 0.000000
vt -0.250000 0.400000 0.000000
vt -0.350000 0.400000 0.000000
vt -0.250000 0.025000 0.000000
vt -0.350000 0.025000 0.000000
vt -0.250000 -0.025000 0.000000
vt -0.350000 -0.025000 0.000000
vt -0.250000 -0.400000 0.000000
vt -0.350000 -0.400000 0.000000
vt -0.650000 0.025000 0.000000
vt -0.650000 -0.025000 0.000000
vt 0.650000 -0.025000 0.000000
vt 0.650000 0.025000 0.000000
vt 0.375000 -0.000000 0.000000
vt 0.375000 0.020000 0.000000
vt 0.000000 0.000000 0.000000
vt 0.000000 0.040000 0.000000
vt 0.425000 0.020000 0.000000
vt 0.800000 0.040000 0.000000
vt 0.800000 0.000000 0.000000
vt 0.425000 0.000000 0.000000
vt 0.900000 0.000000 0.000000
vt 0.900000 0.020000 0.000000
vt 0.000000 0.000000 0.000000
vt 0.000000 0.040000 0.000000
vt 1.300000 0.040000 0.000000
vt 1.000000 0.020000 0.000000
vt 1.300000 0.000000 0.000000
vt 1.000000 0.000000 0.000000
vt 9.600000 3.600000 0.000000
vt 9.975000 3.600000 0.000000
vt 9.600000 3.900000 0.000000
vt 9.975000 3.900000 0.000000
vt 9.975000 3.500000 0.000000
vt 9.600000 3.500000 0.000000
vt 9.975000 2.600000 0.000000
vt 9.600000 2.600000 0.000000
vt 10.025000 3.600000 0.000000
vt 10.400000 3.600000 0.000000
vt 10.025000 3.900000 0.000000
vt 10.400000 3.900000 0.000000
vt 0.000000 0.000000 0.000000
vt 0.400000 0.000000 0.000000
vt 0.000000 0.020000 0.000000
vt 0.400000 0.020000 0.000000
vt -0.000000 0.000000 0.000000
vt 0.375000 0.000000 0.000000
vt -0.000000 0.020000 0.000000
vt 0.375000 0.020000 0.000000
vt 0.000000 0.000000 0.000000
vt 0.375000 0.000000 0.000000
vt 0.000000 0.020000 0.000000
vt 0.375000 0.020000 0.000000
vt 0.000000 0.000000 0.000000
vt 1.300000 0.000000 0.000000
vt 0.000000 0.020000 0.000000
vt 1.300000 0.020000 0.000000
vt 0.000000 0.000000 0.000000
vt 1.300000 0.000000 0.000000
vt 0.000000 0.020000 0.000000
vt 1.300000 0.020000 0.000000
vt 0.000000 0.000000 0.000000
vt 0.375000 0.000000 0.000000
vt 0.000000 0.020000 0.000000
vt 0.375000 0.020000 0.000000
vt -0.000000 0.000000 0.000000
vt 0.375000 0.000000 0.000000
vt 0.000000 0.020000 0.000000
vt 0.375000 0.020000 0.000000
vt 0.000000 0.000000 0.000000
vt 0.400000 0.000000 0.000000
vt 0.000000 0.020000 0.000000
vt 0.400000 0.020000 0.000000
vt -0.900000 -0.025000 0.000000
vt -0.500000 -0.025000 0.000000
vt -0.900000 0.025000 0.000000
vt -0.500000 0.025000 0.000000
vt -0.400000 -0.025000 0.000000
vt -0.400000 0.025000 0.000000
vt 0.900000 -0.025000 0.000000
vt 0.900000 0.025000 0.000000
vt -0.500000 -0.400000 0.000000
vt -0.400000 -0.400000 0.000000
vt -0.400000 0.400000 0.000000
vt -0.500000 0.400000 0.000000
vt 0.400000 0.000000 0.000000
vt 0.400000 0.020000 0.000000
vt 0.000000 0.000000 0.000000
vt 0.000000 0.040000 0.000000
vt 0.500000 0.020000 0.000000
vt 1.800000 0.040000 0.000000
vt 1.800000 0.000000 0.000000
vt 0.500000 0.000000 0.000000
vt 0.375000 0.000000 0.000000
vt 0.375000 0.020000 0.000000
vt 0.000000 0.000000 0.000000
vt 0.000000 0.040000 0.000000
vt 0.800000 0.040000 0.000000
vt 0.425000 0.020000 0.000000
vt 0.800000 0.000000 0.000000
vt 0.425000 0.000000 0.000000
vt 11.975000 5.900000 0.000000
vt 11.600000 5.900000 0.000000
vt 11.975000 4.600000 0.000000
vt 11.600000 4.600000 0.000000
vt 12.400000 5.900000 0.000000
vt 12.025000 5.900000 0.000000
vt 12.400000 4.600000 0.000000
vt 12.025000 4.600000 0.000000
vt 11.975000 6.400000 0.000000
vt 11.600000 6.400000 0.000000
vt 11.975000 6.000000 0.000000
vt 11.600000 6.000000 0.000000
vt 0.000000 0.000000 0.000000
vt 0.900000 0.000000 0.000000
vt 0.000000 0.020000 0.000000
vt 0.900000 0.020000 0.000000
vt -0.000000 0.000000 0.000000
vt 0.900000 0.000000 0.000000
vt 0.000000 0.020000 0.000000
vt 0.900000 0.020000 0.000000
vt 0.000000 0.000000 0.000000
vt 0.375000 0.000000 0.000000
vt 0.000000 0.020000 0.000000
vt 0.375000 0.020000 0.000000
vt -0.000000 0.000000 0.000000
vt 0.375000 0.000000 0.000000
vt 0.000000 0.020000 0.000000
vt 0.375000 0.020000 0.000000
vt -0.000000 0.000000 0.000000
vt 0.300000 0.000000 0.000000
vt -0.000000 0.020000 0.000000
vt 0.300000 0.020000 0.000000
vt 0.000000 0.000000 0.000000
vt 0.300000 0.000000 0.000000
vt 0.000000 0.020000 0.000000
vt 0.300000 0.020000 0.000000
vt -0.000000 0.000000 0.000000
vt 0.375000 0.000000 0.000000
vt 0.000000 0.020000 0.000000
vt 0.375000 0.020000 0.000000
vt 0.000000 0.000000 0.000000
vt 0.375000 0.000000 0.000000
vt 0.000000 0.020000 0.000000
vt 0.375000 0.020000 0.000000
vt -0.250000 0.400000 0.000000
vt -0.350000 0.400000 0.000000
vt -0.250000 0.025000 0.000000
vt -0.350000 0.025000 0.000000
vt -0.250000 -0.025000 0.000000
vt -0.350000 -0.025000 0.000000
vt -0.250000 -0.400000 0.000000
vt -0.350000 -0.400000 0.000000
vt -0.650000 0.025000 0.000000
vt -0.650000 -0.025000 0.000000
vt 0.650000 -0.025000 0.000000
vt 0.650000 0.025000 0.000000
vt 0.900000 0.000000 0.000000
vt 0.900000 0.020000 0.000000
vt 0.000000 0.000000 0.000000
vt 0.000000 0.040000 0.000000
vt 1.300000 0.040000 0.000000
vt 1.000000 0.020000 0.000000
vt 1.300000 0.000000 0.000000
vt 1.000000 0.000000 0.000000
vt 0.375000 0.000000 0.000000
vt 0.375000 0.020000 0.000000
vt 0.000000 0.000000 0.000000
vt 0.000000 0.040000 0.000000
vt 0.425000 0.020000 0.000000
vt 0.800000 0.040000 0.000000
vt 0.800000 0.000000 0.000000
vt 0.425000 0.000000 0.000000
vt 14.025000 3.600000 0.000000
vt 14.400000 3.600000 0.000000
vt 14.025000 3.900000 0.000000
vt 14.400000 3.900000 0.000000
vt 13.600000 3.600000 0.000000
vt 13.975000 3.600000 0.000000
vt 13.600000 3.900000 0.000000
vt 13.975000 3.900000 0.000000
vt 14.025000 2.600000 0.000000
vt 14.400000 2.600000 0.000000
vt 14.025000 3.500000 0.000000
vt 14.400000 3.500000 0.000000
vt 0.000000 0.000000 0.000000
vt 0.300000 0.000000 0.000000
vt 0.000000 0.020000 0.000000
vt 0.300000 0.020000 0.000000
vt -0.000000 0.000000 0.000000
vt 0.375000 0.000000 0.000000
vt 0.000000 0.020000 0.000000
vt 0.375000 0.020000 0.000000
vt 0.000000 0.000000 0.000000
vt 0.375000 0.000000 0.000000
vt 0.000000 0.020000 0.000000
vt 0.375000 0.020000 0.000000
vt 0.000000 0.000000 0.000000
vt 0.900000 0.000000 0.000000
vt 0.000000 0.020000 0.000000
vt 0.900000 0.020000 0.000000
vt -0.000000 0.000000 0.000000
vt 0.900000 0.000000 0.000000
vt 0.000000 0.020000 0.000000
vt 0.900000 0.020000 0.000000
vt -0.000000 0.000000 0.000000
vt 0.375000 0.000000 0.000000
vt -0.000000 0.020000 0.000000
vt 0.375000 0.020000 0.000000
vt -0.000000 0.000000 0.000000
vt 0.375000 0.000000 0.000000
vt 0.000000 0.020000 0.000000
vt 0.375000 0.020000 0.000000
vt -0.000000 0.000000 0.000000
vt 0.300000 0.000000 0.000000
vt 0.000000 0.020000 0.000000
vt 0.300000 0.020000 0.000000
vt -0.650000 -0.025000 0.000000
vt -0.350000 -0.025000 0.000000
vt -0.650000 0.025000 0.000000
vt -0.350000 0.025000 0.000000
vt -0.250000 -0.025000 0.000000
vt -0.250000 0.025000 0.000000
vt 0.650000 -0.025000 0.000000
vt 0.650000 0.025000 0.000000
vt -0.350000 -0.400000 0.000000
vt -0.250000 -0.400000 0.000000
vt -0.250000 0.400000 0.000000
vt -0.350000 0.400000 0.000000
vt 0.375000 0.000000 0.000000
vt 0.375000 0.020000 0.000000
vt 0.000000 0.000000 0.000000
vt 0.000000 0.040000 0.000000
vt 0.425000 0.020000 0.000000
vt 0.800000 0.040000 0.000000
vt 0.800000 0.000000 0.000000
vt 0.425000 0.000000 0.000000
vt 0.900000 0.000000 0.000000
vt 0.900000 0.020000 0.000000
vt 0.000000 0.000000 0.000000
vt 0.000000 0.040000 0.000000
vt 1.300000 0.040000 0.000000
vt 1.000000 0.020000 0.000000
vt 1.300000 0.000000 0.000000
vt 1.000000 0.000000 0.000000
vt 11.975000 1.600000 0.000000
vt 11.975000 1.900000 0.000000
vt 11.600000 1.600000 0.000000
vt 11.600000 1.900000 0.000000
vt 11.975000 1.500000 0.000000
vt 11.600000 1.500000 0.000000
vt 11.975000 0.600000 0.000000
vt 11.600000 0.600000 0.000000
vt 12.025000 1.600000 0.000000
vt 12.400000 1.600000 0.000000
vt 12.025000 1.900000 0.000000
vt 12.400000 1.900000 0.000000
vt 0.000000 0.000000 0.000000
vt 0.300000 0.000000 0.000000
vt 0.000000 0.020000 0.000000
vt 0.300000 0.020000 0.000000
vt -0.000000 0.000000 0.000000
vt 0.375000 0.000000 0.000000
vt 0.000000 0.020000 0.000000
vt 0.375000 0.020000 0.000000
vt 0.000000 0.000000 0.000000
vt 0.375000 0.000000 0.000000
vt 0.000000 0.020000 0.000000
vt 0.375000 0.020000 0.000000
vt 0.000000 0.000000 0.000000
vt 0.900000 0.000000 0.000000
vt 0.000000 0.020000 0.000000
vt 0.900000 0.020000 0.000000
vt -0.000000 0.000000 0.000000
vt 0.900000 0.000000 0.000000
vt 0.000000 0.020000 0.000000
vt 0.900000 0.020000 0.000000
vt -0.000000 0.000000 0.000000
vt 0.375000 0.000000 0.000000
vt -0.000000 0.020000 0.000000
vt 0.375000 0.020000 0.000000
vt -0.000000 0.000000 0.000000
vt 0.375000 0.000000 0.000000
vt 0.000000 0.020000 0.000000
vt 0.375000 0.020000 0.000000
vt -0.000000 0.000000 0.000000
vt 0.300000 0.000000 0.000000
vt 0.000000 0.020000 0.000000
vt 0.300000 0.020000 0.000000
vt -0.650000 -0.025000 0.000000
vt -0.350000 -0.025000 0.000000
vt -0.650000 0.025000 0.000000
vt -0.350000 0.025000 0.000000
vt -0.250000 -0.025000 0.000000
vt -0.250000 0.025000 0.000000
vt 0.650000 -0.025000 0.000000
vt 0.650000 0.025000 0.000000
vt -0.350000 -0.400000 0.000000
vt -0.250000 -0.400000 0.000000
vt -0.250000 0.400000 0.000000
vt -0.350000 0.400000 0.000000
vt 0.375000 0.000000 0.000000
vt 0.375000 0.020000 0.000000
vt 0.000000 0.000000 0.000000
vt 0.000000 0.040000 0.000000
vt 0.425000 0.020000 0.000000
vt 0.800000 0.040000 0.000000
vt 0.800000 0.000000 0.000000
vt 0.425000 0.000000 0.000000
vt 0.900000 0.000000 0.000000
vt 0.900000 0.020000 0.000000
vt 0.000000 0.000000 0.000000
vt 0.000000 0.040000 0.000000
vt 1.300000 0.040000 0.000000
vt 1.000000 0.020000 0.000000
vt 1.300000 0.000000 0.000000
vt 1.000000 0.000000 0.000000
vt 9.975000 1.600000 0.000000
vt 9.975000 1.900000 0.000000
vt 9.600000 1.600000 0.000000
vt 9.600000 1.900000 0.000000
vt 9.975000 1.500000 0.000000
vt 9.600000 1.500000 0.000000
vt 9.975000 0.600000 0.000000
vt 9.600000 0.600000 0.000000
vt 10.400000 1.600000 0.000000
vt 10.400000 1.900000 0.000000
vt 10.025000 1.600000 0.000000
vt 10.025000 1.900000 0.000000
vt 0.000000 0.000000 0.000000
vt 0.400000 0.000000 0.000000
vt 0.000000 0.020000 0.000000
vt 0.400000 0.020000 0.000000
vt -0.000000 0.000000 0.000000
vt 0.375000 0.000000 0.000000
vt 0.000000 0.020000 0.000000
vt 0.375000 0.020000 0.000000
vt 0.000000 0.000000 0.000000
vt 0.375000 0.000000 0.000000
vt 0.000000 0.020000 0.000000
vt 0.375000 0.020000 0.000000
vt 0.000000 0.000000 0.000000
vt 1.300000 0.000000 0.000000
vt 0.000000 0.020000 0.000000
vt 1.300000 0.020000 0.000000
vt 0.000000 0.000000 0.000000
vt 1.300000 0.000000 0.000000
vt 0.000000 0.020000 0.000000
vt 1.300000 0.020000 0.000000
vt 0.000000 0.000000 0.000000
vt 0.375000 0.000000 0.000000
vt 0.000000 0.020000 0.000000
vt 0.375000 0.020000 0.000000
vt -0.000000 0.000000 0.000000
vt 0.375000 0.000000 0.000000
vt 0.000000 0.020000 0.000000
vt 0.375000 0.020000 0.000000
vt 0.000000 0.000000 0.000000
vt 0.400000 0.000000 0.000000
vt 0.000000 0.020000 0.000000
vt 0.400000 0.020000 0.000000
vt -0.900000 -0.025000 0.000000
vt -0.500000 -0.025000 0.000000
vt -0.900000 0.025000 0.000000
vt -0.500000 0.025000 0.000000
vt -0.400000 -0.025000 0.000000
vt -0.400000 0.025000 0.000000
vt 0.900000 -0.025000 0.000000
vt 0.900000 0.025000 0.000000
vt -0.500000 -0.400000 0.000000
vt -0.400000 -0.400000 0.000000
vt -0.400000 0.400000 0.000000
vt -0.500000 0.400000 0.000000
vt 0.375000 0.000000 0.000000
vt 0.375000 0.020000 0.000000
vt 0.000000 0.000000 0.000000
vt 0.000000 0.040000 0.000000
vt 0.800000 0.040000 0.000000
vt 0.425000 0.020000 0.000000
vt 0.800000 0.000000 0.000000
vt 0.425000 0.000000 0.000000
vt 1.300000 0.000000 0.000000
vt 1.300000 0.020000 0.000000
vt 0.000000 0.000000 0.000000
vt 0.000000 0.040000 0.000000
vt 1.800000 0.040000 0.000000
vt 1.400000 0.020000 0.000000
vt 1.800000 0.000000 0.000000
vt 1.400000 0.000000 0.000000
vt 13.600000 6.000000 0.000000
vt 13.975000 6.000000 0.000000
vt 13.600000 6.400000 0.000000
vt 13.975000 6.400000 0.000000
vt 13.975000 5.900000 0.000000
vt 13.600000 5.900000 0.000000
vt 13.975000 4.600000 0.000000
vt 13.600000 4.600000 0.000000
vt 14.025000 6.000000 0.000000
vt 14.400000 6.000000 0.000000
vt 14.025000 6.400000 0.000000
vt 14.400000 6.400000 0.000000
vt 0.000000 0.000000 0.000000
vt 0.400000 0.000000 0.000000
vt 0.000000 0.020000 0.000000
vt 0.400000 0.020000 0.000000
vt -0.000000 0.000000 0.000000
vt 0.375000 0.000000 0.000000
vt 0.000000 0.020000 0.000000
vt 0.375000 0.020000 0.000000
vt 0.000000 0.000000 0.000000
vt 0.375000 0.000000 0.000000
vt 0.000000 0.020000 0.000000
vt 0.375000 0.020000 0.000000
vt 0.000000 0.000000 0.000000
vt 1.300000 0.000000 0.000000
vt 0.000000 0.020000 0.000000
vt 1.300000 0.020000 0.000000
vt 0.000000 0.000000 0.000000
vt 1.300000 0.000000 0.000000
vt 0.000000 0.020000 0.000000
vt 1.300000 0.020000 0.000000
vt 0.000000 0.000000 0.000000
vt 0.375000 0.000000 0.000000
vt 0.000000 0.020000 0.000000
vt 0.375000 0.020000 0.000000
vt -0.000000 0.000000 0.000000
vt 0.375000 0.000000 0.000000
vt 0.000000 0.020000 0.000000
vt 0.375000 0.020000 0.000000
vt 0.000000 0.000000 0.000000
vt 0.400000 0.000000 0.000000
vt 0.000000 0.020000 0.000000
vt 0.400000 0.020000 0.000000
vt -0.900000 -0.025000 0.000000
vt -0.500000 -0.025000 0.000000
vt -0.900000 0.025000 0.000000
vt -0.500000 0.025000 0.000000
vt -0.400000 -0.025000 0.000000
vt -0.400000 0.025000 0.000000
vt 0.900000 -0.025000 0.000000
vt 0.900000 0.025000 0.000000
vt -0.500000 -0.400000 0.000000
vt -0.400000 -0.400000 0.000000
vt -0.400000 0.400000 0.000000
vt -0.500000 0.400000 0.000000
vt 0.375000 0.000000 0.000000
vt 0.375000 0.020000 0.000000
vt 0.000000 0.000000 0.000000
vt 0.000000 0.040000 0.000000
vt 0.425000 0.020000 0.000000
vt 0.800000 0.040000 0.000000
vt 0.800000 0.000000 0.000000
vt 0.425000 0.000000 0.000000
vt 1.300000 0.000000 0.000000
vt 1.300000 0.020000 0.000000
vt 0.000000 0.000000 0.000000
vt 0.000000 0.040000 0.000000
vt 1.800000 0.040000 0.000000
vt 1.400000 0.020000 0.000000
vt 1.800000 0.000000 0.000000
vt 1.400000 0.000000 0.000000
vt 0.600000 6.000000 0.000000
vt 0.975000 6.000000 0.000000
vt 0.600000 6.400000 0.000000
vt 0.975000 6.400000 0.000000
vt 0.975000 5.900000 0.000000
vt 0.600000 5.900000 0.000000
vt 0.975000 4.600000 0.000000
vt 0.600000 4.600000 0.000000
vt 1.025000 6.000000 0.000000
vt 1.400000 6.000000 0.000000
vt 1.025000 6.400000 0.000000
vt 1.400000 6.400000 0.000000
vt 0.000000 0.000000 0.000000
vt 0.900000 0.000000 0.000000
vt 0.000000 0.020000 0.000000
vt 0.900000 0.020000 0.000000
vt -0.000000 0.000000 0.000000
vt 0.900000 0.000000 0.000000
vt 0.000000 0.020000 0.000000
vt 0.900000 0.020000 0.000000
vt 0.000000 0.000000 0.000000
vt 0.375000 0.000000 0.000000
vt 0.000000 0.020000 0.000000
vt 0.375000 0.020000 0.000000
vt -0.000000 0.000000 0.000000
vt 0.375000 0.000000 0.000000
vt 0.000000 0.020000 0.000000
vt 0.375000 0.020000 0.000000
vt -0.000000 0.000000 0.000000
vt 0.300000 0.000000 0.000000
vt 0.000000 0.020000 0.000000
vt 0.300000 0.020000 0.000000
vt 0.000000 0.000000 0.000000
vt 0.300000 0.000000 0.000000
vt 0.000000 0.020000 0.000000
vt 0.300000 0.020000 0.000000
vt -0.000000 0.000000 0.000000
vt 0.375000 0.000000 0.000000
vt 0.000000 0.020000 0.000000
vt 0.375000 0.020000 0.000000
vt 0.000000 0.000000 0.000000
vt 0.375000 0.000000 0.000000
vt 0.000000 0.020000 0.000000
vt 0.375000 0.020000 0.000000
vt -0.250000 0.400000 0.000000
vt -0.350000 0.400000 0.000000
vt -0.250000 0.025000 0.000000
vt -0.350000 0.025000 0.000000
vt -0.250000 -0.025000 0.000000
vt -0.350000 -0.025000 0.000000
vt -0.250000 -0.400000 0.000000
vt -0.350000 -0.400000 0.000000
vt -0.650000 0.025000 0.000000
vt -0.650000 -0.025000 0.000000
vt 0.650000 -0.025000 0.000000
vt 0.650000 0.025000 0.000000
vt 0.900000 0.000000 0.000000
vt 0.900000 0.020000 0.000000
vt 0.000000 0.000000 0.000000
vt 0.000000 0.040000 0.000000
vt 1.300000 0.040000 0.000000
vt 1.000000 0.020000 0.000000
vt 1.300000 0.000000 0.000000
vt 1.000000 0.000000 0.000000
vt 0.375000 0.000000 0.000000
vt 0.375000 0.020000 0.000000
vt 0.000000 0.000000 0.000000
vt 0.000000 0.040000 0.000000
vt 0.425000 0.020000 0.000000
vt 0.800000 0.040000 0.000000
vt 0.800000 0.000000 0.000000
vt 0.425000 0.000000 0.000000
vt 3.025000 3.600000 0.000000
vt 3.400000 3.600000 0.000000
vt 3.025000 3.900000 0.000000
vt 3.400000 3.900000 0.000000
vt 2.600000 3.600000 0.000000
vt 2.975000 3.600000 0.000000
vt 2.600000 3.900000 0.000000
vt 2.975000 3.900000 0.000000
vt 3.025000 2.600000 0.000000
vt 3.400000 2.600000 0.000000
vt 3.025000 3.500000 0.000000
vt 3.400000 3.500000 0.000000
vt -0.000000 0.000000 0.000000
vt 0.900000 0.000000 0.000000
vt 0.000000 0.020000 0.000000
vt 0.900000 0.020000 0.000000
vt 0.000000 0.000000 0.000000
vt 0.375000 0.000000 0.000000
vt 0.000000 0.020000 0.000000
vt 0.375000 0.020000 0.000000
vt -0.000000 0.000000 0.000000
vt 0.375000 0.000000 0.000000
vt 0.000000 0.020000 0.000000
vt 0.375000 0.020000 0.000000
vt -0.000000 0.000000 0.000000
vt 0.300000 0.000000 0.000000
vt 0.000000 0.020000 0.000000
vt 0.300000 0.020000 0.000000
vt 0.000000 0.000000 0.000000
vt 0.300000 0.000000 0.000000
vt 0.000000 0.020000 0.000000
vt 0.300000 0.020000 0.000000
vt -0.000000 0.000000 0.000000
vt 0.375000 0.000000 0.000000
vt 0.000000 0.020000 0.000000
vt 0.375000 0.020000 0.000000
vt 0.000000 0.000000 0.000000
vt 0.375000 0.000000 0.000000
vt 0.000000 0.020000 0.000000
vt 0.375000 0.020000 0.000000
vt 0.000000 0.000000 0.000000
vt 0.900000 0.000000 0.000000
vt 0.000000 0.020000 0.000000
vt 0.900000 0.020000 0.000000
vt 0.650000 0.025000 0.000000
vt -0.250000 0.025000 0.000000
vt 0.650000 -0.025000 0.000000
vt -0.250000 -0.025000 0.000000
vt -0.350000 0.025000 0.000000
vt -0.350000 -0.025000 0.000000
vt -0.650000 0.025000 0.000000
vt -0.650000 -0.025000 0.000000
vt -0.250000 0.400000 0.000000
vt -0.350000 0.400000 0.000000
vt -0.350000 -0.400000 0.000000
vt -0.250000 -0.400000 0.000000
vt 0.900000 0.000000 0.000000
vt 0.900000 0.020000 0.000000
vt 0.000000 0.000000 0.000000
vt 0.000000 0.040000 0.000000
vt 1.300000 0.040000 0.000000
vt 1.000000 0.020000 0.000000
vt 1.300000 0.000000 0.000000
vt 1.000000 0.000000 0.000000
vt 0.375000 0.000000 0.000000
vt 0.375000 0.020000 0.000000
vt 0.000000 0.000000 0.000000
vt 0.000000 0.040000 0.000000
vt 0.425000 0.020000 0.000000
vt 0.800000 0.040000 0.000000
vt 0.800000 0.000000 0.000000
vt 0.425000 0.000000 0.000000
vt 5.025000 1.600000 0.000000
vt 5.400000 1.600000 0.000000
vt 5.025000 1.900000 0.000000
vt 5.400000 1.900000 0.000000
vt 4.600000 1.600000 0.000000
vt 4.975000 1.600000 0.000000
vt 4.600000 1.900000 0.000000
vt 4.975000 1.900000 0.000000
vt 5.025000 0.600000 0.000000
vt 5.400000 0.600000 0.000000
vt 5.025000 1.500000 0.000000
vt 5.400000 1.500000 0.000000
vt 0.000000 0.000000 0.000000
vt 0.900000 0.000000 0.000000
vt 0.000000 0.020000 0.000000
vt 0.900000 0.020000 0.000000
vt -0.000000 0.000000 0.000000
vt 0.900000 0.000000 0.000000
vt 0.000000 0.020000 0.000000
vt 0.900000 0.020000 0.000000
vt 0.000000 0.000000 0.000000
vt 0.375000 0.000000 0.000000
vt 0.000000 0.020000 0.000000
vt 0.375000 0.020000 0.000000
vt -0.000000 0.000000 0.000000
vt 0.375000 0.000000 0.000000
vt 0.000000 0.020000 0.000000
vt 0.375000 0.020000 0.000000
vt -0.000000 0.000000 0.000000
vt 0.300000 0.000000 0.000000
vt 0.000000 0.020000 0.000000
vt 0.300000 0.020000 0.000000
vt 0.000000 0.000000 0.000000
vt 0.300000 0.000000 0.000000
vt 0.000000 0.020000 0.000000
vt 0.300000 0.020000 0.000000
vt -0.000000 0.000000 0.000000
vt 0.375000 0.000000 0.000000
vt 0.000000 0.020000 0.000000
vt 0.375000 0.020000 0.000000
vt 0.000000 0.000000 0.000000
vt 0.375000 0.000000 0.000000
vt 0.000000 0.020000 0.000000
vt 0.375000 0.020000 0.000000
vt -0.250000 0.400000 0.000000
vt -0.350000 0.400000 0.000000
vt -0.250000 0.025000 0.000000
vt -0.350000 0.025000 0.000000
vt -0.250000 -0.025000 0.000000
vt -0.350000 -0.025000 0.000000
vt -0.250000 -0.400000 0.000000
vt -0.350000 -0.400000 0.000000
vt -0.650000 0.025000 0.000000
vt -0.650000 -0.025000 0.000000
vt 0.650000 -0.025000 0.000000
vt 0.650000 0.025000 0.000000
vt 0.900000 0.000000 0.000000
vt 0.900000 0.020000 0.000000
vt 0.000000 0.000000 0.000000
vt 0.000000 0.040000 0.000000
vt 1.300000 0.040000 0.000000
vt 1.000000 0.020000 0.000000
vt 1.300000 0.000000 0.000000
vt 1.000000 0.000000 0.000000
vt 0.375000 0.000000 0.000000
vt 0.375000 0.020000 0.000000
vt 0.000000 0.000000 0.000000
vt 0.000000 0.040000 0.000000
vt 0.425000 0.020000 0.000000
vt 0.800000 0.040000 0.000000
vt 0.800000 0.000000 0.000000
vt 0.425000 0.000000 0.000000
vt 1.025000 3.600000 0.000000
vt 1.400000 3.600000 0.000000
vt 1.025000 3.900000 0.000000
vt 1.400000 3.900000 0.000000
vt 0.600000 3.600000 0.000000
vt 0.975000 3.600000 0.000000
vt 0.600000 3.900000 0.000000
vt 0.975000 3.900000 0.000000
vt 1.025000 2.600000 0.000000
vt 1.400000 2.600000 0.000000
vt 1.025000 3.500000 0.000000
vt 1.400000 3.500000 0.000000
vt 0.000000 0.000000 0.000000
vt 0.400000 0.000000 0.000000
vt 0.000000 0.020000 0.000000
vt 0.400000 0.020000 0.000000
vt -0.000000 0.000000 0.000000
vt 0.375000 0.000000 0.000000
vt 0.000000 0.020000 0.000000
vt 0.375000 0.020000 0.000000
vt 0.000000 0.000000 0.000000
vt 0.375000 0.000000 0.000000
vt 0.000000 0.020000 0.000000
vt 0.375000 0.020000 0.000000
vt 0.000000 0.000000 0.000000
vt 1.300000 0.000000 0.000000
vt 0.000000 0.020000 0.000000
vt 1.300000 0.020000 0.000000
vt 0.000000 0.000000 0.000000
vt 1.300000 0.000000 0.000000
vt 0.000000 0.020000 0.000000
vt 1.300000 0.020000 0.000000
vt 0.000000 0.000000 0.000000
vt 0.375000 0.000000 0.000000
vt 0.000000 0.020000 0.000000
vt 0.375000 0.020000 0.000000
vt -0.000000 0.000000 0.000000
vt 0.375000 0.000000 0.000000
vt 0.000000 0.020000 0.000000
vt 0.375000 0.020000 0.000000
vt 0.000000 0.000000 0.000000
vt 0.400000 0.000000 0.000000
vt 0.000000 0.020000 0.000000
vt 0.400000 0.020000 0.000000
vt -0.900000 -0.025000 0.000000
vt -0.500000 -0.025000 0.000000
vt -0.900000 0.025000 0.000000
vt -0.500000 0.025000 0.000000
vt -0.400000 -0.025000 0.000000
vt -0.400000 0.025000 0.000000
vt 0.900000 -0.025000 0.000000
vt 0.900000 0.025000 0.000000
vt -0.500000 -0.400000 0.000000
vt -0.400000 -0.400000 0.000000
vt -0.400000 0.400000 0.000000
vt -0.500000 0.400000 0.000000
vt 0.375000 0.000000 0.000000
vt 0.375000 0.020000 0.000000
vt 0.000000 0.000000 0.000000
vt 0.000000 0.040000 0.000000
vt 0.425000 0.020000 0.000000
vt 0.800000 0.040000 0.000000
vt 0.800000 0.000000 0.000000
vt 0.425000 0.000000 0.000000
vt 1.300000 0.000000 0.000000
vt 1.300000 0.020000 0.000000
vt 0.000000 0.000000 0.000000
vt 0.000000 0.040000 0.000000
vt 1.800000 0.040000 0.000000
vt 1.400000 0.020000 0.000000
vt 1.800000 0.000000 0.000000
vt 1.400000 0.000000 0.000000
vt 2.600000 6.000000 0.000000
vt 2.975000 6.000000 0.000000
vt 2.600000 6.400000 0.000000
vt 2.975000 6.400000 0.000000
vt 2.975000 5.900000 0.000000
vt 2.600000 5.900000 0.000000
vt 2.975000 4.600000 0.000000
vt 2.600000 4.600000 0.000000
vt 3.025000 6.000000 0.000000
vt 3.400000 6.000000 0.000000
vt 3.025000 6.400000 0.000000
vt 3.400000 6.400000 0.000000
vt 0.000000 0.000000 0.000000
vt 0.900000 0.000000 0.000000
vt 0.000000 0.020000 0.000000
vt 0.900000 0.020000 0.000000
vt -0.000000 0.000000 0.000000
vt 0.900000 0.000000 0.000000
vt 0.000000 0.020000 0.000000
vt 0.900000 0.020000 0.000000
vt 0.000000 0.000000 0.000000
vt 0.375000 0.000000 0.000000
vt 0.000000 0.020000 0.000000
vt 0.375000 0.020000 0.000000
vt -0.000000 0.000000 0.000000
vt 0.375000 0.000000 0.000000
vt 0.000000 0.020000 0.000000
vt 0.375000 0.020000 0.000000
vt -0.000000 0.000000 0.000000
vt 0.300000 0.000000 0.000000
vt 0.000000 0.020000 0.000000
vt 0.300000 0.020000 0.000000
vt 0.000000 0.000000 0.000000
vt 0.300000 0.000000 0.000000
vt 0.000000 0.020000 0.000000
vt 0.300000 0.020000 0.000000
vt -0.000000 0.000000 0.000000
vt 0.375000 0.000000 0.000000
vt 0.000000 0.020000 0.000000
vt 0.375000 0.020000 0.000000
vt 0.000000 0.000000 0.000000
vt 0.375000 0.000000 0.000000
vt 0.000000 0.020000 0.000000
vt 0.375000 0.020000 0.000000
vt -0.250000 0.400000 0.000000
vt -0.350000 0.400000 0.000000
vt -0.250000 0.025000 0.000000
vt -0.350000 0.025000 0.000000
vt -0.250000 -0.025000 0.000000
vt -0.350000 -0.025000 0.000000
vt -0.250000 -0.400000 0.000000
vt -0.350000 -0.400000 0.000000
vt -0.650000 0.025000 0.000000
vt -0.650000 -0.025000 0.000000
vt 0.650000 -0.025000 0.000000
vt 0.650000 0.025000 0.000000
vt 0.900000 0.000000 0.000000
vt 0.900000 0.020000 0.000000
vt 0.000000 0.000000 0.000000
vt 0.000000 0.040000 0.000000
vt 1.300000 0.040000 0.000000
vt 1.000000 0.020000 0.000000
vt 1.300000 0.000000 0.000000
vt 1.000000 0.000000 0.000000
vt 0.375000 0.000000 0.000000
vt 0.375000 0.020000 0.000000
vt 0.000000 0.000000 0.000000
vt 0.000000 0.040000 0.000000
vt 0.425000 0.020000 0.000000
vt 0.800000 0.040000 0.000000
vt 0.800000 0.000000 0.000000
vt 0.425000 0.000000 0.000000
vt 5.025000 3.600000 0.000000
vt 5.400000 3.600000 0.000000
vt 5.025000 3.900000 0.000000
vt 5.400000 3.900000 0.000000
vt 4.600000 3.600000 0.000000
vt 4.975000 3.600000 0.000000
vt 4.600000 3.900000 0.000000
vt 4.975000 3.900000 0.000000
vt 5.025000 2.600000 0.000000
vt 5.400000 2.600000 0.000000
vt 5.025000 3.500000 0.000000
vt 5.400000 3.500000 0.000000
vt 0.000000 0.000000 0.000000
vt 0.375000 0.000000 0.000000
vt 0.000000 0.020000 0.000000
vt 0.375000 0.020000 0.000000
vt 0.000000 0.000000 0.000000
vt 0.900000 0.000000 0.000000
vt 0.000000 0.020000 0.000000
vt 0.900000 0.020000 0.000000
vt -0.000000 0.000000 0.000000
vt 0.900000 0.000000 0.000000
vt 0.000000 0.020000 0.000000
vt 0.900000 0.020000 0.000000
vt 0.000000 0.000000 0.000000
vt 0.375000 0.000000 0.000000
vt 0.000000 0.020000 0.000000
vt 0.375000 0.020000 0.000000
vt -0.000000 0.000000 0.000000
vt 0.375000 0.000000 0.000000
vt 0.000000 0.020000 0.000000
vt 0.375000 0.020000 0.000000
vt -0.000000 0.000000 0.000000
vt 0.300000 0.000000 0.000000
vt 0.000000 0.020000 0.000000
vt 0.300000 0.020000 0.000000
vt 0.000000 0.000000 0.000000
vt 0.300000 0.000000 0.000000
vt 0.000000 0.020000 0.000000
vt 0.300000 0.020000 0.000000
vt -0.000000 0.000000 0.000000
vt 0.375000 0.000000 0.000000
vt 0.000000 0.020000 0.000000
vt 0.375000 0.020000 0.000000
vt -0.250000 0.400000 0.000000
vt -0.350000 0.400000 0.000000
vt -0.250000 0.025000 0.000000
vt -0.350000 0.025000 0.000000
vt -0.250000 -0.025000 0.000000
vt -0.350000 -0.025000 0.000000
vt -0.250000 -0.400000 0.000000
vt -0.350000 -0.400000 0.000000
vt -0.650000 0.025000 0.000000
vt -0.650000 -0.025000 0.000000
vt 0.650000 -0.025000 0.000000
vt 0.650000 0.025000 0.000000
vt 0.900000 0.000000 0.000000
vt 0.900000 0.020000 0.000000
vt 0.000000 0.000000 0.000000
vt 0.000000 0.040000 0.000000
vt 1.300000 0.040000 0.000000
vt 1.000000 0.020000 0.000000
vt 1.300000 0.000000 0.000000
vt 1.000000 0.000000 0.000000
vt 0.375000 0.000000 0.000000
vt 0.375000 0.020000 0.000000
vt 0.000000 0.000000 0.000000
vt 0.000000 0.040000 0.000000
vt 0.800000 0.040000 0.000000
vt 0.425000 0.020000 0.000000
vt 0.800000 0.000000 0.000000
vt 0.425000 0.000000 0.000000
vt 3.025000 1.900000 0.000000
vt 3.025000 1.600000 0.000000
vt 3.400000 1.900000 0.000000
vt 3.400000 1.600000 0.000000
vt 2.975000 1.600000 0.000000
vt 2.975000 1.900000 0.000000
vt 2.600000 1.600000 0.000000
vt 2.600000 1.900000 0.000000
vt 3.025000 0.600000 0.000000
vt 3.400000 0.600000 0.000000
vt 3.025000 1.500000 0.000000
vt 3.400000 1.500000 0.000000
vt 0.000000 0.000000 0.000000
vt 0.375000 0.000000 0.000000
vt 0.000000 0.020000 0.000000
vt 0.375000 0.020000 0.000000
vt 0.000000 0.000000 0.000000
vt 0.900000 0.000000 0.000000
vt 0.000000 0.020000 0.000000
vt 0.900000 0.020000 0.000000
vt -0.000000 0.000000 0.000000
vt 0.900000 0.000000 0.000000
vt 0.000000 0.020000 0.000000
vt 0.900000 0.020000 0.000000
vt 0.000000 0.000000 0.000000
vt 0.375000 0.000000 0.000000
vt 0.000000 0.020000 0.000000
vt 0.375000 0.020000 0.000000
vt -0.000000 0.000000 0.000000
vt 0.375000 0.000000 0.000000
vt 0.000000 0.020000 0.000000
vt 0.375000 0.020000 0.000000
vt -0.000000 0.000000 0.000000
vt 0.300000 0.000000 0.000000
vt 0.000000 0.020000 0.000000
vt 0.300000 0.020000 0.000000
vt 0.000000 0.000000 0.000000
vt 0.300000 0.000000 0.000000
vt 0.000000 0.020000 0.000000
vt 0.300000 0.020000 0.000000
vt -0.000000 0.000000 0.000000
vt 0.375000 0.000000 0.000000
vt 0.000000 0.020000 0.000000
vt 0.375000 0.020000 0.000000
vt -0.250000 0.400000 0.000000
vt -0.350000 0.400000 0.000000
vt -0.250000 0.025000 0.000000
vt -0.350000 0.025000 0.000000
vt -0.250000 -0.025000 0.000000
vt -0.350000 -0.025000 0.000000
vt -0.250000 -0.400000 0.000000
vt -0.350000 -0.400000 0.000000
vt -0.650000 0.025000 0.000000
vt -0.650000 -0.025000 0.000000
vt 0.650000 -0.025000 0.000000
vt 0.650000 0.025000 0.000000
vt 0.900000 0.000000 0.000000
vt 0.900000 0.020000 0.000000
vt 0.000000 0.000000 0.000000
vt 0.000000 0.040000 0.000000
vt 1.300000 0.040000 0.000000
vt 1.000000 0.020000 0.000000
vt 1.300000 0.000000 0.000000
vt 1.000000 0.000000 0.000000
vt 0.375000 0.000000 0.000000
vt 0.375000 0.020000 0.000000
vt 0.000000 0.000000 0.000000
vt 0.000000 0.040000 0.000000
vt 0.800000 0.040000 0.000000
vt 0.425000 0.020000 0.000000
vt 0.800000 0.000000 0.000000
vt 0.425000 0.000000 0.000000
vt 1.025000 1.900000 0.000000
vt 1.025000 1.600000 0.000000
vt 1.400000 1.900000 0.000000
vt 1.400000 1.600000 0.000000
vt 0.975000 1.600000 0.000000
vt 0.975000 1.900000 0.000000
vt 0.600000 1.600000 0.000000
vt 0.600000 1.900000 0.000000
vt 1.025000 0.600000 0.000000
vt 1.400000 0.600000 0.000000
vt 1.025000 1.500000 0.000000
vt 1.400000 1.500000 0.000000
vt 0.000000 0.000000 0.000000
vt 0.400000 0.000000 0.000000
vt 0.000000 0.020000 0.000000
vt 0.400000 0.020000 0.000000
vt -0.000000 0.000000 0.000000
vt 0.375000 0.000000 0.000000
vt 0.000000 0.020000 0.000000
vt 0.375000 0.020000 0.000000
vt 0.000000 0.000000 0.000000
vt 0.375000 0.000000 0.000000
vt 0.000000 0.020000 0.000000
vt 0.375000 0.020000 0.000000
vt 0.000000 0.000000 0.000000
vt 1.300000 0.000000 0.000000
vt 0.000000 0.020000 0.000000
vt 1.300000 0.020000 0.000000
vt 0.000000 0.000000 0.000000
vt 1.300000 0.000000 0.000000
vt 0.000000 0.020000 0.000000
vt 1.300000 0.020000 0.000000
vt 0.000000 0.000000 0.000000
vt 0.375000 0.000000 0.000000
vt 0.000000 0.020000 0.000000
vt 0.375000 0.020000 0.000000
vt -0.000000 0.000000 0.000000
vt 0.375000 0.000000 0.000000
vt 0.000000 0.020000 0.000000
vt 0.375000 0.020000 0.000000
vt 0.000000 0.000000 0.000000
vt 0.400000 0.000000 0.000000
vt 0.000000 0.020000 0.000000
vt 0.400000 0.020000 0.000000
vt -0.900000 -0.025000 0.000000
vt -0.500000 -0.025000 0.000000
vt -0.900000 0.025000 0.000000
vt -0.500000 0.025000 0.000000
vt -0.400000 -0.025000 0.000000
vt -0.400000 0.025000 0.000000
vt 0.900000 -0.025000 0.000000
vt 0.900000 0.025000 0.000000
vt -0.500000 -0.400000 0.000000
vt -0.400000 -0.400000 0.000000
vt -0.400000 0.400000 0.000000
vt -0.500000 0.400000 0.000000
vt 0.375000 0.000000 0.000000
vt 0.375000 0.020000 0.000000
vt 0.000000 0.000000 0.000000
vt 0.000000 0.040000 0.000000
vt 0.425000 0.020000 0.000000
vt 0.800000 0.040000 0.000000
vt 0.800000 0.000000 0.000000
vt 0.425000 0.000000 0.000000
vt 1.300000 0.000000 0.000000
vt 1.300000 0.020000 0.000000
vt 0.000000 0.000000 0.000000
vt 0.000000 0.040000 0.000000
vt 1.800000 0.040000 0.000000
vt 1.400000 0.020000 0.000000
vt 1.800000 0.000000 0.000000
vt 1.400000 0.000000 0.000000
vt 4.600000 6.000000 0.000000
vt 4.975000 6.000000 0.000000
vt 4.600000 6.400000 0.000000
vt 4.975000 6.400000 0.000000
vt 4.975000 5.900000 0.000000
vt 4.600000 5.900000 0.000000
vt 4.975000 4.600000 0.000000
vt 4.600000 4.600000 0.000000
vt 5.025000 6.000000 0.000000
vt 5.400000 6.000000 0.000000
vt 5.025000 6.400000 0.000000
vt 5.400000 6.400000 0.000000
vt 0.400000 0.000000 0.000000
vt 1.300000 0.000000 0.000000
vt 0.400000 0.020000 0.000000
vt 1.300000 0.040000 0.000000
vt 0.000000 0.040000 0.000000
vt 0.300000 0.020000 0.000000
vt 0.000000 0.000000 0.000000
vt 0.300000 0.000000 0.000000
vt 0.425000 0.000000 0.000000
vt 0.800000 0.000000 0.000000
vt 0.425000 0.020000 0.000000
vt 0.800000 0.040000 0.000000
vt 0.000000 0.040000 0.000000
vt 0.375000 0.020000 0.000000
vt 0.000000 0.000000 0.000000
vt 0.375000 0.000000 0.000000
vt 0.000000 0.000000 0.000000
vt 1.500000 0.000000 0.000000
vt 0.000000 0.040000 0.000000
vt 1.500000 0.040000 0.000000
vt 0.000000 0.000000 0.000000
vt 1.000000 0.000000 0.000000
vt 0.000000 0.040000 0.000000
vt 1.000000 0.040000 0.000000
vt -0.000000 0.000000 0.000000
vt 1.500000 0.000000 0.000000
vt 0.000000 0.040000 0.000000
vt 1.500000 0.040000 0.000000
vt -0.000000 0.000000 0.000000
vt 1.000000 0.000000 0.000000
vt 0.000000 0.040000 0.000000
vt 1.000000 0.040000 0.000000
vt 0.650000 -0.400000 0.000000
vt 0.750000 -0.500000 0.000000
vt 0.650000 0.400000 0.000000
vt 0.750000 0.500000 0.000000
vt -0.750000 0.500000 0.000000
vt -0.650000 -0.400000 0.000000
vt -0.750000 -0.500000 0.000000
vt -0.650000 0.400000 0.000000
vt 1.500000 2.000000 0.000000
vt 0.500000 2.500000 0.000000
vt 0.500000 2.000000 0.000000
vt 0.000000 0.000000 0.000000
vt 0.500000 0.500000 0.000000
vt 1.500000 0.500000 0.000000
vt 2.500000 0.500000 0.000000
vt 2.500000 2.000000 0.000000
vt 1.500000 2.500000 0.000000
vt 2.500000 2.500000 0.000000
vt 1.500000 4.000000 0.000000
vt 2.500000 4.000000 0.000000
vt 2.500000 4.500000 0.000000
vt 3.500000 4.500000 0.000000
vt 3.500000 4.000000 0.000000
vt 4.500000 4.500000 0.000000
vt 4.500000 4.000000 0.000000
vt 5.500000 4.500000 0.000000
vt 5.500000 4.000000 0.000000
vt 6.000000 6.500000 0.000000
vt 5.500000 2.500000 0.000000
vt 6.000000 0.000000 0.000000
vt 5.500000 2.000000 0.000000
vt 5.500000 0.500000 0.000000
vt 4.500000 2.500000 0.000000
vt 3.500000 2.500000 0.000000
vt 4.500000 2.000000 0.000000
vt 3.500000 2.000000 0.000000
vt 4.500000 0.500000 0.000000
vt 3.500000 0.500000 0.000000
vt 5.500000 6.500000 0.000000
vt 4.500000 6.500000 0.000000
vt 3.500000 6.500000 0.000000
vt 2.500000 6.500000 0.000000
vt 1.500000 6.500000 0.000000
vt 1.500000 4.500000 0.000000
vt 0.500000 4.000000 0.000000
vt 0.500000 4.500000 0.000000
vt 0.000000 6.500000 0.000000
vt 0.500000 6.500000 0.000000
vt 0.400000 0.000000 0.000000
vt 1.300000 0.000000 0.000000
vt 0.400000 0.020000 0.000000
vt 1.300000 0.040000 0.000000
vt 0.000000 0.040000 0.000000
vt 0.300000 0.020000 0.000000
vt 0.000000 0.000000 0.000000
vt 0.300000 0.000000 0.000000
vt 0.425000 0.000000 0.000000
vt 0.800000 0.000000 0.000000
vt 0.425000 0.020000 0.000000
vt 0.800000 0.040000 0.000000
vt 0.000000 0.040000 0.000000
vt 0.375000 0.020000 0.000000
vt 0.000000 0.000000 0.000000
vt 0.375000 0.000000 0.000000
vt 0.000000 0.000000 0.000000
vt 1.000000 0.000000 0.000000
vt 0.000000 0.040000 0.000000
vt 1.000000 0.040000 0.000000
vt 0.000000 0.000000 0.000000
vt 1.500000 0.000000 0.000000
vt 0.000000 0.040000 0.000000
vt 1.500000 0.040000 0.000000
vt 0.000000 0.000000 0.000000
vt 1.000000 0.000000 0.000000
vt 0.000000 0.040000 0.000000
vt 1.000000 0.040000 0.000000
vt 0.000000 0.000000 0.000000
vt 1.500000 0.000000 0.000000
vt 0.000000 0.040000 0.000000
vt 1.500000 0.040000 0.000000
vt 0.650000 -0.400000 0.000000
vt 0.750000 0.500000 0.000000
vt 0.650000 0.400000 0.000000
vt -0.750000 0.500000 0.000000
vt -0.650000 0.400000 0.000000
vt -0.650000 -0.400000 0.000000
vt -0.750000 -0.500000 0.000000
vt 0.750000 -0.500000 0.000000
vt 4.975000 1.500000 0.000000
vt 4.600000 1.500000 0.000000
vt 4.975000 0.600000 0.000000
vt 4.600000 0.600000 0.000000
vt 0.500000 0.000000 0.000000
vt 1.800000 0.000000 0.000000
vt 0.500000 0.020000 0.000000
vt 1.800000 0.040000 0.000000
vt 0.000000 0.040000 0.000000
vt 0.400000 0.020000 0.000000
vt 0.000000 0.000000 0.000000
vt 0.400000 0.000000 0.000000
vt 0.425000 0.000000 0.000000
vt 0.800000 0.000000 0.000000
vt 0.425000 0.020000 0.000000
vt 0.800000 0.040000 0.000000
vt 0.000000 0.040000 0.000000
vt 0.375000 0.020000 0.000000
vt 0.000000 0.000000 0.000000
vt 0.375000 0.000000 0.000000
vt -0.000000 0.000000 0.000000
vt 2.000000 0.000000 0.000000
vt 0.000000 0.040000 0.000000
vt 2.000000 0.040000 0.000000
vt -0.000000 0.000000 0.000000
vt 1.000000 0.000000 0.000000
vt 0.000000 0.040000 0.000000
vt 1.000000 0.040000 0.000000
vt 0.000000 0.000000 0.000000
vt 2.000000 0.000000 0.000000
vt 0.000000 0.040000 0.000000
vt 2.000000 0.040000 0.000000
vt 0.000000 0.000000 0.000000
vt 1.000000 0.000000 0.000000
vt 0.000000 0.040000 0.000000
vt 1.000000 0.040000 0.000000
vt 0.900000 -0.400000 0.000000
vt -0.900000 -0.400000 0.000000
vt -1.000000 -0.500000 0.000000
vt -0.900000 0.400000 0.000000
vt -1.000000 0.500000 0.000000
vt 0.900000 0.400000 0.000000
vt 1.000000 0.500000 0.000000
vt 1.000000 -0.500000 0.000000
vt 0.975000 1.500000 0.000000
vt 0.600000 1.500000 0.000000
vt 0.975000 0.600000 0.000000
vt 0.600000 0.600000 0.000000
vt 1.400000 0.000000 0.000000
vt 1.800000 0.000000 0.000000
vt 1.400000 0.020000 0.000000
vt 1.800000 0.040000 0.000000
vt 1.300000 0.020000 0.000000
vt 0.000000 0.040000 0.000000
vt 0.000000 0.000000 0.000000
vt 1.300000 0.000000 0.000000
vt 0.425000 0.000000 0.000000
vt 0.800000 0.000000 0.000000
vt 0.425000 0.020000 0.000000
vt 0.800000 0.040000 0.000000
vt 0.000000 0.040000 0.000000
vt 0.375000 0.020000 0.000000
vt 0.000000 0.000000 0.000000
vt 0.375000 0.000000 0.000000
vt -0.000000 0.000000 0.000000
vt 1.000000 0.000000 0.000000
vt 0.000000 0.040000 0.000000
vt 1.000000 0.040000 0.000000
vt 0.000000 0.000000 0.000000
vt 2.000000 0.000000 0.000000
vt 0.000000 0.040000 0.000000
vt 2.000000 0.040000 0.000000
vt 0.000000 0.000000 0.000000
vt 1.000000 0.000000 0.000000
vt 0.000000 0.040000 0.000000
vt 1.000000 0.040000 0.000000
vt 0.000000 0.000000 0.000000
vt 2.000000 0.000000 0.000000
vt 0.000000 0.040000 0.000000
vt 2.000000 0.040000 0.000000
vt -0.900000 0.400000 0.000000
vt -1.000000 0.500000 0.000000
vt -0.900000 -0.400000 0.000000
vt -1.000000 -0.500000 0.000000
vt 0.900000 -0.400000 0.000000
vt 1.000000 -0.500000 0.000000
vt 1.000000 0.500000 0.000000
vt 0.900000 0.400000 0.000000
vt 9.500000 0.500000 0.000000
vt 9.000000 0.000000 0.000000
vt 10.500000 0.500000 0.000000
vt 11.500000 0.500000 0.000000
vt 10.500000 2.000000 0.000000
vt 11.500000 2.000000 0.000000
vt 10.500000 2.500000 0.000000
vt 11.500000 2.500000 0.000000
vt 10.500000 4.000000 0.000000
vt 11.500000 4.000000 0.000000
vt 11.500000 4.500000 0.000000
vt 12.500000 4.500000 0.000000
vt 12.500000 4.000000 0.000000
vt 13.500000 4.500000 0.000000
vt 13.500000 4.000000 0.000000
vt 14.500000 4.500000 0.000000
vt 14.500000 4.000000 0.000000
vt 15.000000 6.500000 0.000000
vt 14.500000 2.500000 0.000000
vt 15.000000 0.000000 0.000000
vt 14.500000 2.000000 0.000000
vt 14.500000 0.500000 0.000000
vt 9.500000 2.000000 0.000000
vt 9.500000 2.500000 0.000000
vt 9.000000 6.500000 0.000000
vt 9.500000 4.000000 0.000000
vt 9.500000 4.500000 0.000000
vt 10.500000 4.500000 0.000000
vt 13.500000 2.500000 0.000000
vt 13.500000 2.000000 0.000000
vt 12.500000 2.500000 0.000000
vt 12.500000 2.000000 0.000000
vt 13.500000 0.500000 0.000000
vt 12.500000 0.500000 0.000000
vt 11.500000 6.500000 0.000000
vt 10.500000 6.500000 0.000000
vt 9.500000 6.500000 0.000000
vt 14.500000 6.500000 0.000000
vt 13.500000 6.500000 0.000000
vt 12.500000 6.500000 0.000000
vt 0.425000 0.000000 0.000000
vt 0.800000 0.000000 0.000000
vt 0.425000 0.020000 0.000000
vt 0.800000 0.040000 0.000000
vt 0.375000 0.020000 0.000000
vt 0.000000 0.040000 0.000000
vt 0.000000 0.000000 0.000000
vt 0.375000 0.000000 0.000000
vt 0.400000 0.000000 0.000000
vt 1.300000 0.000000 0.000000
vt 0.400000 0.020000 0.000000
vt 1.300000 0.040000 0.000000
vt 0.000000 0.040000 0.000000
vt 0.300000 0.020000 0.000000
vt 0.000000 0.000000 0.000000
vt 0.300000 0.000000 0.000000
vt 0.000000 0.000000 0.000000
vt 1.000000 0.000000 0.000000
vt 0.000000 0.040000 0.000000
vt 1.000000 0.040000 0.000000
vt 0.000000 0.000000 0.000000
vt 1.500000 0.000000 0.000000
vt 0.000000 0.040000 0.000000
vt 1.500000 0.040000 0.000000
vt 0.000000 0.000000 0.000000
vt 1.000000 0.000000 0.000000
vt 0.000000 0.040000 0.000000
vt 1.000000 0.040000 0.000000
vt 0.000000 0.000000 0.000000
vt 1.500000 0.000000 0.000000
vt 0.000000 0.040000 0.000000
vt 1.500000 0.040000 0.000000
vt -0.650000 -0.400000 0.000000
vt -0.650000 0.400000 0.000000
vt -0.750000 0.500000 0.000000
vt 0.650000 0.400000 0.000000
vt 0.750000 0.500000 0.000000
vt 0.650000 -0.400000 0.000000
vt 0.750000 -0.500000 0.000000
vt -0.750000 -0.500000 0.000000
vt 10.025000 6.000000 0.000000
vt 10.400000 6.000000 0.000000
vt 10.025000 6.400000 0.000000
vt 10.400000 6.400000 0.000000
vt 0.400000 0.000000 0.000000
vt 1.300000 0.000000 0.000000
vt 0.400000 0.020000 0.000000
vt 1.300000 0.040000 0.000000
vt 0.000000 0.040000 0.000000
vt 0.300000 0.020000 0.000000
vt 0.000000 0.000000 0.000000
vt 0.300000 0.000000 0.000000
vt 0.425000 0.000000 0.000000
vt 0.800000 0.000000 0.000000
vt 0.425000 0.020000 0.000000
vt 0.800000 0.040000 0.000000
vt 0.375000 0.020000 0.000000
vt 0.000000 0.040000 0.000000
vt 0.000000 0.000000 0.000000
vt 0.375000 0.000000 0.000000
vt 0.000000 0.000000 0.000000
vt 1.500000 0.000000 0.000000
vt 0.000000 0.040000 0.000000
vt 1.500000 0.040000 0.000000
vt 0.000000 0.000000 0.000000
vt 1.000000 0.000000 0.000000
vt 0.000000 0.040000 0.000000
vt 1.000000 0.040000 0.000000
vt -0.000000 0.000000 0.000000
vt 1.500000 0.000000 0.000000
vt 0.000000 0.040000 0.000000
vt 1.500000 0.040000 0.000000
vt -0.000000 0.000000 0.000000
vt 1.000000 0.000000 0.000000
vt 0.000000 0.040000 0.000000
vt 1.000000 0.040000 0.000000
vt -0.650000 0.400000 0.000000
vt -0.750000 -0.500000 0.000000
vt -0.650000 -0.400000 0.000000
vt 0.750000 -0.500000 0.000000
vt 0.650000 -0.400000 0.000000
vt 0.650000 0.400000 0.000000
vt 0.750000 0.500000 0.000000
vt -0.750000 0.500000 0.000000
vt 10.025000 0.600000 0.000000
vt 10.400000 0.600000 0.000000
vt 10.025000 1.500000 0.000000
vt 10.400000 1.500000 0.000000
vt 0.425000 0.000000 0.000000
vt 0.800000 0.000000 0.000000
vt 0.425000 0.020000 0.000000
vt 0.800000 0.040000 0.000000
vt 0.000000 0.040000 0.000000
vt 0.375000 0.020000 0.000000
vt 0.000000 0.000000 0.000000
vt 0.375000 0.000000 0.000000
vt 1.400000 0.000000 0.000000
vt 1.800000 0.000000 0.000000
vt 1.400000 0.020000 0.000000
vt 1.800000 0.040000 0.000000
vt 1.300000 0.020000 0.000000
vt 0.000000 0.040000 0.000000
vt 0.000000 0.000000 0.000000
vt 1.300000 0.000000 0.000000
vt 0.000000 0.000000 0.000000
vt 2.000000 0.000000 0.000000
vt 0.000000 0.040000 0.000000
vt 2.000000 0.040000 0.000000
vt 0.000000 0.000000 0.000000
vt 1.000000 0.000000 0.000000
vt 0.000000 0.040000 0.000000
vt 1.000000 0.040000 0.000000
vt -0.000000 0.000000 0.000000
vt 2.000000 0.000000 0.000000
vt 0.000000 0.040000 0.000000
vt 2.000000 0.040000 0.000000
vt -0.000000 0.000000 0.000000
vt 1.000000 0.000000 0.000000
vt 0.000000 0.040000 0.000000
vt 1.000000 0.040000 0.000000
vt 0.900000 -0.400000 0.000000
vt 1.000000 0.500000 0.000000
vt 0.900000 0.400000 0.000000
vt -1.000000 0.500000 0.000000
vt -0.900000 0.400000 0.000000
vt -0.900000 -0.400000 0.000000
vt -1.000000 -0.500000 0.000000
vt 1.000000 -0.500000 0.000000
vt 12.025000 6.000000 0.000000
vt 12.400000 6.000000 0.000000
vt 12.025000 6.400000 0.000000
vt 12.400000 6.400000 0.000000
vt 0.500000 0.000000 0.000000
vt 1.800000 0.000000 0.000000
vt 0.500000 0.020000 0.000000
vt 1.800000 0.040000 0.000000
vt 0.000000 0.040000 0.000000
vt 0.400000 0.020000 0.000000
vt 0.000000 0.000000 0.000000
vt 0.400000 0.000000 0.000000
vt 0.425000 0.000000 0.000000
vt 0.800000 0.000000 0.000000
vt 0.425000 0.020000 0.000000
vt 0.800000 0.040000 0.000000
vt 0.000000 0.040000 0.000000
vt 0.375000 0.020000 0.000000
vt 0.000000 0.000000 0.000000
vt 0.375000 0.000000 0.000000
vt -0.000000 0.000000 0.000000
vt 2.000000 0.000000 0.000000
vt 0.000000 0.040000 0.000000
vt 2.000000 0.040000 0.000000
vt -0.000000 0.000000 0.000000
vt 1.000000 0.000000 0.000000
vt 0.000000 0.040000 0.000000
vt 1.000000 0.040000 0.000000
vt 0.000000 0.000000 0.000000
vt 2.000000 0.000000 0.000000
vt 0.000000 0.040000 0.000000
vt 2.000000 0.040000 0.000000
vt 0.000000 0.000000 0.000000
vt 1.000000 0.000000 0.000000
vt 0.000000 0.040000 0.000000
vt 1.000000 0.040000 0.000000
vt 0.900000 -0.400000 0.000000
vt -0.900000 -0.400000 0.000000
vt -1.000000 -0.500000 0.000000
vt -0.900000 0.400000 0.000000
vt -1.000000 0.500000 0.000000
vt 0.900000 0.400000 0.000000
vt 1.000000 0.500000 0.000000
vt 1.000000 -0.500000 0.000000
vt 5.025000 4.600000 0.000000
vt 5.400000 4.600000 0.000000
vt 5.025000 5.900000 0.000000
vt 5.400000 5.900000 0.000000
vt 0.400000 0.000000 0.000000
vt 1.300000 0.000000 0.000000
vt 0.400000 0.020000 0.000000
vt 1.300000 0.040000 0.000000
vt 0.000000 0.040000 0.000000
vt 0.300000 0.020000 0.000000
vt 0.000000 0.000000 0.000000
vt 0.300000 0.000000 0.000000
vt 0.425000 0.000000 0.000000
vt 0.800000 0.000000 0.000000
vt 0.425000 0.020000 0.000000
vt 0.800000 0.040000 0.000000
vt 0.000000 0.040000 0.000000
vt 0.375000 0.020000 0.000000
vt 0.000000 0.000000 0.000000
vt 0.375000 0.000000 0.000000
vt 0.000000 0.000000 0.000000
vt 1.500000 0.000000 0.000000
vt 0.000000 0.040000 0.000000
vt 1.500000 0.040000 0.000000
vt 0.000000 0.000000 0.000000
vt 1.000000 0.000000 0.000000
vt 0.000000 0.040000 0.000000
vt 1.000000 0.040000 0.000000
vt -0.000000 0.000000 0.000000
vt 1.500000 0.000000 0.000000
vt 0.000000 0.040000 0.000000
vt 1.500000 0.040000 0.000000
vt -0.000000 0.000000 0.000000
vt 1.000000 0.000000 0.000000
vt 0.000000 0.040000 0.000000
vt 1.000000 0.040000 0.000000
vt 0.650000 -0.400000 0.000000
vt 0.750000 -0.500000 0.000000
vt 0.650000 0.400000 0.000000
vt 0.750000 0.500000 0.000000
vt -0.750000 0.500000 0.000000
vt -0.650000 -0.400000 0.000000
vt -0.750000 -0.500000 0.000000
vt -0.650000 0.400000 0.000000
vt 3.025000 4.600000 0.000000
vt 3.400000 4.600000 0.000000
vt 3.025000 5.900000 0.000000
vt 3.400000 5.900000 0.000000
vt 0.425000 0.000000 0.000000
vt 0.800000 0.000000 0.000000
vt 0.425000 0.020000 0.000000
vt 0.800000 0.040000 0.000000
vt 0.000000 0.040000 0.000000
vt 0.375000 0.020000 0.000000
vt 0.000000 0.000000 0.000000
vt 0.375000 0.000000 0.000000
vt 0.400000 0.000000 0.000000
vt 1.300000 0.000000 0.000000
vt 0.400000 0.020000 0.000000
vt 1.300000 0.040000 0.000000
vt 0.000000 0.040000 0.000000
vt 0.300000 0.020000 0.000000
vt 0.000000 0.000000 0.000000
vt 0.300000 0.000000 0.000000
vt -0.000000 0.000000 0.000000
vt 1.500000 0.000000 0.000000
vt 0.000000 0.040000 0.000000
vt 1.500000 0.040000 0.000000
vt -0.000000 0.000000 0.000000
vt 1.000000 0.000000 0.000000
vt 0.000000 0.040000 0.000000
vt 1.000000 0.040000 0.000000
vt 0.000000 0.000000 0.000000
vt 1.500000 0.000000 0.000000
vt 0.000000 0.040000 0.000000
vt 1.500000 0.040000 0.000000
vt 0.000000 0.000000 0.000000
vt 1.000000 0.000000 0.000000
vt 0.000000 0.040000 0.000000
vt 1.000000 0.040000 0.000000
vt 0.650000 0.400000 0.000000
vt 0.750000 0.500000 0.000000
vt -0.650000 0.400000 0.000000
vt -0.750000 0.500000 0.000000
vt -0.750000 -0.500000 0.000000
vt 0.750000 -0.500000 0.000000
vt 0.650000 -0.400000 0.000000
vt -0.650000 -0.400000 0.000000
vt 2.975000 1.500000 0.000000
vt 2.600000 1.500000 0.000000
vt 2.975000 0.600000 0.000000
vt 2.600000 0.600000 0.000000
vt 0.425000 0.000000 0.000000
vt 0.800000 0.000000 0.000000
vt 0.425000 0.020000 0.000000
vt 0.800000 0.040000 0.000000
vt 0.000000 0.040000 0.000000
vt 0.375000 0.020000 0.000000
vt 0.000000 0.000000 0.000000
vt 0.375000 0.000000 0.000000
vt 0.400000 0.000000 0.000000
vt 1.300000 0.000000 0.000000
vt 0.400000 0.020000 0.000000
vt 1.300000 0.040000 0.000000
vt 0.000000 0.040000 0.000000
vt 0.300000 0.020000 0.000000
vt 0.000000 0.000000 0.000000
vt 0.300000 0.000000 0.000000
vt -0.000000 0.000000 0.000000
vt 1.500000 0.000000 0.000000
vt 0.000000 0.040000 0.000000
vt 1.500000 0.040000 0.000000
vt -0.000000 0.000000 0.000000
vt 1.000000 0.000000 0.000000
vt 0.000000 0.040000 0.000000
vt 1.000000 0.040000 0.000000
vt 0.000000 0.000000 0.000000
vt 1.500000 0.000000 0.000000
vt 0.000000 0.040000 0.000000
vt 1.500000 0.040000 0.000000
vt 0.000000 0.000000 0.000000
vt 1.000000 0.000000 0.000000
vt 0.000000 0.040000 0.000000
vt 1.000000 0.040000 0.000000
vt 0.650000 0.400000 0.000000
vt 0.750000 0.500000 0.000000
vt -0.650000 0.400000 0.000000
vt -0.750000 0.500000 0.000000
vt -0.650000 -0.400000 0.000000
vt -0.750000 -0.500000 0.000000
vt 0.750000 -0.500000 0.000000
vt 0.650000 -0.400000 0.000000
vt 4.975000 3.500000 0.000000
vt 4.600000 3.500000 0.000000
vt 4.975000 2.600000 0.000000
vt 4.600000 2.600000 0.000000
vt 0.425000 0.000000 0.000000
vt 0.800000 0.000000 0.000000
vt 0.425000 0.020000 0.000000
vt 0.800000 0.040000 0.000000
vt 0.000000 0.040000 0.000000
vt 0.375000 0.020000 0.000000
vt 0.000000 0.000000 0.000000
vt 0.375000 0.000000 0.000000
vt 0.400000 0.000000 0.000000
vt 1.300000 0.000000 0.000000
vt 0.400000 0.020000 0.000000
vt 1.300000 0.040000 0.000000
vt 0.000000 0.040000 0.000000
vt 0.300000 0.020000 0.000000
vt 0.000000 0.000000 0.000000
vt 0.300000 0.000000 0.000000
vt -0.000000 0.000000 0.000000
vt 1.000000 0.000000 0.000000
vt 0.000000 0.040000 0.000000
vt 1.000000 0.040000 0.000000
vt 0.000000 0.000000 0.000000
vt 1.500000 0.000000 0.000000
vt 0.000000 0.040000 0.000000
vt 1.500000 0.040000 0.000000
vt 0.000000 0.000000 0.000000
vt 1.000000 0.000000 0.000000
vt 0.000000 0.040000 0.000000
vt 1.000000 0.040000 0.000000
vt -0.000000 0.000000 0.000000
vt 1.500000 0.000000 0.000000
vt 0.000000 0.040000 0.000000
vt 1.500000 0.040000 0.000000
vt 0.650000 0.400000 0.000000
vt 0.750000 0.500000 0.000000
vt -0.650000 0.400000 0.000000
vt -0.750000 0.500000 0.000000
vt -0.750000 -0.500000 0.000000
vt 0.750000 -0.500000 0.000000
vt 0.650000 -0.400000 0.000000
vt -0.650000 -0.400000 0.000000
vt 12.025000 0.600000 0.000000
vt 12.400000 0.600000 0.000000
vt 12.025000 1.500000 0.000000
vt 12.400000 1.500000 0.000000
vt 0.400000 0.000000 0.000000
vt 1.300000 -0.000000 0.000000
vt 0.400000 0.020000 0.000000
vt 1.300000 0.040000 0.000000
vt 0.000000 0.040000 0.000000
vt 0.300000 0.020000 0.000000
vt 0.000000 0.000000 0.000000
vt 0.300000 0.000000 0.000000
vt 0.425000 0.000000 0.000000
vt 0.800000 0.000000 0.000000
vt 0.425000 0.020000 0.000000
vt 0.800000 0.040000 0.000000
vt 0.000000 0.040000 0.000000
vt 0.375000 0.020000 0.000000
vt 0.000000 0.000000 0.000000
vt 0.375000 -0.000000 0.000000
vt 0.000000 0.000000 0.000000
vt 1.000000 0.000000 0.000000
vt 0.000000 0.040000 0.000000
vt 1.000000 0.040000 0.000000
vt -0.000000 0.000000 0.000000
vt 1.500000 0.000000 0.000000
vt 0.000000 0.040000 0.000000
vt 1.500000 0.040000 0.000000
vt -0.000000 0.000000 0.000000
vt 1.000000 0.000000 0.000000
vt 0.000000 0.040000 0.000000
vt 1.000000 0.040000 0.000000
vt 0.000000 0.000000 0.000000
vt 1.500000 0.000000 0.000000
vt 0.000000 0.040000 0.000000
vt 1.500000 0.040000 0.000000
vt 0.650000 -0.400000 0.000000
vt 0.750000 -0.500000 0.000000
vt 0.650000 0.400000 0.000000
vt 0.750000 0.500000 0.000000
vt -0.650000 0.400000 0.000000
vt -0.750000 0.500000 0.000000
vt -0.650000 -0.400000 0.000000
vt -0.750000 -0.500000 0.000000
vt 13.975000 3.500000 0.000000
vt 13.600000 3.500000 0.000000
vt 13.975000 2.600000 0.000000
vt 13.600000 2.600000 0.000000
vt 0.425000 0.000000 0.000000
vt 0.800000 0.000000 0.000000
vt 0.425000 0.020000 0.000000
vt 0.800000 0.040000 0.000000
vt 0.000000 0.040000 0.000000
vt 0.375000 0.020000 0.000000
vt 0.000000 0.000000 0.000000
vt 0.375000 0.000000 0.000000
vt 0.400000 0.000000 0.000000
vt 1.300000 0.000000 0.000000
vt 0.400000 0.020000 0.000000
vt 1.300000 0.040000 0.000000
vt 0.000000 0.040000 0.000000
vt 0.300000 0.020000 0.000000
vt 0.000000 0.000000 0.000000
vt 0.300000 0.000000 0.000000
vt 0.000000 0.000000 0.000000
vt 1.000000 0.000000 0.000000
vt 0.000000 0.040000 0.000000
vt 1.000000 0.040000 0.000000
vt -0.000000 0.000000 0.000000
vt 1.500000 0.000000 0.000000
vt 0.000000 0.040000 0.000000
vt 1.500000 0.040000 0.000000
vt -0.000000 0.000000 0.000000
vt 1.000000 0.000000 0.000000
vt 0.000000 0.040000 0.000000
vt 1.000000 0.040000 0.000000
vt 0.000000 0.000000 0.000000
vt 1.500000 0.000000 0.000000
vt 0.000000 0.040000 0.000000
vt 1.500000 0.040000 0.000000
vt 0.650000 0.400000 0.000000
vt -0.750000 0.500000 0.000000
vt -0.650000 0.400000 0.000000
vt -0.750000 -0.500000 0.000000
vt -0.650000 -0.400000 0.000000
vt 0.750000 -0.500000 0.000000
vt 0.650000 -0.400000 0.000000
vt 0.750000 0.500000 0.000000
vt 11.975000 3.500000 0.000000
vt 11.600000 3.500000 0.000000
vt 11.975000 2.600000 0.000000
vt 11.600000 2.600000 0.000000
vt 0.425000 0.000000 0.000000
vt 0.800000 0.000000 0.000000
vt 0.425000 0.020000 0.000000
vt 0.800000 0.040000 0.000000
vt 0.000000 0.040000 0.000000
vt 0.375000 0.020000 0.000000
vt 0.000000 0.000000 0.000000
vt 0.375000 0.000000 0.000000
vt 0.400000 0.000000 0.000000
vt 1.300000 -0.000000 0.000000
vt 0.400000 0.020000 0.000000
vt 1.300000 0.040000 0.000000
vt 0.000000 0.040000 0.000000
vt 0.300000 0.020000 0.000000
vt 0.000000 0.000000 0.000000
vt 0.300000 0.000000 0.000000
vt 0.000000 0.000000 0.000000
vt 1.000000 0.000000 0.000000
vt 0.000000 0.040000 0.000000
vt 1.000000 0.040000 0.000000
vt -0.000000 0.000000 0.000000
vt 1.500000 0.000000 0.000000
vt 0.000000 0.040000 0.000000
vt 1.500000 0.040000 0.000000
vt -0.000000 0.000000 0.000000
vt 1.000000 0.000000 0.000000
vt 0.000000 0.040000 0.000000
vt 1.000000 0.040000 0.000000
vt 0.000000 0.000000 0.000000
vt 1.500000 0.000000 0.000000
vt 0.000000 0.040000 0.000000
vt 1.500000 0.040000 0.000000
vt 0.650000 0.400000 0.000000
vt 0.750000 0.500000 0.000000
vt -0.650000 0.400000 0.000000
vt -0.750000 0.500000 0.000000
vt -0.650000 -0.400000 0.000000
vt -0.750000 -0.500000 0.000000
vt 0.650000 -0.400000 0.000000
vt 0.750000 -0.500000 0.000000
vt 14.025000 0.600000 0.000000
vt 14.400000 0.600000 0.000000
vt 14.025000 1.500000 0.000000
vt 14.400000 1.500000 0.000000
vt 0.500000 0.000000 0.000000
vt 1.800000 0.000000 0.000000
vt 0.500000 0.020000 0.000000
vt 1.800000 0.040000 0.000000
vt 0.000000 0.040000 0.000000
vt 0.400000 0.020000 0.000000
vt 0.000000 0.000000 0.000000
vt 0.400000 0.000000 0.000000
vt 0.425000 0.000000 0.000000
vt 0.800000 0.000000 0.000000
vt 0.425000 0.020000 0.000000
vt 0.800000 0.040000 0.000000
vt 0.000000 0.040000 0.000000
vt 0.375000 0.020000 0.000000
vt 0.000000 0.000000 0.000000
vt 0.375000 0.000000 0.000000
vt -0.000000 0.000000 0.000000
vt 2.000000 0.000000 0.000000
vt 0.000000 0.040000 0.000000
vt 2.000000 0.040000 0.000000
vt -0.000000 0.000000 0.000000
vt 1.000000 0.000000 0.000000
vt 0.000000 0.040000 0.000000
vt 1.000000 0.040000 0.000000
vt 0.000000 0.000000 0.000000
vt 2.000000 0.000000 0.000000
vt 0.000000 0.040000 0.000000
vt 2.000000 0.040000 0.000000
vt 0.000000 0.000000 0.000000
vt 1.000000 0.000000 0.000000
vt 0.000000 0.040000 0.000000
vt 1.000000 0.040000 0.000000
vt -0.900000 0.400000 0.000000
vt -1.000000 0.500000 0.000000
vt -0.900000 -0.400000 0.000000
vt -1.000000 -0.500000 0.000000
vt 0.900000 -0.400000 0.000000
vt 1.000000 -0.500000 0.000000
vt 1.000000 0.500000 0.000000
vt 0.900000 0.400000 0.000000
vt 10.025000 2.600000 0.000000
vt 10.400000 2.600000 0.000000
vt 10.025000 3.500000 0.000000
vt 10.400000 3.500000 0.000000
vt 0.500000 0.000000 0.000000
vt 1.800000 0.000000 0.000000
vt 0.500000 0.020000 0.000000
vt 1.800000 0.040000 0.000000
vt 0.000000 0.040000 0.000000
vt 0.400000 0.020000 0.000000
vt 0.000000 0.000000 0.000000
vt 0.400000 0.000000 0.000000
vt 0.425000 0.000000 0.000000
vt 0.800000 0.000000 0.000000
vt 0.425000 0.020000 0.000000
vt 0.800000 0.040000 0.000000
vt 0.000000 0.040000 0.000000
vt 0.375000 0.020000 0.000000
vt 0.000000 0.000000 0.000000
vt 0.375000 0.000000 0.000000
vt -0.000000 0.000000 0.000000
vt 2.000000 0.000000 0.000000
vt 0.000000 0.040000 0.000000
vt 2.000000 0.040000 0.000000
vt -0.000000 0.000000 0.000000
vt 1.000000 0.000000 0.000000
vt 0.000000 0.040000 0.000000
vt 1.000000 0.040000 0.000000
vt 0.000000 0.000000 0.000000
vt 2.000000 0.000000 0.000000
vt 0.000000 0.040000 0.000000
vt 2.000000 0.040000 0.000000
vt 0.000000 0.000000 0.000000
vt 1.000000 0.000000 0.000000
vt 0.000000 0.040000 0.000000
vt 1.000000 0.040000 0.000000
vt -0.900000 0.400000 0.000000
vt -1.000000 0.500000 0.000000
vt -0.900000 -0.400000 0.000000
vt -1.000000 -0.500000 0.000000
vt 0.900000 -0.400000 0.000000
vt 1.000000 -0.500000 0.000000
vt 1.000000 0.500000 0.000000
vt 0.900000 0.400000 0.000000
vt 0.975000 3.500000 0.000000
vt 0.600000 3.500000 0.000000
vt 0.975000 2.600000 0.000000
vt 0.600000 2.600000 0.000000
vt 0.425000 0.000000 0.000000
vt 0.800000 0.000000 0.000000
vt 0.425000 0.020000 0.000000
vt 0.800000 0.040000 0.000000
vt 0.000000 0.040000 0.000000
vt 0.375000 0.020000 0.000000
vt 0.000000 0.000000 0.000000
vt 0.375000 0.000000 0.000000
vt 0.400000 0.000000 0.000000
vt 1.300000 0.000000 0.000000
vt 0.400000 0.020000 0.000000
vt 1.300000 0.040000 0.000000
vt 0.000000 0.040000 0.000000
vt 0.300000 0.020000 0.000000
vt 0.000000 0.000000 0.000000
vt 0.300000 0.000000 0.000000
vt -0.000000 0.000000 0.000000
vt 1.500000 0.000000 0.000000
vt 0.000000 0.040000 0.000000
vt 1.500000 0.040000 0.000000
vt -0.000000 0.000000 0.000000
vt 1.000000 0.000000 0.000000
vt 0.000000 0.040000 0.000000
vt 1.000000 0.040000 0.000000
vt 0.000000 0.000000 0.000000
vt 1.500000 0.000000 0.000000
vt 0.000000 0.040000 0.000000
vt 1.500000 0.040000 0.000000
vt 0.000000 0.000000 0.000000
vt 1.000000 0.000000 0.000000
vt 0.000000 0.040000 0.000000
vt 1.000000 0.040000 0.000000
vt 0.650000 0.400000 0.000000
vt 0.750000 0.500000 0.000000
vt -0.650000 0.400000 0.000000
vt -0.750000 0.500000 0.000000
vt -0.650000 -0.400000 0.000000
vt -0.750000 -0.500000 0.000000
vt 0.750000 -0.500000 0.000000
vt 0.650000 -0.400000 0.000000
vt 1.025000 4.600000 0.000000
vt 1.400000 4.600000 0.000000
vt 1.025000 5.900000 0.000000
vt 1.400000 5.900000 0.000000
vt -0.145000 -0.021213 0.000000
vt 0.495000 -0.021213 0.000000
vt -0.175000 0.021213 0.000000
vt 0.525000 0.021213 0.000000
vt 0.145000 0.021213 0.000000
vt -0.495000 0.021213 0.000000
vt 0.175000 -0.021213 0.000000
vt -0.525000 -0.021213 0.000000
vt -0.021213 0.525000 0.000000
vt -0.021213 -0.175000 0.000000
vt 0.021213 0.495000 0.000000
vt 0.021213 -0.145000 0.000000
vt -0.021213 -0.495000 0.000000
vt 0.021213 -0.525000 0.000000
vt -0.021213 0.145000 0.000000
vt 0.021213 0.175000 0.000000
vt -0.000000 0.030000 0.000000
vt 0.700000 0.030000 0.000000
vt -0.000000 0.090160 0.000000
vt 0.700000 0.090160 0.000000
vt 0.011598 0.099133 0.000000
vt 0.688402 0.099133 0.000000
vt 0.022882 0.105722 0.000000
vt 0.043301 0.111103 0.000000
vt 0.033546 0.109748 0.000000
vt 0.677118 0.105722 0.000000
vt 0.656699 0.111103 0.000000
vt 0.666454 0.109748 0.000000
vt 0.000000 0.030000 0.000000
vt 0.700000 0.030000 0.000000
vt 0.000000 0.090160 0.000000
vt 0.700000 0.090160 0.000000
vt 0.011598 0.099133 0.000000
vt 0.688402 0.099133 0.000000
vt 0.022882 0.105722 0.000000
vt 0.043301 0.111103 0.000000
vt 0.033546 0.109748 0.000000
vt 0.677118 0.105722 0.000000
vt 0.656699 0.111103 0.000000
vt 0.666454 0.109748 0.000000
vt 0.300000 0.300000 0.000000
vt -0.320000 0.320000 0.000000
vt -0.300000 0.300000 0.000000
vt -0.320000 -0.320000 0.000000
vt -0.300000 -0.300000 0.000000
vt 0.320000 -0.320000 0.000000
vt 0.300000 -0.300000 0.000000
vt 0.320000 0.320000 0.000000
vt -0.250000 -0.035355 0.000000
vt 0.850000 -0.035355 0.000000
vt -0.300000 0.035355 0.000000
vt 0.900000 0.035355 0.000000
vt 0.250000 0.035355 0.000000
vt -0.850000 0.035355 0.000000
vt 0.300000 -0.035355 0.000000
vt -0.900000 -0.035355 0.000000
vt -0.035355 0.900000 0.000000
vt -0.035355 -0.300000 0.000000
vt 0.035355 0.850000 0.000000
vt 0.035355 -0.250000 0.000000
vt -0.035355 -0.850000 0.000000
vt 0.035355 -0.900000 0.000000
vt -0.035355 0.250000 0.000000
vt 0.035355 0.300000 0.000000
vt -0.000000 0.050000 0.000000
vt 1.200000 0.050000 0.000000
vt -0.000000 0.200000 0.000000
vt 1.200000 0.200000 0.000000
vt 0.000000 0.050000 0.000000
vt 1.200000 0.050000 0.000000
vt 0.000000 0.200000 0.000000
vt 1.200000 0.200000 0.000000
vt -0.500000 0.500000 0.000000
vt -0.550000 0.550000 0.000000
vt -0.500000 -0.500000 0.000000
vt -0.550000 -0.550000 0.000000
vt 0.500000 -0.500000 0.000000
vt 0.550000 -0.550000 0.000000
vt 0.550000 0.550000 0.000000
vt 0.500000 0.500000 0.000000
vt 0.000000 0.000000 0.000000
vt 1.100000 0.000000 0.000000
vt 0.000000 0.040000 0.000000
vt 1.100000 0.040000 0.000000
vt 0.000000 0.000000 0.000000
vt 0.330000 0.000000 0.000000
vt 0.000000 0.040000 0.000000
vt 0.330000 0.040000 0.000000
vt 0.000000 0.000000 0.000000
vt 1.100000 0.000000 0.000000
vt 0.000000 0.040000 0.000000
vt 1.100000 0.040000 0.000000
vt 0.000000 0.000000 0.000000
vt 0.330000 0.000000 0.000000
vt 0.000000 0.040000 0.000000
vt 0.330000 0.040000 0.000000
vt 0.000000 -0.000000 0.000000
vt 1.100000 0.000000 0.000000
vt 0.000000 0.040000 0.000000
vt 1.100000 0.040000 0.000000
vt 0.000000 0.000000 0.000000
vt 0.460000 0.000000 0.000000
vt 0.000000 0.040000 0.000000
vt 0.460000 0.040000 0.000000
vt 0.000000 0.000000 0.000000
vt 1.100000 0.000000 0.000000
vt 0.000000 0.040000 0.000000
vt 1.100000 0.040000 0.000000
vt 0.000000 0.000000 0.000000
vt 0.460000 0.000000 0.000000
vt 0.000000 0.040000 0.000000
vt 0.460000 0.040000 0.000000
vt 0.000000 0.000000 0.000000
vt 1.100000 0.000000 0.000000
vt 0.000000 0.040000 0.000000
vt 1.100000 0.040000 0.000000
vt 0.000000 0.000000 0.000000
vt 0.460000 0.000000 0.000000
vt 0.000000 0.040000 0.000000
vt 0.460000 0.040000 0.000000
vt 0.000000 0.000000 0.000000
vt 1.100000 0.000000 0.000000
vt 0.000000 0.040000 0.000000
vt 1.100000 0.040000 0.000000
vt 0.000000 0.000000 0.000000
vt 0.460000 0.000000 0.000000
vt 0.000000 0.040000 0.000000
vt 0.460000 0.040000 0.000000
vt 0.000000 0.000000 0.000000
vt 1.100000 0.000000 0.000000
vt 0.000000 0.040000 0.000000
vt 1.100000 0.040000 0.000000
vt 0.000000 0.000000 0.000000
vt 0.330000 0.000000 0.000000
vt 0.000000 0.040000 0.000000
vt 0.330000 0.040000 0.000000
vt 0.000000 0.000000 0.000000
vt 1.100000 0.000000 0.000000
vt 0.000000 0.040000 0.000000
vt 1.100000 0.040000 0.000000
vt 0.000000 0.000000 0.000000
vt 0.330000 0.000000 0.000000
vt 0.000000 0.040000 0.000000
vt 0.330000 0.040000 0.000000
vt -0.000000 0.000000 0.000000
vt 0.460000 0.000000 0.000000
vt 0.000000 0.040000 0.000000
vt 0.460000 0.040000 0.000000
vt -0.000000 0.000000 0.000000
vt 0.333892 0.000000 0.000000
vt 0.000000 0.040000 0.000000
vt 0.333892 0.040000 0.000000
vt 0.000000 0.000000 0.000000
vt 0.321963 0.000000 0.000000
vt 0.000000 0.040000 0.000000
vt 0.321963 0.040000 0.000000
vt -0.000000 0.000000 0.000000
vt 0.330000 0.000000 0.000000
vt 0.000000 0.040000 0.000000
vt 0.330000 0.040000 0.000000
vt 0.000000 0.000000 0.000000
vt 0.216613 0.000000 0.000000
vt 0.000000 0.040000 0.000000
vt 0.216613 0.040000 0.000000
vt 0.000000 0.000000 0.000000
vt 0.216613 0.000000 0.000000
vt 0.000000 0.040000 0.000000
vt 0.216613 0.040000 0.000000
vt -0.000000 0.000000 0.000000
vt 0.330000 0.000000 0.000000
vt 0.000000 0.040000 0.000000
vt 0.330000 0.040000 0.000000
vt 0.000000 0.000000 0.000000
vt 0.321963 0.000000 0.000000
vt 0.000000 0.040000 0.000000
vt 0.321963 0.040000 0.000000
vt 0.000000 0.000000 0.000000
vt 0.333892 0.000000 0.000000
vt 0.000000 0.040000 0.000000
vt 0.333892 0.040000 0.000000
vt -0.000000 0.000000 0.000000
vt 0.460000 0.000000 0.000000
vt 0.000000 0.040000 0.000000
vt 0.460000 0.040000 0.000000
vt 0.000000 0.000000 0.000000
vt 0.424778 0.000000 0.000000
vt 0.000000 0.040000 0.000000
vt 0.424778 0.040000 0.000000
vt 0.000000 0.000000 0.000000
vt 0.424778 0.000000 0.000000
vt 0.000000 0.040000 0.000000
vt 0.424778 0.040000 0.000000
vt 0.850000 0.437389 0.000000
vt 0.520000 0.537389 0.000000
vt 0.520000 0.437389 0.000000
vt 0.480000 0.537389 0.000000
vt 0.480000 0.437389 0.000000
vt 0.020000 0.537389 0.000000
vt 0.020000 0.437389 0.000000
vt -0.020000 0.537389 0.000000
vt -0.020000 0.437389 0.000000
vt -0.480000 0.537389 0.000000
vt -0.480000 0.437389 0.000000
vt -0.520000 0.537389 0.000000
vt -0.520000 0.437389 0.000000
vt -0.850000 0.537389 0.000000
vt -0.850000 0.437389 0.000000
vt -0.900000 0.737389 0.000000
vt -0.900000 -0.962611 0.000000
vt 0.850000 -0.662611 0.000000
vt 0.900000 -0.962611 0.000000
vt 0.900000 0.737389 0.000000
vt 0.850000 0.537389 0.000000
vt 0.850000 0.754002 0.000000
vt 0.520000 -0.662611 0.000000
vt 0.480000 -0.662611 0.000000
vt 0.020000 -0.662611 0.000000
vt -0.020000 -0.662611 0.000000
vt -0.480000 -0.662611 0.000000
vt -0.520000 -0.662611 0.000000
vt -0.850000 -0.662611 0.000000
vt 0.020000 0.962167 0.000000
vt -0.020000 0.962167 0.000000
vt -0.480000 0.871281 0.000000
vt -0.520000 0.859352 0.000000
vt -0.850000 0.754002 0.000000
vt 0.520000 0.859352 0.000000
vt 0.480000 0.871281 0.000000
vt 0.600000 -0.060000 0.000000
vt 2.400000 -0.060000 0.000000
vt 0.600000 0.000000 0.000000
vt 2.400000 0.000000 0.000000
vt 0.600000 0.900000 0.000000
vt 2.400000 0.900000 0.000000
vt -1.700000 0.060000 0.000000
vt -1.700000 0.000000 0.000000
vt -0.000000 0.060000 0.000000
vt -0.000000 -0.000000 0.000000
vt 0.520000 -0.700000 0.000000
vt 0.850000 -0.700000 0.000000
vt 0.520000 0.400000 0.000000
vt 0.850000 0.400000 0.000000
vt -0.480000 -0.700000 0.000000
vt -0.020000 -0.700000 0.000000
vt -0.480000 0.400000 0.000000
vt -0.020000 0.400000 0.000000
vt 0.480000 0.400000 0.000000
vt 0.020000 0.400000 0.000000
vt 0.480000 -0.700000 0.000000
vt 0.020000 -0.700000 0.000000
vt -0.480000 0.833892 0.000000
vt -0.480000 0.500000 0.000000
vt -0.314177 0.879403 0.000000
vt -0.020000 0.500000 0.000000
vt -0.196697 0.905241 0.000000
vt -0.020000 0.924778 0.000000
vt -0.850000 0.500000 0.000000
vt -0.520000 0.500000 0.000000
vt -0.850000 0.716613 0.000000
vt -0.657348 0.779295 0.000000
vt -0.520000 0.821963 0.000000
vt 0.480000 0.833892 0.000000
vt 0.314177 0.879403 0.000000
vt 0.480000 0.500000 0.000000
vt 0.020000 0.500000 0.000000
vt 0.196697 0.905241 0.000000
vt 0.020000 0.924778 0.000000
vt -0.850000 -0.700000 0.000000
vt -0.520000 -0.700000 0.000000
vt -0.850000 0.400000 0.000000
vt -0.520000 0.400000 0.000000
vt -0.020000 0.575959 0.000000
vt -0.000000 0.575959 0.000000
vt -0.020000 0.628319 0.000000
vt -0.000000 0.628319 0.000000
vt -0.020000 -0.628319 0.000000
vt -0.000000 -0.628319 0.000000
vt -0.020000 -0.575959 0.000000
vt -0.000000 -0.575959 0.000000
vt -0.020000 -0.523599 0.000000
vt 0.000000 -0.523599 0.000000
vt -0.020000 -0.471239 0.000000
vt -0.000000 -0.471239 0.000000
vt -0.020000 -0.418879 0.000000
vt 0.000000 -0.418879 0.000000
vt -0.020000 -0.366519 0.000000
vt -0.000000 -0.366519 0.000000
vt -0.020000 -0.314159 0.000000
vt -0.000000 -0.314159 0.000000
vt -0.020000 -0.261799 0.000000
vt -0.000000 -0.261799 0.000000
vt -0.020000 -0.209440 0.000000
vt -0.000000 -0.209440 0.000000
vt -0.020000 -0.157080 0.000000
vt -0.000000 -0.157080 0.000000
vt -0.020000 -0.104720 0.000000
vt -0.000000 -0.104720 0.000000
vt -0.020000 -0.052360 0.000000
vt -0.000000 -0.052360 0.000000
vt -0.020000 0.000000 0.000000
vt -0.000000 0.000000 0.000000
vt -0.020000 0.052360 0.000000
vt -0.000000 0.052360 0.000000
vt -0.020000 0.104720 0.000000
vt -0.000000 0.104720 0.000000
vt -0.020000 0.157080 0.000000
vt -0.000000 0.157080 0.000000
vt -0.020000 0.209440 0.000000
vt -0.000000 0.209440 0.000000
vt -0.020000 0.261799 0.000000
vt -0.000000 0.261799 0.000000
vt -0.020000 0.314159 0.000000
vt -0.000000 0.314159 0.000000
vt -0.020000 0.366519 0.000000
vt -0.000000 0.366519 0.000000
vt -0.020000 0.418879 0.000000
vt -0.000000 0.418879 0.000000
vt -0.020000 0.471239 0.000000
vt -0.000000 0.471239 0.000000
vt -0.020000 0.523599 0.000000
vt -0.000000 0.523599 0.000000
vt -0.172901 -0.046329 0.000000
vt -0.179000 0.000000 0.000000
vt -0.200000 0.000000 0.000000
vt -0.172901 0.046329 0.000000
vt -0.193185 0.051764 0.000000
vt -0.155019 0.089500 0.000000
vt -0.173205 0.100000 0.000000
vt -0.126572 0.126572 0.000000
vt -0.141421 0.141421 0.000000
vt -0.089500 0.155019 0.000000
vt -0.100000 0.173205 0.000000
vt -0.046329 0.172901 0.000000
vt -0.051764 0.193185 0.000000
vt 0.000000 0.179000 0.000000
vt 0.000000 0.200000 0.000000
vt 0.051764 0.193185 0.000000
vt 0.046329 0.172901 0.000000
vt 0.100000 0.173205 0.000000
vt 0.089500 0.155019 0.000000
vt 0.141421 0.141421 0.000000
vt 0.126572 0.126572 0.000000
vt 0.173205 0.100000 0.000000
vt 0.155019 0.089500 0.000000
vt 0.193185 0.051764 0.000000
vt 0.172901 0.046329 0.000000
vt 0.200000 0.000000 0.000000
vt 0.179000 0.000000 0.000000
vt 0.193185 -0.051764 0.000000
vt 0.172901 -0.046329 0.000000
vt 0.155019 -0.089500 0.000000
vt 0.173205 -0.100000 0.000000
vt 0.126572 -0.126572 0.000000
vt 0.141421 -0.141421 0.000000
vt 0.089500 -0.155019 0.000000
vt 0.100000 -0.173205 0.000000
vt 0.046329 -0.172901 0.000000
vt 0.051764 -0.193185 0.000000
vt 0.000000 -0.179000 0.000000
vt 0.000000 -0.200000 0.000000
vt -0.051764 -0.193185 0.000000
vt -0.046329 -0.172901 0.000000
vt -0.100000 -0.173205 0.000000
vt -0.089500 -0.155019 0.000000
vt -0.141421 -0.141421 0.000000
vt -0.126572 -0.126572 0.000000
vt -0.173205 -0.100000 0.000000
vt -0.155019 -0.089500 0.000000
vt -0.193185 -0.051764 0.000000
vt 0.073813 0.059801 0.000000
vt 0.042233 0.096448 0.000000
vt -0.020920 -0.021836 0.000000
vt -0.059818 0.008506 0.000000
vt -0.044235 -0.038520 0.000000
vt -0.050730 -0.038869 0.000000
vt -0.057095 -0.037531 0.000000
vt -0.062900 -0.034596 0.000000
vt -0.065236 0.004907 0.000000
vt -0.067751 -0.030263 0.000000
vt -0.069542 0.000033 0.000000
vt -0.071320 -0.024826 0.000000
vt -0.072446 -0.005787 0.000000
vt -0.073366 -0.018652 0.000000
vt -0.073750 -0.012159 0.000000
vt 0.013693 -0.096448 0.000000
vt 0.033693 -0.076448 0.000000
vt -0.050000 0.034666 0.000000
vt -0.020000 0.034666 0.000000
vt -0.050000 0.041189 0.000000
vt -0.020000 0.041189 0.000000
vt -0.050000 0.047711 0.000000
vt -0.020000 0.047711 0.000000
vt -0.050000 0.054234 0.000000
vt -0.020000 0.054234 0.000000
vt -0.050000 0.060757 0.000000
vt -0.020000 0.060757 0.000000
vt -0.050000 0.067279 0.000000
vt -0.020000 0.067279 0.000000
vt -0.050000 0.073802 0.000000
vt -0.020000 0.073802 0.000000
vt -0.050000 0.080324 0.000000
vt -0.020000 0.080324 0.000000
vt -0.050000 0.086847 0.000000
vt -0.020000 0.086847 0.000000
vt -0.050000 0.093370 0.000000
vt -0.020000 0.093370 0.000000
vt -0.050000 0.099892 0.000000
vt -0.020000 0.099892 0.000000
vt -0.050000 0.106415 0.000000
vt -0.020000 0.106415 0.000000
vt -0.134715 0.020000 0.000000
vt 0.000000 0.020000 0.000000
vt -0.134715 0.050000 0.000000
vt 0.000000 0.050000 0.000000
vt -0.048377 0.020000 0.000000
vt -0.000000 0.020000 0.000000
vt -0.048377 0.050000 0.000000
vt -0.000000 0.050000 0.000000
vt -0.125055 0.020000 0.000000
vt -0.000000 0.020000 0.000000
vt -0.125055 0.050000 0.000000
vt -0.000000 0.050000 0.000000
vt -0.800000 0.000000 0.000000
vt 0.000000 0.000000 0.000000
vt -0.800000 0.050000 0.000000
vt 0.000000 0.050000 0.000000
vt 0.050000 0.000000 0.000000
vt 0.000000 0.000000 0.000000
vt 0.050000 -0.039270 0.000000
vt 0.000000 -0.039270 0.000000
vt 0.000000 -0.078540 0.000000
vt 0.050000 -0.078540 0.000000
vt 0.000000 -0.117810 0.000000
vt 0.050000 -0.117810 0.000000
vt 0.050000 -0.157080 0.000000
vt 0.000000 -0.157080 0.000000
vt 0.000000 -0.235619 0.000000
vt 0.050000 -0.235619 0.000000
vt 0.000000 -0.314159 0.000000
vt 0.050000 -0.314159 0.000000
vt 0.000000 -0.471239 0.000000
vt 0.050000 -0.471239 0.000000
vt 0.000000 -0.628319 0.000000
vt 0.050000 -0.628319 0.000000
vt 0.000000 -0.785398 0.000000
vt 0.050000 -0.785398 0.000000
vt 0.000000 -0.942478 0.000000
vt 0.050000 -0.942478 0.000000
vt 0.000000 -1.021018 0.000000
vt 0.050000 -1.021018 0.000000
vt 0.000000 -1.099557 0.000000
vt 0.050000 -1.099557 0.000000
vt 0.050000 -1.138827 0.000000
vt 0.000000 -1.138827 0.000000
vt 0.000000 -1.178097 0.000000
vt 0.050000 -1.178097 0.000000
vt 0.000000 -1.217367 0.000000
vt 0.050000 -1.217367 0.000000
vt 0.050000 -1.256637 0.000000
vt 0.000000 -1.256637 0.000000
vt -0.400000 -0.100000 0.000000
vt 0.400000 -0.100000 0.000000
vt -0.398074 -0.080397 0.000000
vt 0.398074 -0.080397 0.000000
vt -0.392314 -0.060982 0.000000
vt 0.392314 -0.060982 0.000000
vt -0.382776 -0.041943 0.000000
vt 0.382776 -0.041943 0.000000
vt -0.369552 -0.023463 0.000000
vt 0.369552 -0.023463 0.000000
vt -0.332588 0.011114 0.000000
vt 0.332588 0.011114 0.000000
vt -0.282843 0.041421 0.000000
vt 0.282843 0.041421 0.000000
vt -0.153073 0.084776 0.000000
vt 0.153073 0.084776 0.000000
vt 0.000000 0.100000 0.000000
vt -0.077233 0.020000 0.000000
vt -0.000000 0.020000 0.000000
vt -0.077233 0.050000 0.000000
vt -0.000000 0.050000 0.000000
vt -0.028284 0.020000 0.000000
vt -0.000000 0.020000 0.000000
vt -0.028284 0.050000 0.000000
vt -0.000000 0.050000 0.000000
vt -0.081923 0.020000 0.000000
vt -0.000000 0.020000 0.000000
vt -0.081923 0.050000 0.000000
vt -0.000000 0.050000 0.000000
vt -0.020000 0.515484 0.000000
vt 0.050000 0.515484 0.000000
vt -0.020000 0.562346 0.000000
vt 0.050000 0.562346 0.000000
vt -0.020000 -0.562346 0.000000
vt 0.050000 -0.562346 0.000000
vt -0.020000 -0.515484 0.000000
vt 0.050000 -0.515484 0.000000
vt -0.020000 -0.468622 0.000000
vt 0.050000 -0.468622 0.000000
vt -0.020000 -0.421759 0.000000
vt 0.050000 -0.421759 0.000000
vt -0.020000 -0.374897 0.000000
vt 0.050000 -0.374897 0.000000
vt -0.020000 -0.328035 0.000000
vt 0.050000 -0.328035 0.000000
vt -0.020000 -0.281173 0.000000
vt 0.050000 -0.281173 0.000000
vt -0.020000 -0.234311 0.000000
vt 0.050000 -0.234311 0.000000
vt -0.020000 -0.187449 0.000000
vt 0.050000 -0.187449 0.000000
vt -0.020000 -0.140586 0.000000
vt 0.050000 -0.140586 0.000000
vt -0.020000 -0.093724 0.000000
vt 0.050000 -0.093724 0.000000
vt -0.020000 -0.046862 0.000000
vt 0.050000 -0.046862 0.000000
vt -0.020000 0.000000 0.000000
vt 0.050000 0.000000 0.000000
vt -0.020000 0.046862 0.000000
vt 0.050000 0.046862 0.000000
vt -0.020000 0.093724 0.000000
vt 0.050000 0.093724 0.000000
vt -0.020000 0.140586 0.000000
vt 0.050000 0.140586 0.000000
vt -0.020000 0.187449 0.000000
vt 0.050000 0.187449 0.000000
vt -0.020000 0.234311 0.000000
vt 0.050000 0.234311 0.000000
vt -0.020000 0.281173 0.000000
vt 0.050000 0.281173 0.000000
vt -0.020000 0.328035 0.000000
vt 0.050000 0.328035 0.000000
vt -0.020000 0.374897 0.000000
vt 0.050000 0.374897 0.000000
vt -0.020000 0.421759 0.000000
vt 0.050000 0.421759 0.000000
vt -0.020000 0.468622 0.000000
vt 0.050000 0.468622 0.000000
vt 0.027894 -0.007893 0.000000
vt 0.082506 -0.062505 0.000000
vt 0.122627 0.073743 0.000000
vt 0.179000 0.000000 0.000000
vt 0.172901 0.046329 0.000000
vt 0.062506 -0.082505 0.000000
vt 0.126572 -0.126572 0.000000
vt 0.155019 -0.089500 0.000000
vt 0.172901 -0.046329 0.000000
vt 0.004578 -0.024577 0.000000
vt -0.001917 -0.024926 0.000000
vt 0.000000 -0.179000 0.000000
vt 0.046329 -0.172901 0.000000
vt -0.046329 -0.172901 0.000000
vt -0.008282 -0.023588 0.000000
vt -0.089500 -0.155019 0.000000
vt -0.014086 -0.020654 0.000000
vt -0.126572 -0.126572 0.000000
vt -0.018937 -0.016321 0.000000
vt -0.155019 -0.089500 0.000000
vt -0.022507 -0.010884 0.000000
vt -0.172901 -0.046329 0.000000
vt -0.024552 -0.004710 0.000000
vt -0.179000 0.000000 0.000000
vt -0.024936 0.001783 0.000000
vt -0.172901 0.046329 0.000000
vt -0.023632 0.008155 0.000000
vt -0.155019 0.089500 0.000000
vt -0.020729 0.013975 0.000000
vt -0.126572 0.126572 0.000000
vt -0.016422 0.018850 0.000000
vt -0.089500 0.155019 0.000000
vt -0.011004 0.022448 0.000000
vt -0.046329 0.172901 0.000000
vt 0.000000 0.179000 0.000000
vt 0.046329 0.172901 0.000000
vt 0.091046 0.110390 0.000000
vt 0.089500 0.155019 0.000000
vt 0.126572 0.126572 0.000000
vt 0.155019 0.089500 0.000000
vt 0.089500 -0.155019 0.000000
vt 2.700000 5.529289 0.000000
vt 2.681699 5.531699 0.000000
vt 2.700000 3.970711 0.000000
vt 2.681699 3.968301 0.000000
vt 2.664645 5.538763 0.000000
vt 2.664645 3.961237 0.000000
vt 2.650000 5.550000 0.000000
vt 2.650000 3.950000 0.000000
vt 2.638763 5.564645 0.000000
vt 2.638763 3.935355 0.000000
vt 2.631699 5.581699 0.000000
vt 2.631699 3.918301 0.000000
vt 2.468301 5.581699 0.000000
vt 2.468301 3.918301 0.000000
vt 2.461237 3.935355 0.000000
vt 2.461237 5.564645 0.000000
vt 2.450000 3.950000 0.000000
vt 2.450000 5.550000 0.000000
vt 2.435355 3.961237 0.000000
vt 2.435355 5.538763 0.000000
vt 2.418301 3.968301 0.000000
vt 2.418301 5.531699 0.000000
vt 2.400000 3.970711 0.000000
vt 2.400000 5.529289 0.000000
vt 2.629289 5.600000 0.000000
vt 2.470711 5.600000 0.000000
vt 2.470711 3.900000 0.000000
vt 2.629289 3.900000 0.000000
vt -0.000000 0.023113 0.000000
vt -0.010472 0.023113 0.000000
vt -0.000000 0.000000 0.000000
vt -0.010472 0.000000 0.000000
vt -0.000000 -0.023113 0.000000
vt -0.010472 -0.023113 0.000000
vt -0.000000 -0.046226 0.000000
vt -0.010472 -0.046226 0.000000
vt -0.000000 -0.069338 0.000000
vt -0.010472 -0.069338 0.000000
vt -0.000000 -0.092451 0.000000
vt -0.010472 -0.092451 0.000000
vt -0.000000 -0.115564 0.000000
vt -0.010472 -0.115564 0.000000
vt -0.000000 -0.138677 0.000000
vt -0.010472 -0.138677 0.000000
vt -0.000000 -0.161789 0.000000
vt -0.010472 -0.161789 0.000000
vt -0.000000 -0.184902 0.000000
vt -0.010472 -0.184902 0.000000
vt -0.000000 -0.208015 0.000000
vt -0.010472 -0.208015 0.000000
vt -0.000000 -0.231128 0.000000
vt -0.010472 -0.231128 0.000000
vt -0.000000 -0.254240 0.000000
vt -0.010472 -0.254240 0.000000
vt -0.000000 -0.277353 0.000000
vt -0.010472 -0.277353 0.000000
vt -0.000000 0.277353 0.000000
vt -0.010472 0.277353 0.000000
vt -0.000000 0.254240 0.000000
vt -0.010472 0.254240 0.000000
vt -0.000000 0.231128 0.000000
vt -0.010472 0.231128 0.000000
vt -0.000000 0.208015 0.000000
vt -0.010472 0.208015 0.000000
vt -0.000000 0.184902 0.000000
vt -0.010472 0.184902 0.000000
vt -0.000000 0.161789 0.000000
vt -0.010472 0.161789 0.000000
vt -0.000000 0.138677 0.000000
vt -0.010472 0.138677 0.000000
vt -0.000000 0.115564 0.000000
vt -0.010472 0.115564 0.000000
vt -0.000000 0.092451 0.000000
vt -0.010472 0.092451 0.000000
vt -0.000000 0.069338 0.000000
vt -0.010472 0.069338 0.000000
vt -0.000000 0.046226 0.000000
vt -0.010472 0.046226 0.000000
vt -0.062832 -0.023113 0.000000
vt -0.052360 -0.023113 0.000000
vt -0.062832 0.000000 0.000000
vt -0.052360 0.000000 0.000000
vt -0.062832 0.023113 0.000000
vt -0.052360 0.023113 0.000000
vt -0.062832 0.046226 0.000000
vt -0.052360 0.046226 0.000000
vt -0.062832 0.069338 0.000000
vt -0.052360 0.069338 0.000000
vt -0.062832 0.092451 0.000000
vt -0.052360 0.092451 0.000000
vt -0.062832 0.115564 0.000000
vt -0.052360 0.115564 0.000000
vt -0.062832 0.138677 0.000000
vt -0.052360 0.138677 0.000000
vt -0.062832 0.161789 0.000000
vt -0.052360 0.161789 0.000000
vt -0.062832 0.184902 0.000000
vt -0.052360 0.184902 0.000000
vt -0.062832 0.208015 0.000000
vt -0.052360 0.208015 0.000000
vt -0.062832 0.231128 0.000000
vt -0.052360 0.231128 0.000000
vt -0.062832 0.254240 0.000000
vt -0.052360 0.254240 0.000000
vt -0.062832 0.277353 0.000000
vt -0.052360 0.277353 0.000000
vt -0.062832 -0.277353 0.000000
vt -0.052360 -0.277353 0.000000
vt -0.062832 -0.254240 0.000000
vt -0.052360 -0.254240 0.000000
vt -0.062832 -0.231128 0.000000
vt -0.052360 -0.231128 0.000000
vt -0.062832 -0.208015 0.000000
vt -0.052360 -0.208015 0.000000
vt -0.062832 -0.184902 0.000000
vt -0.052360 -0.184902 0.000000
vt -0.062832 -0.161789 0.000000
vt -0.052360 -0.161789 0.000000
vt -0.062832 -0.138677 0.000000
vt -0.052360 -0.138677 0.000000
vt -0.062832 -0.115564 0.000000
vt -0.052360 -0.115564 0.000000
vt -0.062832 -0.092451 0.000000
vt -0.052360 -0.092451 0.000000
vt -0.062832 -0.069338 0.000000
vt -0.052360 -0.069338 0.000000
vt -0.062832 -0.046226 0.000000
vt -0.052360 -0.046226 0.000000
vt -0.020944 0.277353 0.000000
vt -0.020944 0.254240 0.000000
vt -0.020944 0.231128 0.000000
vt -0.020944 0.208015 0.000000
vt -0.020944 0.184902 0.000000
vt -0.020944 0.161789 0.000000
vt -0.020944 0.138677 0.000000
vt -0.020944 0.115564 0.000000
vt -0.020944 0.092451 0.000000
vt -0.020944 0.069338 0.000000
vt -0.020944 0.046226 0.000000
vt -0.020944 0.023113 0.000000
vt -0.020944 0.000000 0.000000
vt -0.020944 -0.023113 0.000000
vt -0.020944 -0.046226 0.000000
vt -0.020944 -0.069338 0.000000
vt -0.020944 -0.092451 0.000000
vt -0.020944 -0.115564 0.000000
vt -0.020944 -0.138677 0.000000
vt -0.020944 -0.161789 0.000000
vt -0.020944 -0.184902 0.000000
vt -0.020944 -0.208015 0.000000
vt -0.020944 -0.231128 0.000000
vt -0.020944 -0.254240 0.000000
vt -0.020944 -0.277353 0.000000
vt -0.031416 0.277353 0.000000
vt -0.031416 0.254240 0.000000
vt -0.031416 0.231128 0.000000
vt -0.031416 0.208015 0.000000
vt -0.031416 0.184902 0.000000
vt -0.031416 0.161789 0.000000
vt -0.031416 0.138677 0.000000
vt -0.031416 0.115564 0.000000
vt -0.031416 0.092451 0.000000
vt -0.031416 0.069338 0.000000
vt -0.031416 0.046226 0.000000
vt -0.031416 0.023113 0.000000
vt -0.031416 0.000000 0.000000
vt -0.031416 -0.023113 0.000000
vt -0.031416 -0.046226 0.000000
vt -0.031416 -0.069338 0.000000
vt -0.031416 -0.092451 0.000000
vt -0.031416 -0.115564 0.000000
vt -0.031416 -0.138677 0.000000
vt -0.031416 -0.161789 0.000000
vt -0.031416 -0.184902 0.000000
vt -0.031416 -0.208015 0.000000
vt -0.031416 -0.231128 0.000000
vt -0.031416 -0.254240 0.000000
vt -0.031416 -0.277353 0.000000
vt -0.041888 0.277353 0.000000
vt -0.041888 0.254240 0.000000
vt -0.041888 0.231128 0.000000
vt -0.041888 0.208015 0.000000
vt -0.041888 0.184902 0.000000
vt -0.041888 0.161789 0.000000
vt -0.041888 0.138677 0.000000
vt -0.041888 0.115564 0.000000
vt -0.041888 0.092451 0.000000
vt -0.041888 0.069338 0.000000
vt -0.041888 0.046226 0.000000
vt -0.041888 0.023113 0.000000
vt -0.041888 0.000000 0.000000
vt -0.041888 -0.023113 0.000000
vt -0.041888 -0.046226 0.000000
vt -0.041888 -0.069338 0.000000
vt -0.041888 -0.092451 0.000000
vt -0.041888 -0.115564 0.000000
vt -0.041888 -0.138677 0.000000
vt -0.041888 -0.161789 0.000000
vt -0.041888 -0.184902 0.000000
vt -0.041888 -0.208015 0.000000
vt -0.041888 -0.231128 0.000000
vt -0.041888 -0.254240 0.000000
vt -0.041888 -0.277353 0.000000
vt -0.037081 0.026180 0.000000
vt -0.160000 0.026180 0.000000
vt -0.037081 0.000000 0.000000
vt -0.160000 0.000000 0.000000
vt -0.037081 -0.026180 0.000000
vt -0.160000 -0.026180 0.000000
vt -0.037081 -0.052360 0.000000
vt -0.160000 -0.052360 0.000000
vt -0.037081 -0.078540 0.000000
vt -0.160000 -0.078540 0.000000
vt -0.037081 -0.104720 0.000000
vt -0.160000 -0.104720 0.000000
vt -0.037081 -0.130900 0.000000
vt -0.160000 -0.130900 0.000000
vt -0.037081 -0.157080 0.000000
vt -0.160000 -0.157080 0.000000
vt -0.037081 -0.183260 0.000000
vt -0.160000 -0.183260 0.000000
vt -0.037081 -0.209440 0.000000
vt -0.160000 -0.209440 0.000000
vt -0.037081 -0.235619 0.000000
vt -0.160000 -0.235619 0.000000
vt -0.037081 -0.261799 0.000000
vt -0.160000 -0.261799 0.000000
vt -0.037081 -0.287979 0.000000
vt -0.160000 -0.287979 0.000000
vt -0.037081 -0.314159 0.000000
vt -0.160000 -0.314159 0.000000
vt -0.037081 0.314159 0.000000
vt -0.160000 0.314159 0.000000
vt -0.037081 0.287979 0.000000
vt -0.160000 0.287979 0.000000
vt -0.037081 0.261799 0.000000
vt -0.160000 0.261799 0.000000
vt -0.037081 0.235619 0.000000
vt -0.160000 0.235619 0.000000
vt -0.037081 0.209440 0.000000
vt -0.160000 0.209440 0.000000
vt -0.037081 0.183260 0.000000
vt -0.160000 0.183260 0.000000
vt -0.037081 0.157080 0.000000
vt -0.160000 0.157080 0.000000
vt -0.037081 0.130900 0.000000
vt -0.160000 0.130900 0.000000
vt -0.037081 0.104720 0.000000
vt -0.160000 0.104720 0.000000
vt -0.037081 0.078540 0.000000
vt -0.160000 0.078540 0.000000
vt -0.037081 0.052360 0.000000
vt -0.160000 0.052360 0.000000
vt -0.057956 -0.015529 0.000000
vt 0.057956 -0.015529 0.000000
vt -0.060000 0.000000 0.000000
vt 0.060000 0.000000 0.000000
vt -0.057956 0.015529 0.000000
vt 0.057956 0.015529 0.000000
vt -0.051962 0.030000 0.000000
vt 0.051962 0.030000 0.000000
vt -0.042426 0.042426 0.000000
vt 0.042426 0.042426 0.000000
vt -0.030000 0.051962 0.000000
vt 0.030000 0.051962 0.000000
vt -0.015529 0.057956 0.000000
vt 0.015529 0.057956 0.000000
vt 0.000000 0.060000 0.000000
vt 0.051962 -0.030000 0.000000
vt -0.051962 -0.030000 0.000000
vt 0.042426 -0.042426 0.000000
vt -0.042426 -0.042426 0.000000
vt 0.030000 -0.051962 0.000000
vt -0.030000 -0.051962 0.000000
vt 0.015529 -0.057956 0.000000
vt -0.015529 -0.057956 0.000000
vt 0.000000 -0.060000 0.000000
vt -0.047456 0.268300 0.000000
vt -0.037965 0.268300 0.000000
vt -0.047456 0.292690 0.000000
vt -0.037965 0.292690 0.000000
vt -0.047456 -0.292690 0.000000
vt -0.037965 -0.292690 0.000000
vt -0.047456 -0.268300 0.000000
vt -0.037965 -0.268300 0.000000
vt -0.047456 -0.243909 0.000000
vt -0.037965 -0.243909 0.000000
vt -0.047456 -0.219518 0.000000
vt -0.037965 -0.219518 0.000000
vt -0.047456 -0.195127 0.000000
vt -0.037965 -0.195127 0.000000
vt -0.047456 -0.170736 0.000000
vt -0.037965 -0.170736 0.000000
vt -0.047456 -0.146345 0.000000
vt -0.037965 -0.146345 0.000000
vt -0.047456 -0.121954 0.000000
vt -0.037965 -0.121954 0.000000
vt -0.047456 -0.097563 0.000000
vt -0.037965 -0.097563 0.000000
vt -0.047456 -0.073173 0.000000
vt -0.037965 -0.073173 0.000000
vt -0.047456 -0.048782 0.000000
vt -0.037965 -0.048782 0.000000
vt -0.047456 -0.024391 0.000000
vt -0.037965 -0.024391 0.000000
vt -0.047456 -0.000000 0.000000
vt -0.037965 0.000000 0.000000
vt -0.047456 0.024391 0.000000
vt -0.037965 0.024391 0.000000
vt -0.047456 0.048782 0.000000
vt -0.037965 0.048782 0.000000
vt -0.047456 0.073173 0.000000
vt -0.037965 0.073173 0.000000
vt -0.047456 0.097563 0.000000
vt -0.037965 0.097563 0.000000
vt -0.047456 0.121954 0.000000
vt -0.037965 0.121954 0.000000
vt -0.047456 0.146345 0.000000
vt -0.037965 0.146345 0.000000
vt -0.047456 0.170736 0.000000
vt -0.037965 0.170736 0.000000
vt -0.047456 0.195127 0.000000
vt -0.037965 0.195127 0.000000
vt -0.047456 0.219518 0.000000
vt -0.037965 0.219518 0.000000
vt -0.047456 0.243909 0.000000
vt -0.037965 0.243909 0.000000
vt 0.000000 -0.268300 0.000000
vt -0.009491 -0.268300 0.000000
vt 0.000000 -0.292690 0.000000
vt -0.009491 -0.292690 0.000000
vt 0.000000 0.292690 0.000000
vt -0.009491 0.292690 0.000000
vt 0.000000 0.268300 0.000000
vt -0.009491 0.268300 0.000000
vt 0.000000 0.243909 0.000000
vt -0.009491 0.243909 0.000000
vt 0.000000 0.219518 0.000000
vt -0.009491 0.219518 0.000000
vt 0.000000 0.195127 0.000000
vt -0.009491 0.195127 0.000000
vt 0.000000 0.170736 0.000000
vt -0.009491 0.170736 0.000000
vt 0.000000 0.146345 0.000000
vt -0.009491 0.146345 0.000000
vt 0.000000 0.121954 0.000000
vt -0.009491 0.121954 0.000000
vt 0.000000 0.097563 0.000000
vt -0.009491 0.097563 0.000000
vt 0.000000 0.073173 0.000000
vt -0.009491 0.073173 0.000000
vt 0.000000 0.048782 0.000000
vt -0.009491 0.048782 0.000000
vt 0.000000 0.024391 0.000000
vt -0.009491 0.024391 0.000000
vt 0.000000 -0.000000 0.000000
vt -0.009491 0.000000 0.000000
vt 0.000000 -0.024391 0.000000
vt -0.009491 -0.024391 0.000000
vt 0.000000 -0.048782 0.000000
vt -0.009491 -0.048782 0.000000
vt 0.000000 -0.073173 0.000000
vt -0.009491 -0.073173 0.000000
vt 0.000000 -0.097563 0.000000
vt -0.009491 -0.097563 0.000000
vt 0.000000 -0.121954 0.000000
vt -0.009491 -0.121954 0.000000
vt 0.000000 -0.146345 0.000000
vt -0.009491 -0.146345 0.000000
vt 0.000000 -0.170736 0.000000
vt -0.009491 -0.170736 0.000000
vt 0.000000 -0.195127 0.000000
vt -0.009491 -0.195127 0.000000
vt 0.000000 -0.219518 0.000000
vt -0.009491 -0.219518 0.000000
vt 0.000000 -0.243909 0.000000
vt -0.009491 -0.243909 0.000000
vt -0.028474 -0.292690 0.000000
vt -0.028474 -0.268300 0.000000
vt -0.028474 -0.243909 0.000000
vt -0.028474 -0.219518 0.000000
vt -0.028474 -0.195127 0.000000
vt -0.028474 -0.170736 0.000000
vt -0.028474 -0.146345 0.000000
vt -0.028474 -0.121954 0.000000
vt -0.028474 -0.097563 0.000000
vt -0.028474 -0.073173 0.000000
vt -0.028474 -0.048782 0.000000
vt -0.028474 -0.024391 0.000000
vt -0.028474 0.000000 0.000000
vt -0.028474 0.024391 0.000000
vt -0.028474 0.048782 0.000000
vt -0.028474 0.073173 0.000000
vt -0.028474 0.097563 0.000000
vt -0.028474 0.121954 0.000000
vt -0.028474 0.146345 0.000000
vt -0.028474 0.170736 0.000000
vt -0.028474 0.195127 0.000000
vt -0.028474 0.219518 0.000000
vt -0.028474 0.243909 0.000000
vt -0.028474 0.268300 0.000000
vt -0.028474 0.292690 0.000000
vt -0.018982 -0.292690 0.000000
vt -0.018982 -0.268300 0.000000
vt -0.018982 -0.243909 0.000000
vt -0.018982 -0.219518 0.000000
vt -0.018982 -0.195127 0.000000
vt -0.018982 -0.170736 0.000000
vt -0.018982 -0.146345 0.000000
vt -0.018982 -0.121954 0.000000
vt -0.018982 -0.097563 0.000000
vt -0.018982 -0.073173 0.000000
vt -0.018982 -0.048782 0.000000
vt -0.018982 -0.024391 0.000000
vt -0.018982 0.000000 0.000000
vt -0.018982 0.024391 0.000000
vt -0.018982 0.048782 0.000000
vt -0.018982 0.073173 0.000000
vt -0.018982 0.097563 0.000000
vt -0.018982 0.121954 0.000000
vt -0.018982 0.146345 0.000000
vt -0.018982 0.170736 0.000000
vt -0.018982 0.195127 0.000000
vt -0.018982 0.219518 0.000000
vt -0.018982 0.243909 0.000000
vt -0.018982 0.268300 0.000000
vt -0.018982 0.292690 0.000000
vt -0.000000 0.023113 0.000000
vt -0.010472 0.023113 0.000000
vt -0.000000 0.000000 0.000000
vt -0.010472 0.000000 0.000000
vt -0.000000 -0.023113 0.000000
vt -0.010472 -0.023113 0.000000
vt -0.000000 -0.046226 0.000000
vt -0.010472 -0.046226 0.000000
vt -0.000000 -0.069338 0.000000
vt -0.010472 -0.069338 0.000000
vt -0.000000 -0.092451 0.000000
vt -0.010472 -0.092451 0.000000
vt -0.000000 -0.115564 0.000000
vt -0.010472 -0.115564 0.000000
vt -0.000000 -0.138677 0.000000
vt -0.010472 -0.138677 0.000000
vt -0.000000 -0.161789 0.000000
vt -0.010472 -0.161789 0.000000
vt -0.000000 -0.184902 0.000000
vt -0.010472 -0.184902 0.000000
vt -0.000000 -0.208015 0.000000
vt -0.010472 -0.208015 0.000000
vt -0.000000 -0.231128 0.000000
vt -0.010472 -0.231128 0.000000
vt -0.000000 -0.254240 0.000000
vt -0.010472 -0.254240 0.000000
vt -0.000000 -0.277353 0.000000
vt -0.010472 -0.277353 0.000000
vt -0.000000 0.277353 0.000000
vt -0.010472 0.277353 0.000000
vt -0.000000 0.254240 0.000000
vt -0.010472 0.254240 0.000000
vt -0.000000 0.231128 0.000000
vt -0.010472 0.231128 0.000000
vt -0.000000 0.208015 0.000000
vt -0.010472 0.208015 0.000000
vt -0.000000 0.184902 0.000000
vt -0.010472 0.184902 0.000000
vt -0.000000 0.161789 0.000000
vt -0.010472 0.161789 0.000000
vt -0.000000 0.138677 0.000000
vt -0.010472 0.138677 0.000000
vt -0.000000 0.115564 0.000000
vt -0.010472 0.115564 0.000000
vt -0.000000 0.092451 0.000000
vt -0.010472 0.092451 0.000000
vt -0.000000 0.069338 0.000000
vt -0.010472 0.069338 0.000000
vt -0.000000 0.046226 0.000000
vt -0.010472 0.046226 0.000000
vt -0.062832 -0.023113 0.000000
vt -0.052360 -0.023113 0.000000
vt -0.062832 0.000000 0.000000
vt -0.052360 0.000000 0.000000
vt -0.062832 0.023113 0.000000
vt -0.052360 0.023113 0.000000
vt -0.062832 0.046226 0.000000
vt -0.052360 0.046226 0.000000
vt -0.062832 0.069338 0.000000
vt -0.052360 0.069338 0.000000
vt -0.062832 0.092451 0.000000
vt -0.052360 0.092451 0.000000
vt -0.062832 0.115564 0.000000
vt -0.052360 0.115564 0.000000
vt -0.062832 0.138677 0.000000
vt -0.052360 0.138677 0.000000
vt -0.062832 0.161789 0.000000
vt -0.052360 0.161789 0.000000
vt -0.062832 0.184902 0.000000
vt -0.052360 0.184902 0.000000
vt -0.062832 0.208015 0.000000
vt -0.052360 0.208015 0.000000
vt -0.062832 0.231128 0.000000
vt -0.052360 0.231128 0.000000
vt -0.062832 0.254240 0.000000
vt -0.052360 0.254240 0.000000
vt -0.062832 0.277353 0.000000
vt -0.052360 0.277353 0.000000
vt -0.062832 -0.277353 0.000000
vt -0.052360 -0.277353 0.000000
vt -0.062832 -0.254240 0.000000
vt -0.052360 -0.254240 0.000000
vt -0.062832 -0.231128 0.000000
vt -0.052360 -0.231128 0.000000
vt -0.062832 -0.208015 0.000000
vt -0.052360 -0.208015 0.000000
vt -0.062832 -0.184902 0.000000
vt -0.052360 -0.184902 0.000000
vt -0.062832 -0.161789 0.000000
vt -0.052360 -0.161789 0.000000
vt -0.062832 -0.138677 0.000000
vt -0.052360 -0.138677 0.000000
vt -0.062832 -0.115564 0.000000
vt -0.052360 -0.115564 0.000000
vt -0.062832 -0.092451 0.000000
vt -0.052360 -0.092451 0.000000
vt -0.062832 -0.069338 0.000000
vt -0.052360 -0.069338 0.000000
vt -0.062832 -0.046226 0.000000
vt -0.052360 -0.046226 0.000000
vt -0.020944 0.277353 0.000000
vt -0.020944 0.254240 0.000000
vt -0.020944 0.231128 0.000000
vt -0.020944 0.208015 0.000000
vt -0.020944 0.184902 0.000000
vt -0.020944 0.161789 0.000000
vt -0.020944 0.138677 0.000000
vt -0.020944 0.115564 0.000000
vt -0.020944 0.092451 0.000000
vt -0.020944 0.069338 0.000000
vt -0.020944 0.046226 0.000000
vt -0.020944 0.023113 0.000000
vt -0.020944 0.000000 0.000000
vt -0.020944 -0.023113 0.000000
vt -0.020944 -0.046226 0.000000
vt -0.020944 -0.069338 0.000000
vt -0.020944 -0.092451 0.000000
vt -0.020944 -0.115564 0.000000
vt -0.020944 -0.138677 0.000000
vt -0.020944 -0.161789 0.000000
vt -0.020944 -0.184902 0.000000
vt -0.020944 -0.208015 0.000000
vt -0.020944 -0.231128 0.000000
vt -0.020944 -0.254240 0.000000
vt -0.020944 -0.277353 0.000000
vt -0.031416 0.277353 0.000000
vt -0.031416 0.254240 0.000000
vt -0.031416 0.231128 0.000000
vt -0.031416 0.208015 0.000000
vt -0.031416 0.184902 0.000000
vt -0.031416 0.161789 0.000000
vt -0.031416 0.138677 0.000000
vt -0.031416 0.115564 0.000000
vt -0.031416 0.092451 0.000000
vt -0.031416 0.069338 0.000000
vt -0.031416 0.046226 0.000000
vt -0.031416 0.023113 0.000000
vt -0.031416 0.000000 0.000000
vt -0.031416 -0.023113 0.000000
vt -0.031416 -0.046226 0.000000
vt -0.031416 -0.069338 0.000000
vt -0.031416 -0.092451 0.000000
vt -0.031416 -0.115564 0.000000
vt -0.031416 -0.138677 0.000000
vt -0.031416 -0.161789 0.000000
vt -0.031416 -0.184902 0.000000
vt -0.031416 -0.208015 0.000000
vt -0.031416 -0.231128 0.000000
vt -0.031416 -0.254240 0.000000
vt -0.031416 -0.277353 0.000000
vt -0.041888 0.277353 0.000000
vt -0.041888 0.254240 0.000000
vt -0.041888 0.231128 0.000000
vt -0.041888 0.208015 0.000000
vt -0.041888 0.184902 0.000000
vt -0.041888 0.161789 0.000000
vt -0.041888 0.138677 0.000000
vt -0.041888 0.115564 0.000000
vt -0.041888 0.092451 0.000000
vt -0.041888 0.069338 0.000000
vt -0.041888 0.046226 0.000000
vt -0.041888 0.023113 0.000000
vt -0.041888 0.000000 0.000000
vt -0.041888 -0.023113 0.000000
vt -0.041888 -0.046226 0.000000
vt -0.041888 -0.069338 0.000000
vt -0.041888 -0.092451 0.000000
vt -0.041888 -0.115564 0.000000
vt -0.041888 -0.138677 0.000000
vt -0.041888 -0.161789 0.000000
vt -0.041888 -0.184902 0.000000
vt -0.041888 -0.208015 0.000000
vt -0.041888 -0.231128 0.000000
vt -0.041888 -0.254240 0.000000
vt -0.041888 -0.277353 0.000000
vt -0.037081 0.026180 0.000000
vt -0.160000 0.026180 0.000000
vt -0.037081 0.000000 0.000000
vt -0.160000 0.000000 0.000000
vt -0.037081 -0.026180 0.000000
vt -0.160000 -0.026180 0.000000
vt -0.037081 -0.052360 0.000000
vt -0.160000 -0.052360 0.000000
vt -0.037081 -0.078540 0.000000
vt -0.160000 -0.078540 0.000000
vt -0.037081 -0.104720 0.000000
vt -0.160000 -0.104720 0.000000
vt -0.037081 -0.130900 0.000000
vt -0.160000 -0.130900 0.000000
vt -0.037081 -0.157080 0.000000
vt -0.160000 -0.157080 0.000000
vt -0.037081 -0.183260 0.000000
vt -0.160000 -0.183260 0.000000
vt -0.037081 -0.209440 0.000000
vt -0.160000 -0.209440 0.000000
vt -0.037081 -0.235619 0.000000
vt -0.160000 -0.235619 0.000000
vt -0.037081 -0.261799 0.000000
vt -0.160000 -0.261799 0.000000
vt -0.037081 -0.287979 0.000000
vt -0.160000 -0.287979 0.000000
vt -0.037081 -0.314159 0.000000
vt -0.160000 -0.314159 0.000000
vt -0.037081 0.314159 0.000000
vt -0.160000 0.314159 0.000000
vt -0.037081 0.287979 0.000000
vt -0.160000 0.287979 0.000000
vt -0.037081 0.261799 0.000000
vt -0.160000 0.261799 0.000000
vt -0.037081 0.235619 0.000000
vt -0.160000 0.235619 0.000000
vt -0.037081 0.209440 0.000000
vt -0.160000 0.209440 0.000000
vt -0.037081 0.183260 0.000000
vt -0.160000 0.183260 0.000000
vt -0.037081 0.157080 0.000000
vt -0.160000 0.157080 0.000000
vt -0.037081 0.130900 0.000000
vt -0.160000 0.130900 0.000000
vt -0.037081 0.104720 0.000000
vt -0.160000 0.104720 0.000000
vt -0.037081 0.078540 0.000000
vt -0.160000 0.078540 0.000000
vt -0.037081 0.052360 0.000000
vt -0.160000 0.052360 0.000000
vt -0.057956 -0.015529 0.000000
vt 0.057956 -0.015529 0.000000
vt -0.060000 0.000000 0.000000
vt 0.060000 0.000000 0.000000
vt -0.057956 0.015529 0.000000
vt 0.057956 0.015529 0.000000
vt -0.051962 0.030000 0.000000
vt 0.051962 0.030000 0.000000
vt -0.042426 0.042426 0.000000
vt 0.042426 0.042426 0.000000
vt -0.030000 0.051962 0.000000
vt 0.030000 0.051962 0.000000
vt -0.015529 0.057956 0.000000
vt 0.015529 0.057956 0.000000
vt 0.000000 0.060000 0.000000
vt 0.051962 -0.030000 0.000000
vt -0.051962 -0.030000 0.000000
vt 0.042426 -0.042426 0.000000
vt -0.042426 -0.042426 0.000000
vt 0.030000 -0.051962 0.000000
vt -0.030000 -0.051962 0.000000
vt 0.015529 -0.057956 0.000000
vt -0.015529 -0.057956 0.000000
vt 0.000000 -0.060000 0.000000
vt -0.047456 0.268300 0.000000
vt -0.037965 0.268300 0.000000
vt -0.047456 0.292690 0.000000
vt -0.037965 0.292690 0.000000
vt -0.047456 -0.292690 0.000000
vt -0.037965 -0.292690 0.000000
vt -0.047456 -0.268300 0.000000
vt -0.037965 -0.268300 0.000000
vt -0.047456 -0.243909 0.000000
vt -0.037965 -0.243909 0.000000
vt -0.047456 -0.219518 0.000000
vt -0.037965 -0.219518 0.000000
vt -0.047456 -0.195127 0.000000
vt -0.037965 -0.195127 0.000000
vt -0.047456 -0.170736 0.000000
vt -0.037965 -0.170736 0.000000
vt -0.047456 -0.146345 0.000000
vt -0.037965 -0.146345 0.000000
vt -0.047456 -0.121954 0.000000
vt -0.037965 -0.121954 0.000000
vt -0.047456 -0.097563 0.000000
vt -0.037965 -0.097563 0.000000
vt -0.047456 -0.073173 0.000000
vt -0.037965 -0.073173 0.000000
vt -0.047456 -0.048782 0.000000
vt -0.037965 -0.048782 0.000000
vt -0.047456 -0.024391 0.000000
vt -0.037965 -0.024391 0.000000
vt -0.047456 -0.000000 0.000000
vt -0.037965 0.000000 0.000000
vt -0.047456 0.024391 0.000000
vt -0.037965 0.024391 0.000000
vt -0.047456 0.048782 0.000000
vt -0.037965 0.048782 0.000000
vt -0.047456 0.073173 0.000000
vt -0.037965 0.073173 0.000000
vt -0.047456 0.097563 0.000000
vt -0.037965 0.097563 0.000000
vt -0.047456 0.121954 0.000000
vt -0.037965 0.121954 0.000000
vt -0.047456 0.146345 0.000000
vt -0.037965 0.146345 0.000000
vt -0.047456 0.170736 0.000000
vt -0.037965 0.170736 0.000000
vt -0.047456 0.195127 0.000000
vt -0.037965 0.195127 0.000000
vt -0.047456 0.219518 0.000000
vt -0.037965 0.219518 0.000000
vt -0.047456 0.243909 0.000000
vt -0.037965 0.243909 0.000000
vt 0.000000 -0.268300 0.000000
vt -0.009491 -0.268300 0.000000
vt 0.000000 -0.292690 0.000000
vt -0.009491 -0.292690 0.000000
vt 0.000000 0.292690 0.000000
vt -0.009491 0.292690 0.000000
vt 0.000000 0.268300 0.000000
vt -0.009491 0.268300 0.000000
vt 0.000000 0.243909 0.000000
vt -0.009491 0.243909 0.000000
vt 0.000000 0.219518 0.000000
vt -0.009491 0.219518 0.000000
vt 0.000000 0.195127 0.000000
vt -0.009491 0.195127 0.000000
vt 0.000000 0.170736 0.000000
vt -0.009491 0.170736 0.000000
vt 0.000000 0.146345 0.000000
vt -0.009491 0.146345 0.000000
vt 0.000000 0.121954 0.000000
vt -0.009491 0.121954 0.000000
vt 0.000000 0.097563 0.000000
vt -0.009491 0.097563 0.000000
vt 0.000000 0.073173 0.000000
vt -0.009491 0.073173 0.000000
vt 0.000000 0.048782 0.000000
vt -0.009491 0.048782 0.000000
vt 0.000000 0.024391 0.000000
vt -0.009491 0.024391 0.000000
vt 0.000000 -0.000000 0.000000
vt -0.009491 0.000000 0.000000
vt 0.000000 -0.024391 0.000000
vt -0.009491 -0.024391 0.000000
vt 0.000000 -0.048782 0.000000
vt -0.009491 -0.048782 0.000000
vt 0.000000 -0.073173 0.000000
vt -0.009491 -0.073173 0.000000
vt 0.000000 -0.097563 0.000000
vt -0.009491 -0.097563 0.000000
vt 0.000000 -0.121954 0.000000
vt -0.009491 -0.121954 0.000000
vt 0.000000 -0.146345 0.000000
vt -0.009491 -0.146345 0.000000
vt 0.000000 -0.170736 0.000000
vt -0.009491 -0.170736 0.000000
vt 0.000000 -0.195127 0.000000
vt -0.009491 -0.195127 0.000000
vt 0.000000 -0.219518 0.000000
vt -0.009491 -0.219518 0.000000
vt 0.000000 -0.243909 0.000000
vt -0.009491 -0.243909 0.000000
vt -0.028474 -0.292690 0.000000
vt -0.028474 -0.268300 0.000000
vt -0.028474 -0.243909 0.000000
vt -0.028474 -0.219518 0.000000
vt -0.028474 -0.195127 0.000000
vt -0.028474 -0.170736 0.000000
vt -0.028474 -0.146345 0.000000
vt -0.028474 -0.121954 0.000000
vt -0.028474 -0.097563 0.000000
vt -0.028474 -0.073173 0.000000
vt -0.028474 -0.048782 0.000000
vt -0.028474 -0.024391 0.000000
vt -0.028474 0.000000 0.000000
vt -0.028474 0.024391 0.000000
vt -0.028474 0.048782 0.000000
vt -0.028474 0.073173 0.000000
vt -0.028474 0.097563 0.000000
vt -0.028474 0.121954 0.000000
vt -0.028474 0.146345 0.000000
vt -0.028474 0.170736 0.000000
vt -0.028474 0.195127 0.000000
vt -0.028474 0.219518 0.000000
vt -0.028474 0.243909 0.000000
vt -0.028474 0.268300 0.000000
vt -0.028474 0.292690 0.000000
vt -0.018982 -0.292690 0.000000
vt -0.018982 -0.268300 0.000000
vt -0.018982 -0.243909 0.000000
vt -0.018982 -0.219518 0.000000
vt -0.018982 -0.195127 0.000000
vt -0.018982 -0.170736 0.000000
vt -0.018982 -0.146345 0.000000
vt -0.018982 -0.121954 0.000000
vt -0.018982 -0.097563 0.000000
vt -0.018982 -0.073173 0.000000
vt -0.018982 -0.048782 0.000000
vt -0.018982 -0.024391 0.000000
vt -0.018982 0.000000 0.000000
vt -0.018982 0.024391 0.000000
vt -0.018982 0.048782 0.000000
vt -0.018982 0.073173 0.000000
vt -0.018982 0.097563 0.000000
vt -0.018982 0.121954 0.000000
vt -0.018982 0.146345 0.000000
vt -0.018982 0.170736 0.000000
vt -0.018982 0.195127 0.000000
vt -0.018982 0.219518 0.000000
vt -0.018982 0.243909 0.000000
vt -0.018982 0.268300 0.000000
vt -0.018982 0.292690 0.000000
vt -0.000000 0.023113 0.000000
vt -0.010472 0.023113 0.000000
vt -0.000000 0.000000 0.000000
vt -0.010472 0.000000 0.000000
vt -0.000000 -0.023113 0.000000
vt -0.010472 -0.023113 0.000000
vt -0.000000 -0.046226 0.000000
vt -0.010472 -0.046226 0.000000
vt -0.000000 -0.069338 0.000000
vt -0.010472 -0.069338 0.000000
vt -0.000000 -0.092451 0.000000
vt -0.010472 -0.092451 0.000000
vt -0.000000 -0.115564 0.000000
vt -0.010472 -0.115564 0.000000
vt -0.000000 -0.138677 0.000000
vt -0.010472 -0.138677 0.000000
vt -0.000000 -0.161789 0.000000
vt -0.010472 -0.161789 0.000000
vt -0.000000 -0.184902 0.000000
vt -0.010472 -0.184902 0.000000
vt -0.000000 -0.208015 0.000000
vt -0.010472 -0.208015 0.000000
vt -0.000000 -0.231128 0.000000
vt -0.010472 -0.231128 0.000000
vt -0.000000 -0.254240 0.000000
vt -0.010472 -0.254240 0.000000
vt -0.000000 -0.277353 0.000000
vt -0.010472 -0.277353 0.000000
vt -0.000000 0.277353 0.000000
vt -0.010472 0.277353 0.000000
vt -0.000000 0.254240 0.000000
vt -0.010472 0.254240 0.000000
vt -0.000000 0.231128 0.000000
vt -0.010472 0.231128 0.000000
vt -0.000000 0.208015 0.000000
vt -0.010472 0.208015 0.000000
vt -0.000000 0.184902 0.000000
vt -0.010472 0.184902 0.000000
vt -0.000000 0.161789 0.000000
vt -0.010472 0.161789 0.000000
vt -0.000000 0.138677 0.000000
vt -0.010472 0.138677 0.000000
vt -0.000000 0.115564 0.000000
vt -0.010472 0.115564 0.000000
vt -0.000000 0.092451 0.000000
vt -0.010472 0.092451 0.000000
vt -0.000000 0.069338 0.000000
vt -0.010472 0.069338 0.000000
vt -0.000000 0.046226 0.000000
vt -0.010472 0.046226 0.000000
vt -0.062832 -0.023113 0.000000
vt -0.052360 -0.023113 0.000000
vt -0.062832 0.000000 0.000000
vt -0.052360 0.000000 0.000000
vt -0.062832 0.023113 0.000000
vt -0.052360 0.023113 0.000000
vt -0.062832 0.046226 0.000000
vt -0.052360 0.046226 0.000000
vt -0.062832 0.069338 0.000000
vt -0.052360 0.069338 0.000000
vt -0.062832 0.092451 0.000000
vt -0.052360 0.092451 0.000000
vt -0.062832 0.115564 0.000000
vt -0.052360 0.115564 0.000000
vt -0.062832 0.138677 0.000000
vt -0.052360 0.138677 0.000000
vt -0.062832 0.161789 0.000000
vt -0.052360 0.161789 0.000000
vt -0.062832 0.184902 0.000000
vt -0.052360 0.184902 0.000000
vt -0.062832 0.208015 0.000000
vt -0.052360 0.208015 0.000000
vt -0.062832 0.231128 0.000000
vt -0.052360 0.231128 0.000000
vt -0.062832 0.254240 0.000000
vt -0.052360 0.254240 0.000000
vt -0.062832 0.277353 0.000000
vt -0.052360 0.277353 0.000000
vt -0.062832 -0.277353 0.000000
vt -0.052360 -0.277353 0.000000
vt -0.062832 -0.254240 0.000000
vt -0.052360 -0.254240 0.000000
vt -0.062832 -0.231128 0.000000
vt -0.052360 -0.231128 0.000000
vt -0.062832 -0.208015 0.000000
vt -0.052360 -0.208015 0.000000
vt -0.062832 -0.184902 0.000000
vt -0.052360 -0.184902 0.000000
vt -0.062832 -0.161789 0.000000
vt -0.052360 -0.161789 0.000000
vt -0.062832 -0.138677 0.000000
vt -0.052360 -0.138677 0.000000
vt -0.062832 -0.115564 0.000000
vt -0.052360 -0.115564 0.000000
vt -0.062832 -0.092451 0.000000
vt -0.052360 -0.092451 0.000000
vt -0.062832 -0.069338 0.000000
vt -0.052360 -0.069338 0.000000
vt -0.062832 -0.046226 0.000000
vt -0.052360 -0.046226 0.000000
vt -0.020944 0.277353 0.000000
vt -0.020944 0.254240 0.000000
vt -0.020944 0.231128 0.000000
vt -0.020944 0.208015 0.000000
vt -0.020944 0.184902 0.000000
vt -0.020944 0.161789 0.000000
vt -0.020944 0.138677 0.000000
vt -0.020944 0.115564 0.000000
vt -0.020944 0.092451 0.000000
vt -0.020944 0.069338 0.000000
vt -0.020944 0.046226 0.000000
vt -0.020944 0.023113 0.000000
vt -0.020944 0.000000 0.000000
vt -0.020944 -0.023113 0.000000
vt -0.020944 -0.046226 0.000000
vt -0.020944 -0.069338 0.000000
vt -0.020944 -0.092451 0.000000
vt -0.020944 -0.115564 0.000000
vt -0.020944 -0.138677 0.000000
vt -0.020944 -0.161789 0.000000
vt -0.020944 -0.184902 0.000000
vt -0.020944 -0.208015 0.000000
vt -0.020944 -0.231128 0.000000
vt -0.020944 -0.254240 0.000000
vt -0.020944 -0.277353 0.000000
vt -0.031416 0.277353 0.000000
vt -0.031416 0.254240 0.000000
vt -0.031416 0.231128 0.000000
vt -0.031416 0.208015 0.000000
vt -0.031416 0.184902 0.000000
vt -0.031416 0.161789 0.000000
vt -0.031416 0.138677 0.000000
vt -0.031416 0.115564 0.000000
vt -0.031416 0.092451 0.000000
vt -0.031416 0.069338 0.000000
vt -0.031416 0.046226 0.000000
vt -0.031416 0.023113 0.000000
vt -0.031416 0.000000 0.000000
vt -0.031416 -0.023113 0.000000
vt -0.031416 -0.046226 0.000000
vt -0.031416 -0.069338 0.000000
vt -0.031416 -0.092451 0.000000
vt -0.031416 -0.115564 0.000000
vt -0.031416 -0.138677 0.000000
vt -0.031416 -0.161789 0.000000
vt -0.031416 -0.184902 0.000000
vt -0.031416 -0.208015 0.000000
vt -0.031416 -0.231128 0.000000
vt -0.031416 -0.254240 0.000000
vt -0.031416 -0.277353 0.000000
vt -0.041888 0.277353 0.000000
vt -0.041888 0.254240 0.000000
vt -0.041888 0.231128 0.000000
vt -0.041888 0.208015 0.000000
vt -0.041888 0.184902 0.000000
vt -0.041888 0.161789 0.000000
vt -0.041888 0.138677 0.000000
vt -0.041888 0.115564 0.000000
vt -0.041888 0.092451 0.000000
vt -0.041888 0.069338 0.000000
vt -0.041888 0.046226 0.000000
vt -0.041888 0.023113 0.000000
vt -0.041888 0.000000 0.000000
vt -0.041888 -0.023113 0.000000
vt -0.041888 -0.046226 0.000000
vt -0.041888 -0.069338 0.000000
vt -0.041888 -0.092451 0.000000
vt -0.041888 -0.115564 0.000000
vt -0.041888 -0.138677 0.000000
vt -0.041888 -0.161789 0.000000
vt -0.041888 -0.184902 0.000000
vt -0.041888 -0.208015 0.000000
vt -0.041888 -0.231128 0.000000
vt -0.041888 -0.254240 0.000000
vt -0.041888 -0.277353 0.000000
vt -0.037081 0.026180 0.000000
vt -0.160000 0.026180 0.000000
vt -0.037081 0.000000 0.000000
vt -0.160000 0.000000 0.000000
vt -0.037081 -0.026180 0.000000
vt -0.160000 -0.026180 0.000000
vt -0.037081 -0.052360 0.000000
vt -0.160000 -0.052360 0.000000
vt -0.037081 -0.078540 0.000000
vt -0.160000 -0.078540 0.000000
vt -0.037081 -0.104720 0.000000
vt -0.160000 -0.104720 0.000000
vt -0.037081 -0.130900 0.000000
vt -0.160000 -0.130900 0.000000
vt -0.037081 -0.157080 0.000000
vt -0.160000 -0.157080 0.000000
vt -0.037081 -0.183260 0.000000
vt -0.160000 -0.183260 0.000000
vt -0.037081 -0.209440 0.000000
vt -0.160000 -0.209440 0.000000
vt -0.037081 -0.235619 0.000000
vt -0.160000 -0.235619 0.000000
vt -0.037081 -0.261799 0.000000
vt -0.160000 -0.261799 0.000000
vt -0.037081 -0.287979 0.000000
vt -0.160000 -0.287979 0.000000
vt -0.037081 -0.314159 0.000000
vt -0.160000 -0.314159 0.000000
vt -0.037081 0.314159 0.000000
vt -0.160000 0.314159 0.000000
vt -0.037081 0.287979 0.000000
vt -0.160000 0.287979 0.000000
vt -0.037081 0.261799 0.000000
vt -0.160000 0.261799 0.000000
vt -0.037081 0.235619 0.000000
vt -0.160000 0.235619 0.000000
vt -0.037081 0.209440 0.000000
vt -0.160000 0.209440 0.000000
vt -0.037081 0.183260 0.000000
vt -0.160000 0.183260 0.000000
vt -0.037081 0.157080 0.000000
vt -0.160000 0.157080 0.000000
vt -0.037081 0.130900 0.000000
vt -0.160000 0.130900 0.000000
vt -0.037081 0.104720 0.000000
vt -0.160000 0.104720 0.000000
vt -0.037081 0.078540 0.000000
vt -0.160000 0.078540 0.000000
vt -0.037081 0.052360 0.000000
vt -0.160000 0.052360 0.000000
vt -0.057956 -0.015529 0.000000
vt 0.057956 -0.015529 0.000000
vt -0.060000 0.000000 0.000000
vt 0.060000 0.000000 0.000000
vt -0.057956 0.015529 0.000000
vt 0.057956 0.015529 0.000000
vt -0.051962 0.030000 0.000000
vt 0.051962 0.030000 0.000000
vt -0.042426 0.042426 0.000000
vt 0.042426 0.042426 0.000000
vt -0.030000 0.051962 0.000000
vt 0.030000 0.051962 0.000000
vt -0.015529 0.057956 0.000000
vt 0.015529 0.057956 0.000000
vt 0.000000 0.060000 0.000000
vt 0.051962 -0.030000 0.000000
vt -0.051962 -0.030000 0.000000
vt 0.042426 -0.042426 0.000000
vt -0.042426 -0.042426 0.000000
vt 0.030000 -0.051962 0.000000
vt -0.030000 -0.051962 0.000000
vt 0.015529 -0.057956 0.000000
vt -0.015529 -0.057956 0.000000
vt 0.000000 -0.060000 0.000000
vt -0.047456 0.268300 0.000000
vt -0.037965 0.268300 0.000000
vt -0.047456 0.292690 0.000000
vt -0.037965 0.292690 0.000000
vt -0.047456 -0.292690 0.000000
vt -0.037965 -0.292690 0.000000
vt -0.047456 -0.268300 0.000000
vt -0.037965 -0.268300 0.000000
vt -0.047456 -0.243909 0.000000
vt -0.037965 -0.243909 0.000000
vt -0.047456 -0.219518 0.000000
vt -0.037965 -0.219518 0.000000
vt -0.047456 -0.195127 0.000000
vt -0.037965 -0.195127 0.000000
vt -0.047456 -0.170736 0.000000
vt -0.037965 -0.170736 0.000000
vt -0.047456 -0.146345 0.000000
vt -0.037965 -0.146345 0.000000
vt -0.047456 -0.121954 0.000000
vt -0.037965 -0.121954 0.000000
vt -0.047456 -0.097563 0.000000
vt -0.037965 -0.097563 0.000000
vt -0.047456 -0.073173 0.000000
vt -0.037965 -0.073173 0.000000
vt -0.047456 -0.048782 0.000000
vt -0.037965 -0.048782 0.000000
vt -0.047456 -0.024391 0.000000
vt -0.037965 -0.024391 0.000000
vt -0.047456 -0.000000 0.000000
vt -0.037965 0.000000 0.000000
vt -0.047456 0.024391 0.000000
vt -0.037965 0.024391 0.000000
vt -0.047456 0.048782 0.000000
vt -0.037965 0.048782 0.000000
vt -0.047456 0.073173 0.000000
vt -0.037965 0.073173 0.000000
vt -0.047456 0.097563 0.000000
vt -0.037965 0.097563 0.000000
vt -0.047456 0.121954 0.000000
vt -0.037965 0.121954 0.000000
vt -0.047456 0.146345 0.000000
vt -0.037965 0.146345 0.000000
vt -0.047456 0.170736 0.000000
vt -0.037965 0.170736 0.000000
vt -0.047456 0.195127 0.000000
vt -0.037965 0.195127 0.000000
vt -0.047456 0.219518 0.000000
vt -0.037965 0.219518 0.000000
vt -0.047456 0.243909 0.000000
vt -0.037965 0.243909 0.000000
vt 0.000000 -0.268300 0.000000
vt -0.009491 -0.268300 0.000000
vt 0.000000 -0.292690 0.000000
vt -0.009491 -0.292690 0.000000
vt 0.000000 0.292690 0.000000
vt -0.009491 0.292690 0.000000
vt 0.000000 0.268300 0.000000
vt -0.009491 0.268300 0.000000
vt 0.000000 0.243909 0.000000
vt -0.009491 0.243909 0.000000
vt 0.000000 0.219518 0.000000
vt -0.009491 0.219518 0.000000
vt 0.000000 0.195127 0.000000
vt -0.009491 0.195127 0.000000
vt 0.000000 0.170736 0.000000
vt -0.009491 0.170736 0.000000
vt 0.000000 0.146345 0.000000
vt -0.009491 0.146345 0.000000
vt 0.000000 0.121954 0.000000
vt -0.009491 0.121954 0.000000
vt 0.000000 0.097563 0.000000
vt -0.009491 0.097563 0.000000
vt 0.000000 0.073173 0.000000
vt -0.009491 0.073173 0.000000
vt 0.000000 0.048782 0.000000
vt -0.009491 0.048782 0.000000
vt 0.000000 0.024391 0.000000
vt -0.009491 0.024391 0.000000
vt 0.000000 -0.000000 0.000000
vt -0.009491 0.000000 0.000000
vt 0.000000 -0.024391 0.000000
vt -0.009491 -0.024391 0.000000
vt 0.000000 -0.048782 0.000000
vt -0.009491 -0.048782 0.000000
vt 0.000000 -0.073173 0.000000
vt -0.009491 -0.073173 0.000000
vt 0.000000 -0.097563 0.000000
vt -0.009491 -0.097563 0.000000
vt 0.000000 -0.121954 0.000000
vt -0.009491 -0.121954 0.000000
vt 0.000000 -0.146345 0.000000
vt -0.009491 -0.146345 0.000000
vt 0.000000 -0.170736 0.000000
vt -0.009491 -0.170736 0.000000
vt 0.000000 -0.195127 0.000000
vt -0.009491 -0.195127 0.000000
vt 0.000000 -0.219518 0.000000
vt -0.009491 -0.219518 0.000000
vt 0.000000 -0.243909 0.000000
vt -0.009491 -0.243909 0.000000
vt -0.028474 -0.292690 0.000000
vt -0.028474 -0.268300 0.000000
vt -0.028474 -0.243909 0.000000
vt -0.028474 -0.219518 0.000000
vt -0.028474 -0.195127 0.000000
vt -0.028474 -0.170736 0.000000
vt -0.028474 -0.146345 0.000000
vt -0.028474 -0.121954 0.000000
vt -0.028474 -0.097563 0.000000
vt -0.028474 -0.073173 0.000000
vt -0.028474 -0.048782 0.000000
vt -0.028474 -0.024391 0.000000
vt -0.028474 0.000000 0.000000
vt -0.028474 0.024391 0.000000
vt -0.028474 0.048782 0.000000
vt -0.028474 0.073173 0.000000
vt -0.028474 0.097563 0.000000
vt -0.028474 0.121954 0.000000
vt -0.028474 0.146345 0.000000
vt -0.028474 0.170736 0.000000
vt -0.028474 0.195127 0.000000
vt -0.028474 0.219518 0.000000
vt -0.028474 0.243909 0.000000
vt -0.028474 0.268300 0.000000
vt -0.028474 0.292690 0.000000
vt -0.018982 -0.292690 0.000000
vt -0.018982 -0.268300 0.000000
vt -0.018982 -0.243909 0.000000
vt -0.018982 -0.219518 0.000000
vt -0.018982 -0.195127 0.000000
vt -0.018982 -0.170736 0.000000
vt -0.018982 -0.146345 0.000000
vt -0.018982 -0.121954 0.000000
vt -0.018982 -0.097563 0.000000
vt -0.018982 -0.073173 0.000000
vt -0.018982 -0.048782 0.000000
vt -0.018982 -0.024391 0.000000
vt -0.018982 0.000000 0.000000
vt -0.018982 0.024391 0.000000
vt -0.018982 0.048782 0.000000
vt -0.018982 0.073173 0.000000
vt -0.018982 0.097563 0.000000
vt -0.018982 0.121954 0.000000
vt -0.018982 0.146345 0.000000
vt -0.018982 0.170736 0.000000
vt -0.018982 0.195127 0.000000
vt -0.018982 0.219518 0.000000
vt -0.018982 0.243909 0.000000
vt -0.018982 0.268300 0.000000
vt -0.018982 0.292690 0.000000
vt -0.000000 0.023113 0.000000
vt -0.010472 0.023113 0.000000
vt -0.000000 0.000000 0.000000
vt -0.010472 0.000000 0.000000
vt -0.000000 -0.023113 0.000000
vt -0.010472 -0.023113 0.000000
vt -0.000000 -0.046226 0.000000
vt -0.010472 -0.046226 0.000000
vt -0.000000 -0.069338 0.000000
vt -0.010472 -0.069338 0.000000
vt -0.000000 -0.092451 0.000000
vt -0.010472 -0.092451 0.000000
vt -0.000000 -0.115564 0.000000
vt -0.010472 -0.115564 0.000000
vt -0.000000 -0.138677 0.000000
vt -0.010472 -0.138677 0.000000
vt -0.000000 -0.161789 0.000000
vt -0.010472 -0.161789 0.000000
vt -0.000000 -0.184902 0.000000
vt -0.010472 -0.184902 0.000000
vt -0.000000 -0.208015 0.000000
vt -0.010472 -0.208015 0.000000
vt -0.000000 -0.231128 0.000000
vt -0.010472 -0.231128 0.000000
vt -0.000000 -0.254240 0.000000
vt -0.010472 -0.254240 0.000000
vt -0.000000 -0.277353 0.000000
vt -0.010472 -0.277353 0.000000
vt -0.000000 0.277353 0.000000
vt -0.010472 0.277353 0.000000
vt -0.000000 0.254240 0.000000
vt -0.010472 0.254240 0.000000
vt -0.000000 0.231128 0.000000
vt -0.010472 0.231128 0.000000
vt -0.000000 0.208015 0.000000
vt -0.010472 0.208015 0.000000
vt -0.000000 0.184902 0.000000
vt -0.010472 0.184902 0.000000
vt -0.000000 0.161789 0.000000
vt -0.010472 0.161789 0.000000
vt -0.000000 0.138677 0.000000
vt -0.010472 0.138677 0.000000
vt -0.000000 0.115564 0.000000
vt -0.010472 0.115564 0.000000
vt -0.000000 0.092451 0.000000
vt -0.010472 0.092451 0.000000
vt -0.000000 0.069338 0.000000
vt -0.010472 0.069338 0.000000
vt -0.000000 0.046226 0.000000
vt -0.010472 0.046226 0.000000
vt -0.062832 -0.023113 0.000000
vt -0.052360 -0.023113 0.000000
vt -0.062832 0.000000 0.000000
vt -0.052360 0.000000 0.000000
vt -0.062832 0.023113 0.000000
vt -0.052360 0.023113 0.000000
vt -0.062832 0.046226 0.000000
vt -0.052360 0.046226 0.000000
vt -0.062832 0.069338 0.000000
vt -0.052360 0.069338 0.000000
vt -0.062832 0.092451 0.000000
vt -0.052360 0.092451 0.000000
vt -0.062832 0.115564 0.000000
vt -0.052360 0.115564 0.000000
vt -0.062832 0.138677 0.000000
vt -0.052360 0.138677 0.000000
vt -0.062832 0.161789 0.000000
vt -0.052360 0.161789 0.000000
vt -0.062832 0.184902 0.000000
vt -0.052360 0.184902 0.000000
vt -0.062832 0.208015 0.000000
vt -0.052360 0.208015 0.000000
vt -0.062832 0.231128 0.000000
vt -0.052360 0.231128 0.000000
vt -0.062832 0.254240 0.000000
vt -0.052360 0.254240 0.000000
vt -0.062832 0.277353 0.000000
vt -0.052360 0.277353 0.000000
vt -0.062832 -0.277353 0.000000
vt -0.052360 -0.277353 0.000000
vt -0.062832 -0.254240 0.000000
vt -0.052360 -0.254240 0.000000
vt -0.062832 -0.231128 0.000000
vt -0.052360 -0.231128 0.000000
vt -0.062832 -0.208015 0.000000
vt -0.052360 -0.208015 0.000000
vt -0.062832 -0.184902 0.000000
vt -0.052360 -0.184902 0.000000
vt -0.062832 -0.161789 0.000000
vt -0.052360 -0.161789 0.000000
vt -0.062832 -0.138677 0.000000
vt -0.052360 -0.138677 0.000000
vt -0.062832 -0.115564 0.000000
vt -0.052360 -0.115564 0.000000
vt -0.062832 -0.092451 0.000000
vt -0.052360 -0.092451 0.000000
vt -0.062832 -0.069338 0.000000
vt -0.052360 -0.069338 0.000000
vt -0.062832 -0.046226 0.000000
vt -0.052360 -0.046226 0.000000
vt -0.020944 0.277353 0.000000
vt -0.020944 0.254240 0.000000
vt -0.020944 0.231128 0.000000
vt -0.020944 0.208015 0.000000
vt -0.020944 0.184902 0.000000
vt -0.020944 0.161789 0.000000
vt -0.020944 0.138677 0.000000
vt -0.020944 0.115564 0.000000
vt -0.020944 0.092451 0.000000
vt -0.020944 0.069338 0.000000
vt -0.020944 0.046226 0.000000
vt -0.020944 0.023113 0.000000
vt -0.020944 0.000000 0.000000
vt -0.020944 -0.023113 0.000000
vt -0.020944 -0.046226 0.000000
vt -0.020944 -0.069338 0.000000
vt -0.020944 -0.092451 0.000000
vt -0.020944 -0.115564 0.000000
vt -0.020944 -0.138677 0.000000
vt -0.020944 -0.161789 0.000000
vt -0.020944 -0.184902 0.000000
vt -0.020944 -0.208015 0.000000
vt -0.020944 -0.231128 0.000000
vt -0.020944 -0.254240 0.000000
vt -0.020944 -0.277353 0.000000
vt -0.031416 0.277353 0.000000
vt -0.031416 0.254240 0.000000
vt -0.031416 0.231128 0.000000
vt -0.031416 0.208015 0.000000
vt -0.031416 0.184902 0.000000
vt -0.031416 0.161789 0.000000
vt -0.031416 0.138677 0.000000
vt -0.031416 0.115564 0.000000
vt -0.031416 0.092451 0.000000
vt -0.031416 0.069338 0.000000
vt -0.031416 0.046226 0.000000
vt -0.031416 0.023113 0.000000
vt -0.031416 0.000000 0.000000
vt -0.031416 -0.023113 0.000000
vt -0.031416 -0.046226 0.000000
vt -0.031416 -0.069338 0.000000
vt -0.031416 -0.092451 0.000000
vt -0.031416 -0.115564 0.000000
vt -0.031416 -0.138677 0.000000
vt -0.031416 -0.161789 0.000000
vt -0.031416 -0.184902 0.000000
vt -0.031416 -0.208015 0.000000
vt -0.031416 -0.231128 0.000000
vt -0.031416 -0.254240 0.000000
vt -0.031416 -0.277353 0.000000
vt -0.041888 0.277353 0.000000
vt -0.041888 0.254240 0.000000
vt -0.041888 0.231128 0.000000
vt -0.041888 0.208015 0.000000
vt -0.041888 0.184902 0.000000
vt -0.041888 0.161789 0.000000
vt -0.041888 0.138677 0.000000
vt -0.041888 0.115564 0.000000
vt -0.041888 0.092451 0.000000
vt -0.041888 0.069338 0.000000
vt -0.041888 0.046226 0.000000
vt -0.041888 0.023113 0.000000
vt -0.041888 0.000000 0.000000
vt -0.041888 -0.023113 0.000000
vt -0.041888 -0.046226 0.000000
vt -0.041888 -0.069338 0.000000
vt -0.041888 -0.092451 0.000000
vt -0.041888 -0.115564 0.000000
vt -0.041888 -0.138677 0.000000
vt -0.041888 -0.161789 0.000000
vt -0.041888 -0.184902 0.000000
vt -0.041888 -0.208015 0.000000
vt -0.041888 -0.231128 0.000000
vt -0.041888 -0.254240 0.000000
vt -0.041888 -0.277353 0.000000
vt -0.037081 0.026180 0.000000
vt -0.160000 0.026180 0.000000
vt -0.037081 0.000000 0.000000
vt -0.160000 0.000000 0.000000
vt -0.037081 -0.026180 0.000000
vt -0.160000 -0.026180 0.000000
vt -0.037081 -0.052360 0.000000
vt -0.160000 -0.052360 0.000000
vt -0.037081 -0.078540 0.000000
vt -0.160000 -0.078540 0.000000
vt -0.037081 -0.104720 0.000000
vt -0.160000 -0.104720 0.000000
vt -0.037081 -0.130900 0.000000
vt -0.160000 -0.130900 0.000000
vt -0.037081 -0.157080 0.000000
vt -0.160000 -0.157080 0.000000
vt -0.037081 -0.183260 0.000000
vt -0.160000 -0.183260 0.000000
vt -0.037081 -0.209440 0.000000
vt -0.160000 -0.209440 0.000000
vt -0.037081 -0.235619 0.000000
vt -0.160000 -0.235619 0.000000
vt -0.037081 -0.261799 0.000000
vt -0.160000 -0.261799 0.000000
vt -0.037081 -0.287979 0.000000
vt -0.160000 -0.287979 0.000000
vt -0.037081 -0.314159 0.000000
vt -0.160000 -0.314159 0.000000
vt -0.037081 0.314159 0.000000
vt -0.160000 0.314159 0.000000
vt -0.037081 0.287979 0.000000
vt -0.160000 0.287979 0.000000
vt -0.037081 0.261799 0.000000
vt -0.160000 0.261799 0.000000
vt -0.037081 0.235619 0.000000
vt -0.160000 0.235619 0.000000
vt -0.037081 0.209440 0.000000
vt -0.160000 0.209440 0.000000
vt -0.037081 0.183260 0.000000
vt -0.160000 0.183260 0.000000
vt -0.037081 0.157080 0.000000
vt -0.160000 0.157080 0.000000
vt -0.037081 0.130900 0.000000
vt -0.160000 0.130900 0.000000
vt -0.037081 0.104720 0.000000
vt -0.160000 0.104720 0.000000
vt -0.037081 0.078540 0.000000
vt -0.160000 0.078540 0.000000
vt -0.037081 0.052360 0.000000
vt -0.160000 0.052360 0.000000
vt -0.057956 -0.015529 0.000000
vt 0.057956 -0.015529 0.000000
vt -0.060000 0.000000 0.000000
vt 0.060000 0.000000 0.000000
vt -0.057956 0.015529 0.000000
vt 0.057956 0.015529 0.000000
vt -0.051962 0.030000 0.000000
vt 0.051962 0.030000 0.000000
vt -0.042426 0.042426 0.000000
vt 0.042426 0.042426 0.000000
vt -0.030000 0.051962 0.000000
vt 0.030000 0.051962 0.000000
vt -0.015529 0.057956 0.000000
vt 0.015529 0.057956 0.000000
vt 0.000000 0.060000 0.000000
vt 0.051962 -0.030000 0.000000
vt -0.051962 -0.030000 0.000000
vt 0.042426 -0.042426 0.000000
vt -0.042426 -0.042426 0.000000
vt 0.030000 -0.051962 0.000000
vt -0.030000 -0.051962 0.000000
vt 0.015529 -0.057956 0.000000
vt -0.015529 -0.057956 0.000000
vt 0.000000 -0.060000 0.000000
vt -0.047456 0.268300 0.000000
vt -0.037965 0.268300 0.000000
vt -0.047456 0.292690 0.000000
vt -0.037965 0.292690 0.000000
vt -0.047456 -0.292690 0.000000
vt -0.037965 -0.292690 0.000000
vt -0.047456 -0.268300 0.000000
vt -0.037965 -0.268300 0.000000
vt -0.047456 -0.243909 0.000000
vt -0.037965 -0.243909 0.000000
vt -0.047456 -0.219518 0.000000
vt -0.037965 -0.219518 0.000000
vt -0.047456 -0.195127 0.000000
vt -0.037965 -0.195127 0.000000
vt -0.047456 -0.170736 0.000000
vt -0.037965 -0.170736 0.000000
vt -0.047456 -0.146345 0.000000
vt -0.037965 -0.146345 0.000000
vt -0.047456 -0.121954 0.000000
vt -0.037965 -0.121954 0.000000
vt -0.047456 -0.097563 0.000000
vt -0.037965 -0.097563 0.000000
vt -0.047456 -0.073173 0.000000
vt -0.037965 -0.073173 0.000000
vt -0.047456 -0.048782 0.000000
vt -0.037965 -0.048782 0.000000
vt -0.047456 -0.024391 0.000000
vt -0.037965 -0.024391 0.000000
vt -0.047456 -0.000000 0.000000
vt -0.037965 0.000000 0.000000
vt -0.047456 0.024391 0.000000
vt -0.037965 0.024391 0.000000
vt -0.047456 0.048782 0.000000
vt -0.037965 0.048782 0.000000
vt -0.047456 0.073173 0.000000
vt -0.037965 0.073173 0.000000
vt -0.047456 0.097563 0.000000
vt -0.037965 0.097563 0.000000
vt -0.047456 0.121954 0.000000
vt -0.037965 0.121954 0.000000
vt -0.047456 0.146345 0.000000
vt -0.037965 0.146345 0.000000
vt -0.047456 0.170736 0.000000
vt -0.037965 0.170736 0.000000
vt -0.047456 0.195127 0.000000
vt -0.037965 0.195127 0.000000
vt -0.047456 0.219518 0.000000
vt -0.037965 0.219518 0.000000
vt -0.047456 0.243909 0.000000
vt -0.037965 0.243909 0.000000
vt 0.000000 -0.268300 0.000000
vt -0.009491 -0.268300 0.000000
vt 0.000000 -0.292690 0.000000
vt -0.009491 -0.292690 0.000000
vt 0.000000 0.292690 0.000000
vt -0.009491 0.292690 0.000000
vt 0.000000 0.268300 0.000000
vt -0.009491 0.268300 0.000000
vt 0.000000 0.243909 0.000000
vt -0.009491 0.243909 0.000000
vt 0.000000 0.219518 0.000000
vt -0.009491 0.219518 0.000000
vt 0.000000 0.195127 0.000000
vt -0.009491 0.195127 0.000000
vt 0.000000 0.170736 0.000000
vt -0.009491 0.170736 0.000000
vt 0.000000 0.146345 0.000000
vt -0.009491 0.146345 0.000000
vt 0.000000 0.121954 0.000000
vt -0.009491 0.121954 0.000000
vt 0.000000 0.097563 0.000000
vt -0.009491 0.097563 0.000000
vt 0.000000 0.073173 0.000000
vt -0.009491 0.073173 0.000000
vt 0.000000 0.048782 0.000000
vt -0.009491 0.048782 0.000000
vt 0.000000 0.024391 0.000000
vt -0.009491 0.024391 0.000000
vt 0.000000 -0.000000 0.000000
vt -0.009491 0.000000 0.000000
vt 0.000000 -0.024391 0.000000
vt -0.009491 -0.024391 0.000000
vt 0.000000 -0.048782 0.000000
vt -0.009491 -0.048782 0.000000
vt 0.000000 -0.073173 0.000000
vt -0.009491 -0.073173 0.000000
vt 0.000000 -0.097563 0.000000
vt -0.009491 -0.097563 0.000000
vt 0.000000 -0.121954 0.000000
vt -0.009491 -0.121954 0.000000
vt 0.000000 -0.146345 0.000000
vt -0.009491 -0.146345 0.000000
vt 0.000000 -0.170736 0.000000
vt -0.009491 -0.170736 0.000000
vt 0.000000 -0.195127 0.000000
vt -0.009491 -0.195127 0.000000
vt 0.000000 -0.219518 0.000000
vt -0.009491 -0.219518 0.000000
vt 0.000000 -0.243909 0.000000
vt -0.009491 -0.243909 0.000000
vt -0.028474 -0.292690 0.000000
vt -0.028474 -0.268300 0.000000
vt -0.028474 -0.243909 0.000000
vt -0.028474 -0.219518 0.000000
vt -0.028474 -0.195127 0.000000
vt -0.028474 -0.170736 0.000000
vt -0.028474 -0.146345 0.000000
vt -0.028474 -0.121954 0.000000
vt -0.028474 -0.097563 0.000000
vt -0.028474 -0.073173 0.000000
vt -0.028474 -0.048782 0.000000
vt -0.028474 -0.024391 0.000000
vt -0.028474 0.000000 0.000000
vt -0.028474 0.024391 0.000000
vt -0.028474 0.048782 0.000000
vt -0.028474 0.073173 0.000000
vt -0.028474 0.097563 0.000000
vt -0.028474 0.121954 0.000000
vt -0.028474 0.146345 0.000000
vt -0.028474 0.170736 0.000000
vt -0.028474 0.195127 0.000000
vt -0.028474 0.219518 0.000000
vt -0.028474 0.243909 0.000000
vt -0.028474 0.268300 0.000000
vt -0.028474 0.292690 0.000000
vt -0.018982 -0.292690 0.000000
vt -0.018982 -0.268300 0.000000
vt -0.018982 -0.243909 0.000000
vt -0.018982 -0.219518 0.000000
vt -0.018982 -0.195127 0.000000
vt -0.018982 -0.170736 0.000000
vt -0.018982 -0.146345 0.000000
vt -0.018982 -0.121954 0.000000
vt -0.018982 -0.097563 0.000000
vt -0.018982 -0.073173 0.000000
vt -0.018982 -0.048782 0.000000
vt -0.018982 -0.024391 0.000000
vt -0.018982 0.000000 0.000000
vt -0.018982 0.024391 0.000000
vt -0.018982 0.048782 0.000000
vt -0.018982 0.073173 0.000000
vt -0.018982 0.097563 0.000000
vt -0.018982 0.121954 0.000000
vt -0.018982 0.146345 0.000000
vt -0.018982 0.170736 0.000000
vt -0.018982 0.195127 0.000000
vt -0.018982 0.219518 0.000000
vt -0.018982 0.243909 0.000000
vt -0.018982 0.268300 0.000000
vt -0.018982 0.292690 0.000000
vt -0.500000 -0.019635 0.000000
vt -0.250000 -0.019635 0.000000
vt -0.500000 0.000000 0.000000
vt -0.250000 0.000000 0.000000
vt -0.500000 0.019635 0.000000
vt -0.250000 0.019635 0.000000
vt -0.500000 0.039270 0.000000
vt -0.250000 0.039270 0.000000
vt -0.500000 0.058905 0.000000
vt -0.250000 0.058905 0.000000
vt -0.500000 0.078540 0.000000
vt -0.250000 0.078540 0.000000
vt -0.500000 0.098175 0.000000
vt -0.250000 0.098175 0.000000
vt -0.500000 0.117810 0.000000
vt -0.250000 0.117810 0.000000
vt -0.500000 0.137445 0.000000
vt -0.250000 0.137445 0.000000
vt -0.500000 0.157080 0.000000
vt -0.250000 0.157080 0.000000
vt -0.500000 0.176715 0.000000
vt -0.250000 0.176715 0.000000
vt -0.500000 0.196350 0.000000
vt -0.250000 0.196350 0.000000
vt -0.500000 0.215984 0.000000
vt -0.250000 0.215984 0.000000
vt -0.500000 0.235619 0.000000
vt -0.250000 0.235619 0.000000
vt -0.500000 -0.235619 0.000000
vt -0.250000 -0.235619 0.000000
vt -0.500000 -0.215984 0.000000
vt -0.250000 -0.215984 0.000000
vt -0.500000 -0.196350 0.000000
vt -0.250000 -0.196350 0.000000
vt -0.500000 -0.176715 0.000000
vt -0.250000 -0.176715 0.000000
vt -0.500000 -0.157080 0.000000
vt -0.250000 -0.157080 0.000000
vt -0.500000 -0.137445 0.000000
vt -0.250000 -0.137445 0.000000
vt -0.500000 -0.117810 0.000000
vt -0.250000 -0.117810 0.000000
vt -0.500000 -0.098175 0.000000
vt -0.250000 -0.098175 0.000000
vt -0.500000 -0.078540 0.000000
vt -0.250000 -0.078540 0.000000
vt -0.500000 -0.058905 0.000000
vt -0.250000 -0.058905 0.000000
vt -0.500000 -0.039270 0.000000
vt -0.250000 -0.039270 0.000000
vt -0.000000 -0.215984 0.000000
vt -0.000000 -0.235619 0.000000
vt -0.000000 0.235619 0.000000
vt -0.000000 0.215984 0.000000
vt -0.000000 0.196350 0.000000
vt -0.000000 0.176715 0.000000
vt -0.000000 0.157080 0.000000
vt -0.000000 0.137445 0.000000
vt -0.000000 0.117810 0.000000
vt -0.000000 0.098175 0.000000
vt -0.000000 0.078540 0.000000
vt -0.000000 0.058905 0.000000
vt -0.000000 0.039270 0.000000
vt -0.000000 0.019635 0.000000
vt -0.000000 0.000000 0.000000
vt -0.000000 -0.019635 0.000000
vt -0.000000 -0.039270 0.000000
vt -0.000000 -0.058905 0.000000
vt -0.000000 -0.078540 0.000000
vt -0.000000 -0.098175 0.000000
vt -0.000000 -0.117810 0.000000
vt -0.000000 -0.137445 0.000000
vt -0.000000 -0.157080 0.000000
vt -0.000000 -0.176715 0.000000
vt -0.000000 -0.196350 0.000000
vt -0.500000 -0.019635 0.000000
vt -0.250000 -0.019635 0.000000
vt -0.500000 0.000000 0.000000
vt -0.250000 0.000000 0.000000
vt -0.500000 0.019635 0.000000
vt -0.250000 0.019635 0.000000
vt -0.500000 0.039270 0.000000
vt -0.250000 0.039270 0.000000
vt -0.500000 0.058905 0.000000
vt -0.250000 0.058905 0.000000
vt -0.500000 0.078540 0.000000
vt -0.250000 0.078540 0.000000
vt -0.500000 0.098175 0.000000
vt -0.250000 0.098175 0.000000
vt -0.500000 0.117810 0.000000
vt -0.250000 0.117810 0.000000
vt -0.500000 0.137445 0.000000
vt -0.250000 0.137445 0.000000
vt -0.500000 0.157080 0.000000
vt -0.250000 0.157080 0.000000
vt -0.500000 0.176715 0.000000
vt -0.250000 0.176715 0.000000
vt -0.500000 0.196350 0.000000
vt -0.250000 0.196350 0.000000
vt -0.500000 0.215984 0.000000
vt -0.250000 0.215984 0.000000
vt -0.500000 0.235619 0.000000
vt -0.250000 0.235619 0.000000
vt -0.500000 -0.235619 0.000000
vt -0.250000 -0.235619 0.000000
vt -0.500000 -0.215984 0.000000
vt -0.250000 -0.215984 0.000000
vt -0.500000 -0.196350 0.000000
vt -0.250000 -0.196350 0.000000
vt -0.500000 -0.176715 0.000000
vt -0.250000 -0.176715 0.000000
vt -0.500000 -0.157080 0.000000
vt -0.250000 -0.157080 0.000000
vt -0.500000 -0.137445 0.000000
vt -0.250000 -0.137445 0.000000
vt -0.500000 -0.117810 0.000000
vt -0.250000 -0.117810 0.000000
vt -0.500000 -0.098175 0.000000
vt -0.250000 -0.098175 0.000000
vt -0.500000 -0.078540 0.000000
vt -0.250000 -0.078540 0.000000
vt -0.500000 -0.058905 0.000000
vt -0.250000 -0.058905 0.000000
vt -0.500000 -0.039270 0.000000
vt -0.250000 -0.039270 0.000000
vt -0.000000 -0.215984 0.000000
vt -0.000000 -0.235619 0.000000
vt -0.000000 0.235619 0.000000
vt -0.000000 0.215984 0.000000
vt -0.000000 0.196350 0.000000
vt -0.000000 0.176715 0.000000
vt -0.000000 0.157080 0.000000
vt -0.000000 0.137445 0.000000
vt -0.000000 0.117810 0.000000
vt -0.000000 0.098175 0.000000
vt -0.000000 0.078540 0.000000
vt -0.000000 0.058905 0.000000
vt -0.000000 0.039270 0.000000
vt -0.000000 0.019635 0.000000
vt -0.000000 0.000000 0.000000
vt -0.000000 -0.019635 0.000000
vt -0.000000 -0.039270 0.000000
vt -0.000000 -0.058905 0.000000
vt -0.000000 -0.078540 0.000000
vt -0.000000 -0.098175 0.000000
vt -0.000000 -0.117810 0.000000
vt -0.000000 -0.137445 0.000000
vt -0.000000 -0.157080 0.000000
vt -0.000000 -0.176715 0.000000
vt -0.000000 -0.196350 0.000000
vt -0.500000 -0.019635 0.000000
vt -0.250000 -0.019635 0.000000
vt -0.500000 0.000000 0.000000
vt -0.250000 0.000000 0.000000
vt -0.500000 0.019635 0.000000
vt -0.250000 0.019635 0.000000
vt -0.500000 0.039270 0.000000
vt -0.250000 0.039270 0.000000
vt -0.500000 0.058905 0.000000
vt -0.250000 0.058905 0.000000
vt -0.500000 0.078540 0.000000
vt -0.250000 0.078540 0.000000
vt -0.500000 0.098175 0.000000
vt -0.250000 0.098175 0.000000
vt -0.500000 0.117810 0.000000
vt -0.250000 0.117810 0.000000
vt -0.500000 0.137445 0.000000
vt -0.250000 0.137445 0.000000
vt -0.500000 0.157080 0.000000
vt -0.250000 0.157080 0.000000
vt -0.500000 0.176715 0.000000
vt -0.250000 0.176715 0.000000
vt -0.500000 0.196350 0.000000
vt -0.250000 0.196350 0.000000
vt -0.500000 0.215984 0.000000
vt -0.250000 0.215984 0.000000
vt -0.500000 0.235619 0.000000
vt -0.250000 0.235619 0.000000
vt -0.500000 -0.235619 0.000000
vt -0.250000 -0.235619 0.000000
vt -0.500000 -0.215984 0.000000
vt -0.250000 -0.215984 0.000000
vt -0.500000 -0.196350 0.000000
vt -0.250000 -0.196350 0.000000
vt -0.500000 -0.176715 0.000000
vt -0.250000 -0.176715 0.000000
vt -0.500000 -0.157080 0.000000
vt -0.250000 -0.157080 0.000000
vt -0.500000 -0.137445 0.000000
vt -0.250000 -0.137445 0.000000
vt -0.500000 -0.117810 0.000000
vt -0.250000 -0.117810 0.000000
vt -0.500000 -0.098175 0.000000
vt -0.250000 -0.098175 0.000000
vt -0.500000 -0.078540 0.000000
vt -0.250000 -0.078540 0.000000
vt -0.500000 -0.058905 0.000000
vt -0.250000 -0.058905 0.000000
vt -0.500000 -0.039270 0.000000
vt -0.250000 -0.039270 0.000000
vt -0.000000 -0.215984 0.000000
vt -0.000000 -0.235619 0.000000
vt -0.000000 0.235619 0.000000
vt -0.000000 0.215984 0.000000
vt -0.000000 0.196350 0.000000
vt -0.000000 0.176715 0.000000
vt -0.000000 0.157080 0.000000
vt -0.000000 0.137445 0.000000
vt -0.000000 0.117810 0.000000
vt -0.000000 0.098175 0.000000
vt -0.000000 0.078540 0.000000
vt -0.000000 0.058905 0.000000
vt -0.000000 0.039270 0.000000
vt -0.000000 0.019635 0.000000
vt -0.000000 0.000000 0.000000
vt -0.000000 -0.019635 0.000000
vt -0.000000 -0.039270 0.000000
vt -0.000000 -0.058905 0.000000
vt -0.000000 -0.078540 0.000000
vt -0.000000 -0.098175 0.000000
vt -0.000000 -0.117810 0.000000
vt -0.000000 -0.137445 0.000000
vt -0.000000 -0.157080 0.000000
vt -0.000000 -0.176715 0.000000
vt -0.000000 -0.196350 0.000000
vt -0.500000 -0.019635 0.000000
vt -0.250000 -0.019635 0.000000
vt -0.500000 0.000000 0.000000
vt -0.250000 0.000000 0.000000
vt -0.500000 0.019635 0.000000
vt -0.250000 0.019635 0.000000
vt -0.500000 0.039270 0.000000
vt -0.250000 0.039270 0.000000
vt -0.500000 0.058905 0.000000
vt -0.250000 0.058905 0.000000
vt -0.500000 0.078540 0.000000
vt -0.250000 0.078540 0.000000
vt -0.500000 0.098175 0.000000
vt -0.250000 0.098175 0.000000
vt -0.500000 0.117810 0.000000
vt -0.250000 0.117810 0.000000
vt -0.500000 0.137445 0.000000
vt -0.250000 0.137445 0.000000
vt -0.500000 0.157080 0.000000
vt -0.250000 0.157080 0.000000
vt -0.500000 0.176715 0.000000
vt -0.250000 0.176715 0.000000
vt -0.500000 0.196350 0.000000
vt -0.250000 0.196350 0.000000
vt -0.500000 0.215984 0.000000
vt -0.250000 0.215984 0.000000
vt -0.500000 0.235619 0.000000
vt -0.250000 0.235619 0.000000
vt -0.500000 -0.235619 0.000000
vt -0.250000 -0.235619 0.000000
vt -0.500000 -0.215984 0.000000
vt -0.250000 -0.215984 0.000000
vt -0.500000 -0.196350 0.000000
vt -0.250000 -0.196350 0.000000
vt -0.500000 -0.176715 0.000000
vt -0.250000 -0.176715 0.000000
vt -0.500000 -0.157080 0.000000
vt -0.250000 -0.157080 0.000000
vt -0.500000 -0.137445 0.000000
vt -0.250000 -0.137445 0.000000
vt -0.500000 -0.117810 0.000000
vt -0.250000 -0.117810 0.000000
vt -0.500000 -0.098175 0.000000
vt -0.250000 -0.098175 0.000000
vt -0.500000 -0.078540 0.000000
vt -0.250000 -0.078540 0.000000
vt -0.500000 -0.058905 0.000000
vt -0.250000 -0.058905 0.000000
vt -0.500000 -0.039270 0.000000
vt -0.250000 -0.039270 0.000000
vt -0.000000 -0.215984 0.000000
vt -0.000000 -0.235619 0.000000
vt -0.000000 0.235619 0.000000
vt -0.000000 0.215984 0.000000
vt -0.000000 0.196350 0.000000
vt -0.000000 0.176715 0.000000
vt -0.000000 0.157080 0.000000
vt -0.000000 0.137445 0.000000
vt -0.000000 0.117810 0.000000
vt -0.000000 0.098175 0.000000
vt -0.000000 0.078540 0.000000
vt -0.000000 0.058905 0.000000
vt -0.000000 0.039270 0.000000
vt -0.000000 0.019635 0.000000
vt -0.000000 0.000000 0.000000
vt -0.000000 -0.019635 0.000000
vt -0.000000 -0.039270 0.000000
vt -0.000000 -0.058905 0.000000
vt -0.000000 -0.078540 0.000000
vt -0.000000 -0.098175 0.000000
vt -0.000000 -0.117810 0.000000
vt -0.000000 -0.137445 0.000000
vt -0.000000 -0.157080 0.000000
vt -0.000000 -0.176715 0.000000
vt -0.000000 -0.196350 0.000000
vt -0.015809 0.004336 0.000000
vt -0.013694 0.006734 0.000000
vt -0.018125 0.006734 0.000000
vt -0.015809 0.009132 0.000000
vt -0.018125 0.008978 0.000000
vt -0.018125 0.011223 0.000000
vt -0.022555 0.011223 0.000000
vt -0.022555 0.013468 0.000000
vt -0.026986 0.013468 0.000000
vt -0.026986 0.015712 0.000000
vt -0.031416 0.015712 0.000000
vt -0.016987 0.011958 0.000000
vt -0.018125 0.013468 0.000000
vt -0.022555 0.015712 0.000000
vt -0.026986 0.017957 0.000000
vt -0.031416 0.017957 0.000000
vt -0.016987 0.014977 0.000000
vt -0.018125 0.015712 0.000000
vt -0.022555 0.017957 0.000000
vt -0.026986 0.020201 0.000000
vt -0.031416 0.020201 0.000000
vt -0.015809 0.017804 0.000000
vt -0.018125 0.017957 0.000000
vt -0.022555 0.020201 0.000000
vt -0.026986 0.022446 0.000000
vt -0.031416 0.022446 0.000000
vt -0.018125 0.020201 0.000000
vt -0.013694 0.020201 0.000000
vt -0.015809 0.022599 0.000000
vt -0.016987 0.025426 0.000000
vt -0.018125 0.024691 0.000000
vt -0.018125 0.022446 0.000000
vt -0.022555 0.022446 0.000000
vt -0.018125 0.026935 0.000000
vt -0.018125 -0.026935 0.000000
vt -0.016987 -0.028444 0.000000
vt -0.016987 -0.025426 0.000000
vt -0.018125 -0.024691 0.000000
vt -0.015809 -0.022599 0.000000
vt -0.018125 -0.022446 0.000000
vt -0.018125 -0.020201 0.000000
vt -0.022555 -0.020201 0.000000
vt -0.022555 -0.017957 0.000000
vt -0.026986 -0.017957 0.000000
vt -0.026986 -0.015712 0.000000
vt -0.031416 -0.015712 0.000000
vt -0.013694 -0.020201 0.000000
vt -0.015809 -0.017804 0.000000
vt -0.018125 -0.017957 0.000000
vt -0.018125 -0.015712 0.000000
vt -0.022555 -0.015712 0.000000
vt -0.022555 -0.013468 0.000000
vt -0.026986 -0.013468 0.000000
vt -0.026986 -0.011223 0.000000
vt -0.031416 -0.011223 0.000000
vt -0.016987 -0.014977 0.000000
vt -0.018125 -0.013468 0.000000
vt -0.022555 -0.011223 0.000000
vt -0.026986 -0.008978 0.000000
vt -0.031416 -0.008978 0.000000
vt -0.016987 -0.011958 0.000000
vt -0.018125 -0.011223 0.000000
vt -0.022555 -0.008978 0.000000
vt -0.026986 -0.006734 0.000000
vt -0.031416 -0.006734 0.000000
vt -0.015809 -0.009132 0.000000
vt -0.018125 -0.008978 0.000000
vt -0.022555 -0.006734 0.000000
vt -0.026986 -0.004489 0.000000
vt -0.031416 -0.004489 0.000000
vt -0.018125 -0.006734 0.000000
vt -0.013694 -0.006734 0.000000
vt -0.015809 -0.004336 0.000000
vt -0.016987 -0.001509 0.000000
vt -0.018125 -0.002245 0.000000
vt -0.018125 -0.004489 0.000000
vt -0.022555 -0.004489 0.000000
vt -0.018125 0.000000 0.000000
vt -0.016987 0.001509 0.000000
vt -0.018125 0.002245 0.000000
vt -0.018125 0.004489 0.000000
vt -0.022555 0.006734 0.000000
vt -0.022555 0.008978 0.000000
vt -0.026986 0.008978 0.000000
vt -0.026986 0.011223 0.000000
vt -0.031416 0.011223 0.000000
vt -0.026986 0.026935 0.000000
vt -0.031416 0.026935 0.000000
vt -0.026986 0.024691 0.000000
vt -0.031416 0.024691 0.000000
vt -0.031416 0.013468 0.000000
vt -0.026986 0.006734 0.000000
vt -0.031416 0.006734 0.000000
vt -0.026986 0.004489 0.000000
vt -0.031416 0.004489 0.000000
vt -0.026986 0.002245 0.000000
vt -0.031416 0.002245 0.000000
vt -0.026986 0.000000 0.000000
vt -0.031416 0.000000 0.000000
vt -0.026986 -0.002245 0.000000
vt -0.031416 -0.002245 0.000000
vt -0.031416 -0.013468 0.000000
vt -0.031416 -0.017957 0.000000
vt -0.026986 -0.020201 0.000000
vt -0.031416 -0.020201 0.000000
vt -0.026986 -0.022446 0.000000
vt -0.031416 -0.022446 0.000000
vt -0.026986 -0.024691 0.000000
vt -0.031416 -0.024691 0.000000
vt -0.026986 -0.026935 0.000000
vt -0.022555 0.026935 0.000000
vt -0.022555 0.024691 0.000000
vt -0.022555 -0.026935 0.000000
vt -0.022555 -0.024691 0.000000
vt -0.022555 -0.022446 0.000000
vt -0.031416 0.008978 0.000000
vt -0.022555 0.004489 0.000000
vt -0.022555 -0.002245 0.000000
vt -0.022555 0.000000 0.000000
vt -0.022555 0.002245 0.000000
vt -0.002349 -0.067438 0.000000
vt -0.002348 -0.070236 0.000000
vt -0.000001 -0.067440 0.000000
vt -0.002348 -0.086289 0.000000
vt -0.000000 -0.091819 0.000000
vt -0.002348 -0.116195 0.000000
vt -0.004111 -0.070236 0.000000
vt -0.004698 -0.067437 0.000000
vt -0.005873 -0.070236 0.000000
vt -0.007049 -0.067437 0.000000
vt -0.007687 -0.070236 0.000000
vt -0.009398 -0.067438 0.000000
vt -0.009717 -0.070236 0.000000
vt -0.011746 -0.067440 0.000000
vt -0.011747 -0.091819 0.000000
vt -0.009717 -0.116195 0.000000
vt -0.009717 -0.086289 0.000000
vt -0.007687 -0.116195 0.000000
vt -0.007687 -0.086289 0.000000
vt -0.005873 -0.116195 0.000000
vt -0.005873 -0.086289 0.000000
vt -0.004111 -0.116195 0.000000
vt -0.004111 -0.086289 0.000000
vt -0.002349 -0.067438 0.000000
vt -0.002348 -0.070236 0.000000
vt -0.000001 -0.067440 0.000000
vt -0.002348 -0.086289 0.000000
vt -0.000000 -0.091819 0.000000
vt -0.002348 -0.116195 0.000000
vt -0.004111 -0.070236 0.000000
vt -0.004698 -0.067437 0.000000
vt -0.005873 -0.070236 0.000000
vt -0.007049 -0.067437 0.000000
vt -0.007687 -0.070236 0.000000
vt -0.009398 -0.067438 0.000000
vt -0.009717 -0.070236 0.000000
vt -0.011746 -0.067440 0.000000
vt -0.011747 -0.091819 0.000000
vt -0.009717 -0.116195 0.000000
vt -0.009717 -0.086289 0.000000
vt -0.007687 -0.116195 0.000000
vt -0.007687 -0.086289 0.000000
vt -0.005873 -0.116195 0.000000
vt -0.005873 -0.086289 0.000000
vt -0.004111 -0.116195 0.000000
vt -0.004111 -0.086289 0.000000
vt -0.011747 0.091820 0.000000
vt -0.011746 0.067441 0.000000
vt -0.009768 0.070237 0.000000
vt -0.009398 0.067439 0.000000
vt -0.007790 0.070237 0.000000
vt -0.007049 0.067438 0.000000
vt -0.005873 0.070237 0.000000
vt -0.004698 0.067438 0.000000
vt -0.004180 0.070237 0.000000
vt -0.002349 0.067439 0.000000
vt -0.002486 0.070237 0.000000
vt -0.000001 0.067441 0.000000
vt -0.000000 0.091820 0.000000
vt -0.011747 0.116196 0.000000
vt -0.002486 0.116196 0.000000
vt -0.004180 0.116196 0.000000
vt -0.005873 0.116196 0.000000
vt -0.007790 0.116196 0.000000
vt -0.009768 0.116196 0.000000
vt -0.011747 0.091820 0.000000
vt -0.011746 0.067441 0.000000
vt -0.009768 0.070237 0.000000
vt -0.009398 0.067439 0.000000
vt -0.007790 0.070237 0.000000
vt -0.007049 0.067438 0.000000
vt -0.005873 0.070237 0.000000
vt -0.004698 0.067438 0.000000
vt -0.004180 0.070237 0.000000
vt -0.002349 0.067439 0.000000
vt -0.002486 0.070237 0.000000
vt -0.000001 0.067441 0.000000
vt -0.000000 0.091820 0.000000
vt -0.011747 0.116196 0.000000
vt -0.002486 0.116196 0.000000
vt -0.004180 0.116196 0.000000
vt -0.005873 0.116196 0.000000
vt -0.007790 0.116196 0.000000
vt -0.009768 0.116196 0.000000
vt 0.263950 -0.016476 0.000000
vt 0.028567 -0.019772 0.000000
vt 0.244534 -0.032953 0.000000
vt -0.224143 -0.019772 0.000000
vt -0.446677 -0.024715 0.000000
vt -0.454565 -0.016476 0.000000
vt -0.224143 -0.006591 0.000000
vt -0.464715 -0.008238 0.000000
vt -0.476852 0.000000 0.000000
vt -0.224143 0.006591 0.000000
vt -0.464715 0.008238 0.000000
vt -0.454565 0.016476 0.000000
vt -0.224143 0.019772 0.000000
vt -0.446677 0.024715 0.000000
vt -0.441265 0.032953 0.000000
vt 0.244534 0.032953 0.000000
vt 0.028567 0.019772 0.000000
vt 0.263950 0.016476 0.000000
vt 0.028567 0.006591 0.000000
vt 0.281276 0.000000 0.000000
vt 0.028567 -0.006591 0.000000
vt -0.441265 -0.032953 0.000000
vt 0.263950 -0.016476 0.000000
vt 0.028567 -0.019772 0.000000
vt 0.244534 -0.032953 0.000000
vt -0.224143 -0.019772 0.000000
vt -0.446677 -0.024715 0.000000
vt -0.454565 -0.016476 0.000000
vt -0.224143 -0.006591 0.000000
vt -0.464715 -0.008238 0.000000
vt -0.476852 -0.000000 0.000000
vt -0.224143 0.006591 0.000000
vt -0.464715 0.008238 0.000000
vt -0.454565 0.016476 0.000000
vt -0.224143 0.019772 0.000000
vt -0.446677 0.024715 0.000000
vt -0.441265 0.032953 0.000000
vt 0.244534 0.032953 0.000000
vt 0.028567 0.019772 0.000000
vt 0.263950 0.016476 0.000000
vt 0.028567 0.006591 0.000000
vt 0.281276 -0.000000 0.000000
vt 0.028567 -0.006591 0.000000
vt -0.441265 -0.032953 0.000000
vt 0.263950 0.016476 0.000000
vt 0.028567 0.006591 0.000000
vt 0.281276 0.000000 0.000000
vt 0.028567 -0.006591 0.000000
vt 0.263950 -0.016476 0.000000
vt 0.028567 -0.019772 0.000000
vt 0.244534 -0.032953 0.000000
vt -0.224143 -0.019772 0.000000
vt -0.446677 -0.024715 0.000000
vt -0.454565 -0.016476 0.000000
vt -0.224143 -0.006591 0.000000
vt -0.464715 -0.008238 0.000000
vt -0.476852 -0.000000 0.000000
vt -0.224143 0.006591 0.000000
vt -0.464715 0.008238 0.000000
vt -0.454565 0.016476 0.000000
vt -0.224143 0.019772 0.000000
vt -0.446677 0.024715 0.000000
vt -0.441265 0.032953 0.000000
vt 0.244534 0.032953 0.000000
vt 0.028567 0.019772 0.000000
vt -0.441265 -0.032953 0.000000
vt 0.273397 -0.175000 0.000000
vt -0.340000 0.131699 0.000000
vt -0.340000 -0.481699 0.000000
vt 0.340000 0.481699 0.000000
vt -0.273397 0.175000 0.000000
vt 0.340000 -0.131699 0.000000
vt 0.263950 0.016476 0.000000
vt 0.028567 0.006591 0.000000
vt 0.281276 0.000000 0.000000
vt 0.028567 -0.006591 0.000000
vt 0.263950 -0.016476 0.000000
vt 0.028567 -0.019772 0.000000
vt 0.244534 -0.032953 0.000000
vt -0.224143 -0.019772 0.000000
vt -0.446677 -0.024715 0.000000
vt -0.454565 -0.016476 0.000000
vt -0.224143 -0.006591 0.000000
vt -0.464715 -0.008238 0.000000
vt -0.476852 0.000000 0.000000
vt -0.224143 0.006591 0.000000
vt -0.464715 0.008238 0.000000
vt -0.454565 0.016476 0.000000
vt -0.224143 0.019772 0.000000
vt -0.446677 0.024715 0.000000
vt -0.441265 0.032953 0.000000
vt 0.244534 0.032953 0.000000
vt 0.028567 0.019772 0.000000
vt -0.441265 -0.032953 0.000000
vt 0.175000 0.273397 0.000000
vt -0.131699 -0.340000 0.000000
vt 0.481699 -0.340000 0.000000
vt -0.481699 0.340000 0.000000
vt -0.175000 -0.273397 0.000000
vt 0.131699 0.340000 0.000000
vt -0.000000 0.030000 0.000000
vt 0.700000 0.030000 0.000000
vt -0.000000 0.090160 0.000000
vt 0.700000 0.090160 0.000000
vt 0.011598 0.099133 0.000000
vt 0.688402 0.099133 0.000000
vt 0.022882 0.105722 0.000000
vt 0.043301 0.111103 0.000000
vt 0.033546 0.109748 0.000000
vt 0.677118 0.105722 0.000000
vt 0.656699 0.111103 0.000000
vt 0.666454 0.109748 0.000000
vt 0.000000 0.030000 0.000000
vt 0.700000 0.030000 0.000000
vt 0.000000 0.090160 0.000000
vt 0.700000 0.090160 0.000000
vt 0.011598 0.099133 0.000000
vt 0.688402 0.099133 0.000000
vt 0.022882 0.105722 0.000000
vt 0.043301 0.111103 0.000000
vt 0.033546 0.109748 0.000000
vt 0.677118 0.105722 0.000000
vt 0.656699 0.111103 0.000000
vt 0.666454 0.109748 0.000000
vt 0.000000 0.000000 0.000000
vt 0.600000 0.000000 0.000000
vt 0.000000 0.500000 0.000000
vt 0.600000 0.500000 0.000000
vt 0.000000 0.000000 0.000000
vt 0.600000 0.000000 0.000000
vt 0.000000 0.500000 0.000000
vt 0.600000 0.500000 0.000000
vt 0.000000 0.000000 0.000000
vt 0.600000 0.000000 0.000000
vt 0.000000 0.500000 0.000000
vt 0.600000 0.500000 0.000000
vt 0.000000 0.000000 0.000000
vt 0.600000 0.000000 0.000000
vt 0.000000 0.500000 0.000000
vt 0.600000 0.500000 0.000000
vt -0.000000 0.050000 0.000000
vt 1.200000 0.050000 0.000000
vt -0.000000 0.200000 0.000000
vt 1.200000 0.200000 0.000000
vt 0.000000 0.050000 0.000000
vt 1.200000 0.050000 0.000000
vt 0.000000 0.200000 0.000000
vt 1.200000 0.200000 0.000000
vt 0.300000 0.300000 0.000000
vt 0.300000 -0.300000 0.000000
vt 0.600000 -0.600000 0.000000
vt -0.300000 -0.300000 0.000000
vt -0.600000 -0.600000 0.000000
vt -0.300000 0.300000 0.000000
vt -0.600000 0.600000 0.000000
vt 0.600000 0.600000 0.000000
vt -0.000000 0.000000 0.000000
vt 1.000000 0.000000 0.000000
vt -0.000000 1.000000 0.000000
vt 1.000000 1.000000 0.000000
vt -0.000000 0.000000 0.000000
vt 1.000000 0.000000 0.000000
vt -0.000000 1.000000 0.000000
vt 1.000000 1.000000 0.000000
vt 0.000000 0.000000 0.000000
vt 1.000000 0.000000 0.000000
vt 0.000000 1.000000 0.000000
vt 1.000000 1.000000 0.000000
vt 0.000000 0.000000 0.000000
vt 1.000000 0.000000 0.000000
vt 0.000000 1.000000 0.000000
vt 1.000000 1.000000 0.000000
vt 0.000000 0.000000 0.000000
vt 0.500000 0.000000 0.000000
vt 0.000000 0.300000 0.000000
vt 0.500000 0.300000 0.000000
vt 0.000000 0.000000 0.000000
vt 0.500000 0.000000 0.000000
vt 0.000000 0.300000 0.000000
vt 0.500000 0.300000 0.000000
vt 0.000000 0.000000 0.000000
vt 0.500000 0.000000 0.000000
vt 0.000000 0.300000 0.000000
vt 0.500000 0.300000 0.000000
vt 0.000000 0.000000 0.000000
vt 0.500000 0.000000 0.000000
vt 0.000000 0.300000 0.000000
vt 0.500000 0.300000 0.000000
vt 0.072445 -0.019411 0.000000
vt 0.250000 -0.250000 0.000000
vt 0.075000 0.000000 0.000000
vt 0.250000 0.250000 0.000000
vt 0.072445 0.019411 0.000000
vt 0.064952 0.037500 0.000000
vt 0.053033 0.053033 0.000000
vt 0.037500 0.064952 0.000000
vt 0.019412 0.072445 0.000000
vt 0.000000 0.075000 0.000000
vt -0.250000 0.250000 0.000000
vt -0.019411 0.072445 0.000000
vt -0.037500 0.064952 0.000000
vt -0.053033 0.053033 0.000000
vt -0.064952 0.037500 0.000000
vt -0.072444 0.019411 0.000000
vt -0.075000 0.000000 0.000000
vt -0.250000 -0.250000 0.000000
vt -0.072444 -0.019411 0.000000
vt -0.064952 -0.037500 0.000000
vt -0.053033 -0.053033 0.000000
vt -0.037500 -0.064952 0.000000
vt -0.019411 -0.072444 0.000000
vt 0.000000 -0.075000 0.000000
vt 0.019412 -0.072444 0.000000
vt 0.037500 -0.064952 0.000000
vt 0.053033 -0.053033 0.000000
vt 0.064952 -0.037500 0.000000
vt 7.000000 1.500000 0.000000
vt 6.500000 1.500000 0.000000
vt 7.000000 -1.500000 0.000000
vt 6.500000 -1.500000 0.000000
vt 1.500000 -2.000000 0.000000
vt 6.500000 -2.000000 0.000000
vt 6.500000 2.000000 0.000000
vt 1.500000 2.000000 0.000000
vt -0.000000 0.000000 0.000000
vt 0.500000 0.000000 0.000000
vt -0.000000 0.300000 0.000000
vt 0.500000 0.300000 0.000000
vt -0.000000 0.000000 0.000000
vt 0.500000 0.000000 0.000000
vt -0.000000 0.300000 0.000000
vt 0.500000 0.300000 0.000000
vt 0.000000 0.000000 0.000000
vt 0.500000 0.000000 0.000000
vt 0.000000 0.300000 0.000000
vt 0.500000 0.300000 0.000000
vt 0.000000 0.000000 0.000000
vt 0.500000 0.000000 0.000000
vt 0.000000 0.300000 0.000000
vt 0.500000 0.300000 0.000000
vt 0.072445 -0.019411 0.000000
vt 0.250000 -0.250000 0.000000
vt 0.075000 0.000000 0.000000
vt 0.250000 0.250000 0.000000
vt 0.072445 0.019411 0.000000
vt 0.064952 0.037500 0.000000
vt 0.053033 0.053033 0.000000
vt 0.037500 0.064952 0.000000
vt 0.019412 0.072444 0.000000
vt 0.000000 0.075000 0.000000
vt -0.250000 0.250000 0.000000
vt -0.019411 0.072444 0.000000
vt -0.037500 0.064952 0.000000
vt -0.053033 0.053033 0.000000
vt -0.064952 0.037500 0.000000
vt -0.072444 0.019411 0.000000
vt -0.075000 0.000000 0.000000
vt -0.250000 -0.250000 0.000000
vt -0.072444 -0.019411 0.000000
vt -0.064952 -0.037500 0.000000
vt -0.053033 -0.053033 0.000000
vt -0.037500 -0.064952 0.000000
vt -0.019411 -0.072444 0.000000
vt 0.000000 -0.075000 0.000000
vt 0.019412 -0.072444 0.000000
vt 0.037500 -0.064952 0.000000
vt 0.053033 -0.053033 0.000000
vt 0.064952 -0.037500 0.000000
vt 0.000000 0.000000 0.000000
vt 0.500000 0.000000 0.000000
vt 0.000000 0.300000 0.000000
vt 0.500000 0.300000 0.000000
vt 0.000000 0.000000 0.000000
vt 0.500000 0.000000 0.000000
vt 0.000000 0.300000 0.000000
vt 0.500000 0.300000 0.000000
vt -0.000000 0.000000 0.000000
vt 0.500000 0.000000 0.000000
vt -0.000000 0.300000 0.000000
vt 0.500000 0.300000 0.000000
vt -0.000000 0.000000 0.000000
vt 0.500000 0.000000 0.000000
vt -0.000000 0.300000 0.000000
vt 0.500000 0.300000 0.000000
vt 0.072444 -0.019411 0.000000
vt 0.250000 -0.250000 0.000000
vt 0.075000 0.000000 0.000000
vt 0.250000 0.250000 0.000000
vt 0.072444 0.019411 0.000000
vt 0.064952 0.037500 0.000000
vt 0.053033 0.053033 0.000000
vt 0.037500 0.064952 0.000000
vt 0.019411 0.072445 0.000000
vt 0.000000 0.075000 0.000000
vt -0.250000 0.250000 0.000000
vt -0.019411 0.072445 0.000000
vt -0.037500 0.064952 0.000000
vt -0.053033 0.053033 0.000000
vt -0.064952 0.037500 0.000000
vt -0.072444 0.019411 0.000000
vt -0.075000 0.000000 0.000000
vt -0.250000 -0.250000 0.000000
vt -0.072444 -0.019411 0.000000
vt -0.064952 -0.037500 0.000000
vt -0.053033 -0.053033 0.000000
vt -0.037500 -0.064952 0.000000
vt -0.019411 -0.072444 0.000000
vt 0.000000 -0.075000 0.000000
vt 0.019411 -0.072444 0.000000
vt 0.037500 -0.064952 0.000000
vt 0.053033 -0.053033 0.000000
vt 0.064952 -0.037500 0.000000
vt 0.000000 0.000000 0.000000
vt 0.500000 0.000000 0.000000
vt 0.000000 0.300000 0.000000
vt 0.500000 0.300000 0.000000
vt 0.000000 0.000000 0.000000
vt 0.500000 0.000000 0.000000
vt 0.000000 0.300000 0.000000
vt 0.500000 0.300000 0.000000
vt 0.000000 0.000000 0.000000
vt 0.500000 0.000000 0.000000
vt 0.000000 0.300000 0.000000
vt 0.500000 0.300000 0.000000
vt 0.000000 0.000000 0.000000
vt 0.500000 0.000000 0.000000
vt 0.000000 0.300000 0.000000
vt 0.500000 0.300000 0.000000
vt 0.072444 -0.019411 0.000000
vt 0.250000 -0.250000 0.000000
vt 0.075000 0.000000 0.000000
vt 0.250000 0.250000 0.000000
vt 0.072444 0.019411 0.000000
vt 0.064952 0.037500 0.000000
vt 0.053033 0.053033 0.000000
vt 0.037500 0.064952 0.000000
vt 0.019411 0.072444 0.000000
vt 0.000000 0.075000 0.000000
vt -0.250000 0.250000 0.000000
vt -0.019411 0.072444 0.000000
vt -0.037500 0.064952 0.000000
vt -0.053033 0.053033 0.000000
vt -0.064952 0.037500 0.000000
vt -0.072444 0.019411 0.000000
vt -0.075000 0.000000 0.000000
vt -0.250000 -0.250000 0.000000
vt -0.072444 -0.019411 0.000000
vt -0.064952 -0.037500 0.000000
vt -0.053033 -0.053033 0.000000
vt -0.037500 -0.064952 0.000000
vt -0.019411 -0.072444 0.000000
vt 0.000000 -0.075000 0.000000
vt 0.019411 -0.072444 0.000000
vt 0.037500 -0.064952 0.000000
vt 0.053033 -0.053033 0.000000
vt 0.064952 -0.037500 0.000000
vt -7.000000 1.500000 0.000000
vt -6.500000 -1.500000 0.000000
vt -6.500000 1.500000 0.000000
vt -1.500000 -2.000000 0.000000
vt -1.500000 2.000000 0.000000
vt -7.000000 -1.500000 0.000000
vt -6.500000 -2.000000 0.000000
vt -6.500000 2.000000 0.000000
vt -0.200000 0.314159 0.000000
vt -0.600000 0.314159 0.000000
vt -0.121964 0.235619 0.000000
vt -0.600000 0.209440 0.000000
vt -0.046927 0.157080 0.000000
vt -0.600000 0.104720 0.000000
vt 0.022228 0.078540 0.000000
vt -0.600000 -0.000000 0.000000
vt 0.082843 -0.000000 0.000000
vt 0.132588 -0.078540 0.000000
vt -0.600000 -0.104720 0.000000
vt 0.169552 -0.157080 0.000000
vt -0.600000 -0.209440 0.000000
vt 0.192314 -0.235619 0.000000
vt 0.198074 -0.274889 0.000000
vt -0.600000 -0.314159 0.000000
vt 0.200000 -0.314159 0.000000
vt 0.800000 0.500000 0.000000
vt 0.400000 0.500000 0.000000
vt 0.800000 0.100000 0.000000
vt -0.600000 -0.314159 0.000000
vt 0.200000 -0.314159 0.000000
vt -0.598074 -0.274889 0.000000
vt 0.200000 -0.209440 0.000000
vt -0.592314 -0.235619 0.000000
vt -0.569552 -0.157080 0.000000
vt 0.200000 -0.104720 0.000000
vt -0.532588 -0.078540 0.000000
vt 0.200000 -0.000000 0.000000
vt -0.482843 -0.000000 0.000000
vt -0.422228 0.078540 0.000000
vt 0.200000 0.104720 0.000000
vt -0.353073 0.157080 0.000000
vt 0.200000 0.209440 0.000000
vt -0.278036 0.235619 0.000000
vt 0.200000 0.314159 0.000000
vt -0.200000 0.314159 0.000000
vt -0.150000 -0.400000 0.000000
vt 0.150000 -0.400000 0.000000
vt -0.150000 0.400000 0.000000
vt 0.150000 0.400000 0.000000
vt 0.400000 0.500000 0.000000
vt 0.000000 0.500000 0.000000
vt 0.000000 0.100000 0.000000
vt 0.150000 -0.636396 0.000000
vt 0.150000 -0.070711 0.000000
vt -0.750000 -0.636396 0.000000
vt 0.157686 0.039649 0.000000
vt 0.180448 0.145768 0.000000
vt 0.150000 0.636396 0.000000
vt 0.217412 0.243567 0.000000
vt 0.267157 0.329289 0.000000
vt 0.327772 0.399640 0.000000
vt 0.396927 0.451915 0.000000
vt 0.471964 0.484105 0.000000
vt 0.510793 0.492251 0.000000
vt 0.550000 0.494975 0.000000
vt 0.850000 0.494975 0.000000
vt 1.350000 0.636396 0.000000
vt 0.889207 0.492251 0.000000
vt 0.928036 0.484105 0.000000
vt 1.003073 0.451915 0.000000
vt 1.072228 0.399640 0.000000
vt 1.132843 0.329289 0.000000
vt 1.182588 0.243567 0.000000
vt 1.219552 0.145768 0.000000
vt 2.250000 -0.636396 0.000000
vt 1.242314 0.039649 0.000000
vt 1.250000 -0.070711 0.000000
vt 1.250000 -0.636396 0.000000
vt 0.000000 0.060000 0.000000
vt -1.700000 0.060000 0.000000
vt 0.000000 0.000000 0.000000
vt -1.700000 -0.000000 0.000000
vt -0.900000 0.060000 0.000000
vt -0.900000 0.000000 0.000000
vt -0.891291 0.060000 0.000000
vt -0.843750 0.000000 0.000000
vt -0.848979 0.100000 0.000000
vt -0.806667 0.060000 0.000000
vt -0.806667 0.100000 0.000000
vt -0.787500 0.000000 0.000000
vt -0.791655 0.060000 0.000000
vt -0.791655 0.100000 0.000000
vt -0.711236 0.100000 0.000000
vt -0.675000 0.000000 0.000000
vt -0.630818 0.100000 0.000000
vt -0.469980 0.060000 0.000000
vt -0.469980 0.100000 0.000000
vt -0.450000 0.000000 0.000000
vt -0.430019 0.060000 0.000000
vt -0.225000 0.000000 0.000000
vt -0.269182 0.100000 0.000000
vt -0.188763 0.100000 0.000000
vt -0.112500 0.000000 0.000000
vt -0.108345 0.060000 0.000000
vt -0.093333 0.060000 0.000000
vt -0.056250 0.000000 0.000000
vt -0.093333 0.100000 0.000000
vt -0.051021 0.100000 0.000000
vt -0.008709 0.060000 0.000000
vt -0.008709 0.100000 0.000000
vt -0.000000 0.000000 0.000000
vt -0.000000 0.060000 0.000000
vt -0.108345 0.100000 0.000000
vt -0.430019 0.100000 0.000000
vt -0.891291 0.100000 0.000000
vt 0.850000 0.500000 0.000000
vt 0.850000 0.716613 0.000000
vt 0.520000 0.500000 0.000000
vt 0.657348 0.779296 0.000000
vt 0.520000 0.821963 0.000000
vt -0.900000 0.000000 0.000000
vt -0.000000 0.000000 0.000000
vt -0.900000 0.100000 0.000000
vt -0.000000 0.100000 0.000000
vt -1.800000 0.000000 0.000000
vt -0.000000 0.000000 0.000000
vt -1.800000 0.100000 0.000000
vt -0.000000 0.100000 0.000000
vt -0.900000 0.000000 0.000000
vt 0.000000 0.000000 0.000000
vt -0.900000 0.100000 0.000000
vt -0.000000 0.100000 0.000000
vt -0.900000 0.550000 0.000000
vt -1.100000 0.550000 0.000000
vt -0.900000 -0.350000 0.000000
vt -1.100000 -0.550000 0.000000
vt 1.100000 -0.550000 0.000000
vt 0.900000 -0.350000 0.000000
vt 1.100000 0.550000 0.000000
vt 0.900000 0.550000 0.000000
vt -1.100000 0.100000 0.000000
vt -0.000000 0.100000 0.000000
vt -1.100000 0.200000 0.000000
vt -0.000000 0.200000 0.000000
vt -2.200000 0.100000 0.000000
vt -0.000000 0.100000 0.000000
vt -2.200000 0.200000 0.000000
vt -0.000000 0.200000 0.000000
vt -1.100000 0.100000 0.000000
vt -0.000000 0.100000 0.000000
vt -1.100000 0.200000 0.000000
vt -0.000000 0.200000 0.000000
vt -1.100000 0.650000 0.000000
vt -1.300000 0.650000 0.000000
vt -1.100000 -0.450000 0.000000
vt -1.300000 -0.650000 0.000000
vt 1.300000 -0.650000 0.000000
vt 1.100000 -0.450000 0.000000
vt 1.300000 0.650000 0.000000
vt 1.100000 0.650000 0.000000
vt -1.300000 0.200000 0.000000
vt -0.000000 0.200000 0.000000
vt -1.300000 0.300000 0.000000
vt -0.000000 0.300000 0.000000
vt -2.600000 0.200000 0.000000
vt -0.000000 0.200000 0.000000
vt -2.600000 0.300000 0.000000
vt -0.000000 0.300000 0.000000
vt -1.300000 0.200000 0.000000
vt -0.000000 0.200000 0.000000
vt -1.300000 0.300000 0.000000
vt -0.000000 0.300000 0.000000
vt -1.300000 0.750000 0.000000
vt -1.500000 0.750000 0.000000
vt -1.300000 -0.550000 0.000000
vt -1.500000 -0.750000 0.000000
vt 1.500000 -0.750000 0.000000
vt 1.300000 -0.550000 0.000000
vt 1.500000 0.750000 0.000000
vt 1.300000 0.750000 0.000000
vt 0.000000 0.100000 0.000000
vt 1.000000 6.500000 0.000000
vt 0.000000 7.100000 0.000000
vt 1.500000 7.000000 0.000000
vt 6.000000 7.100000 0.000000
vt 5.500000 7.000000 0.000000
vt 6.000000 6.500000 0.000000
vt -1.500000 0.100000 0.000000
vt -1.500000 0.000000 0.000000
vt 1.000000 0.000000 0.000000
vt 0.100000 -1.500000 0.000000
vt 0.200000 -1.500000 0.000000
vt 0.100000 1.500000 0.000000
vt 0.200000 1.500000 0.000000
vt 7.500000 0.100000 0.000000
vt 6.000000 0.100000 0.000000
vt 7.500000 0.000000 0.000000
vt 5.000000 0.000000 0.000000
vt 5.000000 6.500000 0.000000
vt 6.000000 7.100000 0.000000
vt 4.500000 7.000000 0.000000
vt 0.000000 7.100000 0.000000
vt 0.500000 7.000000 0.000000
vt 0.000000 6.500000 0.000000
vt 3.250000 -0.353553 0.000000
vt 3.750000 0.353553 0.000000
vt 2.750000 -0.353553 0.000000
vt -2.250000 0.353553 0.000000
vt -2.250000 -0.353553 0.000000
vt -0.353553 3.250000 0.000000
vt -0.353553 2.750000 0.000000
vt 0.353553 3.750000 0.000000
vt 0.353553 -1.250000 0.000000
vt -0.353553 -0.250000 0.000000
vt -0.353553 -0.750000 0.000000
vt 11.250000 -0.353553 0.000000
vt 10.750000 0.353553 0.000000
vt 10.750000 -0.353553 0.000000
vt 10.250000 0.353553 0.000000
vt 9.750000 -0.353553 0.000000
vt 8.750000 -0.353553 0.000000
vt 7.750000 -0.353553 0.000000
vt 5.250000 0.353553 0.000000
vt 6.750000 -0.353553 0.000000
vt 5.750000 -0.353553 0.000000
vt 5.250000 -0.353553 0.000000
vt 9.000000 7.100000 0.000000
vt 6.000000 7.100000 0.000000
vt 9.000000 6.500000 0.000000
vt 6.000000 6.500000 0.000000
vt 7.500000 0.000000 0.000000
vt 0.000000 0.000000 0.000000
vt 0.000000 6.500000 0.000000
vt 15.000000 0.000000 0.000000
vt 15.000000 6.500000 0.000000
vt 5.000000 6.500000 0.000000
vt 0.000000 6.500000 0.000000
vt 5.000000 0.000000 0.000000
vt 0.000000 0.000000 0.000000
vt 14.025000 4.600000 0.000000
vt 14.400000 4.600000 0.000000
vt 14.025000 5.900000 0.000000
vt 14.400000 5.900000 0.000000
vt -3.750000 -0.353553 0.000000
vt -3.250000 -0.353553 0.000000
vt -3.250000 0.353553 0.000000
vt -2.750000 0.353553 0.000000
vt -2.250000 -0.353553 0.000000
vt -1.250000 -0.353553 0.000000
vt -0.250000 -0.353553 0.000000
vt 2.250000 0.353553 0.000000
vt 0.750000 -0.353553 0.000000
vt 1.750000 -0.353553 0.000000
vt 2.250000 -0.353553 0.000000
vt 0.353553 0.750000 0.000000
vt -0.353553 1.250000 0.000000
vt 0.353553 0.250000 0.000000
vt -0.353553 -3.750000 0.000000
vt 0.353553 -2.750000 0.000000
vt 0.353553 -3.250000 0.000000
vt -10.750000 -0.353553 0.000000
vt -10.250000 -0.353553 0.000000
vt -11.250000 0.353553 0.000000
vt -5.250000 0.353553 0.000000
vt -5.250000 -0.353553 0.000000
vt 2.975000 3.500000 0.000000
vt 2.600000 3.500000 0.000000
vt 2.975000 2.600000 0.000000
vt 2.600000 2.600000 0.000000
vt 5.000000 6.500000 0.000000
vt 0.000000 6.500000 0.000000
vt 5.000000 0.000000 0.000000
vt 0.000000 0.000000 0.000000
vt 0.636396 -3.600000 0.000000
vt 0.636396 0.600000 0.000000
vt -0.636396 -4.500000 0.000000
vt -0.636396 1.500000 0.000000
vt -4.350000 -0.636396 0.000000
vt -3.150000 -0.636396 0.000000
vt -5.250000 0.636396 0.000000
vt -2.250000 0.636396 0.000000
vt -0.636396 -0.600000 0.000000
vt 0.636396 -1.500000 0.000000
vt -0.636396 3.600000 0.000000
vt 0.636396 4.500000 0.000000
vt -0.500000 1.000000 0.000000
vt -0.600000 2.100000 0.000000
vt -0.500000 0.000000 0.000000
vt -0.600000 -2.100000 0.000000
vt 0.600000 -2.100000 0.000000
vt 0.500000 1.000000 0.000000
vt 0.600000 2.100000 0.000000
vt 0.500000 0.000000 0.000000
vt 7.500000 -2.500000 0.000000
vt 7.500000 2.500000 0.000000
vt 1.500000 -2.500000 0.000000
vt -0.000000 2.500000 0.000000
vt -1.500000 -2.500000 0.000000
vt -7.500000 2.500000 0.000000
vt -7.500000 -2.500000 0.000000
vt -1.500000 -5.000000 0.000000
vt 1.500000 -5.000000 0.000000
vn 0.000000 0.000000 1.000000
vn 0.000000 0.000000 1.000000
vn 0.000000 0.000000 1.000000
vn 0.000000 0.000000 1.000000
vn 0.000000 0.000000 1.000000
vn 0.000000 0.000000 1.000000
vn 0.000000 0.000000 1.000000
vn 0.000000 0.000000 1.000000
vn -1.000000 -0.000000 -0.000000
vn -1.000000 -0.000000 -0.000000
vn -1.000000 -0.000000 -0.000000
vn -1.000000 -0.000000 -0.000000
vn -1.000000 -0.000000 -0.000000
vn -1.000000 -0.000000 -0.000000
vn -1.000000 -0.000000 -0.000000
vn -1.000000 -0.000000 -0.000000
vn -1.000000 -0.000000 -0.000000
vn -1.000000 -0.000000 -0.000000
vn -1.000000 -0.000000 -0.000000
vn -1.000000 -0.000000 -0.000000
vn 0.000000 0.000000 -1.000000
vn 0.000000 0.000000 -1.000000
vn 0.000000 0.000000 -1.000000
vn 0.000000 0.000000 -1.000000
vn 0.000000 0.000000 -1.000000
vn 0.000000 0.000000 -1.000000
vn 0.000000 0.000000 -1.000000
vn 0.000000 0.000000 -1.000000
vn 1.000000 0.000000 0.000000
vn 1.000000 0.000000 0.000000
vn 1.000000 0.000000 0.000000
vn 1.000000 0.000000 0.000000
vn 1.000000 0.000000 0.000000
vn 1.000000 0.000000 0.000000
vn 1.000000 0.000000 0.000000
vn 1.000000 0.000000 0.000000
vn 1.000000 0.000000 0.000000
vn 1.000000 0.000000 0.000000
vn 1.000000 0.000000 0.000000
vn 1.000000 0.000000 0.000000
vn -1.000000 0.000000 0.000000
vn -1.000000 0.000000 0.000000
vn -1.000000 0.000000 0.000000
vn -1.000000 0.000000 0.000000
vn 0.000000 0.000000 1.000000
vn 0.000000 0.000000 1.000000
vn 0.000000 0.000000 1.000000
vn 0.000000 0.000000 1.000000
vn 1.000000 0.000000 0.000000
vn 1.000000 0.000000 0.000000
vn 1.000000 0.000000 0.000000
vn 1.000000 0.000000 0.000000
vn -0.000000 -0.000000 -1.000000
vn -0.000000 -0.000000 -1.000000
vn -0.000000 -0.000000 -1.000000
vn -0.000000 -0.000000 -1.000000
vn 0.000000 -1.000000 0.000000
vn 0.000000 -1.000000 0.000000
vn 0.000000 -1.000000 0.000000
vn 0.000000 -1.000000 0.000000
vn 0.000000 -1.000000 0.000000
vn 0.000000 -1.000000 0.000000
vn 0.000000 -1.000000 0.000000
vn 0.000000 -1.000000 0.000000
vn 0.000000 -1.000000 0.000000
vn 0.000000 -1.000000 0.000000
vn 0.000000 -1.000000 0.000000
vn 0.000000 -1.000000 0.000000
vn 0.000000 -1.000000 0.000000
vn 0.000000 -1.000000 0.000000
vn 0.000000 -1.000000 0.000000
vn 0.000000 -1.000000 0.000000
vn 0.000000 -1.000000 0.000000
vn 0.000000 -1.000000 0.000000
vn 0.000000 -1.000000 0.000000
vn 0.000000 -1.000000 0.000000
vn 0.000000 -1.000000 0.000000
vn 0.000000 -1.000000 0.000000
vn 0.000000 -1.000000 0.000000
vn 0.000000 -1.000000 0.000000
vn 0.000000 -1.000000 0.000000
vn 0.000000 -1.000000 0.000000
vn 0.000000 -1.000000 0.000000
vn 0.000000 -1.000000 0.000000
vn 0.000000 -1.000000 0.000000
vn 0.000000 -1.000000 0.000000
vn 0.000000 -1.000000 0.000000
vn 0.000000 -1.000000 0.000000
vn 0.000000 -1.000000 0.000000
vn 0.000000 -1.000000 0.000000
vn 0.000000 -1.000000 0.000000
vn 0.000000 -1.000000 0.000000
vn 0.000000 -1.000000 0.000000
vn 0.000000 -1.000000 0.000000
vn 0.000000 -1.000000 0.000000
vn 0.000000 -1.000000 0.000000
vn 0.000000 -1.000000 0.000000
vn 0.000000 -1.000000 0.000000
vn 0.000000 -1.000000 0.000000
vn 0.000000 -1.000000 0.000000
vn 0.000000 -1.000000 0.000000
vn 0.000000 -1.000000 0.000000
vn 0.000000 -1.000000 0.000000
vn 0.000000 -1.000000 0.000000
vn 0.000000 -1.000000 0.000000
vn 0.000000 -1.000000 0.000000
vn 0.000000 -1.000000 0.000000
vn 0.000000 -1.000000 0.000000
vn 0.000000 -1.000000 0.000000
vn 0.000000 -1.000000 0.000000
vn 0.000000 -1.000000 0.000000
vn 0.000000 -1.000000 0.000000
vn 0.000000 -1.000000 0.000000
vn 0.000000 -1.000000 0.000000
vn 0.000000 -1.000000 0.000000
vn 0.000000 -1.000000 0.000000
vn 0.000000 -1.000000 0.000000
vn 0.000000 -1.000000 0.000000
vn 0.000000 -1.000000 0.000000
vn 0.000000 -1.000000 0.000000
vn 0.000000 -1.000000 0.000000
vn 0.000000 -1.000000 0.000000
vn 0.000000 -1.000000 0.000000
vn 0.000000 -1.000000 0.000000
vn 0.000000 -1.000000 0.000000
vn 0.000000 -1.000000 0.000000
vn 0.000000 -1.000000 0.000000
vn 0.000000 -1.000000 0.000000
vn 0.000000 -1.000000 0.000000
vn 0.000000 -1.000000 0.000000
vn 0.000000 -1.000000 0.000000
vn 0.000000 -1.000000 0.000000
vn 0.000000 -1.000000 0.000000
vn 0.000000 -1.000000 0.000000
vn 0.000000 -1.000000 0.000000
vn 0.000000 -1.000000 0.000000
vn 0.000000 -1.000000 0.000000
vn 0.000000 -1.000000 0.000000
vn 0.000000 -1.000000 0.000000
vn 0.000000 -1.000000 0.000000
vn 0.000000 -1.000000 0.000000
vn 0.000000 -1.000000 0.000000
vn 0.000000 -1.000000 0.000000
vn 0.000000 -1.000000 0.000000
vn 0.000000 -1.000000 0.000000
vn 0.000000 -1.000000 0.000000
vn 0.000000 -1.000000 0.000000
vn 0.000000 -1.000000 0.000000
vn 0.000000 -1.000000 0.000000
vn 0.000000 -1.000000 0.000000
vn 0.000000 -1.000000 0.000000
vn 0.000000 -1.000000 0.000000
vn 0.000000 -1.000000 0.000000
vn 0.000000 -1.000000 0.000000
vn 0.000000 -1.000000 0.000000
vn 0.000000 -1.000000 0.000000
vn 0.000000 -1.000000 0.000000
vn 0.000000 -1.000000 0.000000
vn 0.000000 -1.000000 0.000000
vn 0.000000 -1.000000 0.000000
vn 0.000000 -1.000000 0.000000
vn 0.000000 -1.000000 0.000000
vn 0.000000 -1.000000 0.000000
vn 0.000000 -1.000000 0.000000
vn 0.000000 -1.000000 0.000000
vn 0.000000 -1.000000 0.000000
vn 0.000000 -1.000000 0.000000
vn 0.000000 -1.000000 0.000000
vn 0.000000 -1.000000 0.000000
vn 0.000000 -1.000000 0.000000
vn 0.000000 -1.000000 0.000000
vn 0.000000 -1.000000 0.000000
vn 0.000000 -1.000000 0.000000
vn 0.000000 -1.000000 0.000000
vn 0.000000 -1.000000 0.000000
vn 0.000000 -1.000000 0.000000
vn 0.000000 -1.000000 0.000000
vn 0.000000 -1.000000 0.000000
vn -1.000000 0.000000 0.000000
vn -1.000000 0.000000 0.000000
vn -1.000000 0.000000 0.000000
vn -1.000000 0.000000 0.000000
vn -0.000000 -0.000000 -1.000000
vn -0.000000 -0.000000 -1.000000
vn -0.000000 -0.000000 -1.000000
vn -0.000000 -0.000000 -1.000000
vn 0.000000 0.000000 1.000000
vn 0.000000 0.000000 1.000000
vn 0.000000 0.000000 1.000000
vn 0.000000 0.000000 1.000000
vn -1.000000 0.000000 0.000000
vn -1.000000 0.000000 0.000000
vn -1.000000 0.000000 0.000000
vn -1.000000 0.000000 0.000000
vn 1.000000 0.000000 0.000000
vn 1.000000 0.000000 0.000000
vn 1.000000 0.000000 0.000000
vn 1.000000 0.000000 0.000000
vn 0.000000 0.000000 1.000000
vn 0.000000 0.000000 1.000000
vn 0.000000 0.000000 1.000000
vn 0.000000 0.000000 1.000000
vn -0.000000 -0.000000 -1.000000
vn -0.000000 -0.000000 -1.000000
vn -0.000000 -0.000000 -1.000000
vn -0.000000 -0.000000 -1.000000
vn 1.000000 0.000000 0.000000
vn 1.000000 0.000000 0.000000
vn 1.000000 0.000000 0.000000
vn 1.000000 0.000000 0.000000
vn 0.000000 0.000000 1.000000
vn 0.000000 0.000000 1.000000
vn 0.000000 0.000000 1.000000
vn 0.000000 0.000000 1.000000
vn 0.000000 0.000000 -1.000000
vn 0.000000 0.000000 -1.000000
vn 0.000000 0.000000 -1.000000
vn 0.000000 0.000000 -1.000000
vn 1.000000 0.000000 0.000000
vn 1.000000 0.000000 0.000000
vn 1.000000 0.000000 0.000000
vn 1.000000 0.000000 0.000000
vn -1.000000 0.000000 0.000000
vn -1.000000 0.000000 0.000000
vn -1.000000 0.000000 0.000000
vn -1.000000 0.000000 0.000000
vn 0.000000 0.000000 -1.000000
vn 0.000000 0.000000 -1.000000
vn 0.000000 0.000000 -1.000000
vn 0.000000 0.000000 -1.000000
vn 0.000000 0.000000 1.000000
vn 0.000000 0.000000 1.000000
vn 0.000000 0.000000 1.000000
vn 0.000000 0.000000 1.000000
vn 0.000000 -1.000000 0.000000
vn 0.000000 -1.000000 0.000000
vn 0.000000 -1.000000 0.000000
vn 0.000000 -1.000000 0.000000
vn 0.000000 -1.000000 0.000000
vn 0.000000 -1.000000 0.000000
vn 0.000000 -1.000000 0.000000
vn 0.000000 -1.000000 0.000000
vn 0.000000 -1.000000 0.000000
vn 0.000000 -1.000000 0.000000
vn 0.000000 -1.000000 0.000000
vn 0.000000 -1.000000 0.000000
vn 0.000000 -1.000000 0.000000
vn 0.000000 -1.000000 0.000000
vn 0.000000 -1.000000 0.000000
vn 0.000000 -1.000000 0.000000
vn 0.000000 -1.000000 0.000000
vn 0.000000 -1.000000 0.000000
vn 0.000000 -1.000000 0.000000
vn 0.000000 -1.000000 0.000000
vn 0.000000 0.000000 -1.000000
vn 0.000000 0.000000 -1.000000
vn 0.000000 0.000000 -1.000000
vn 0.000000 0.000000 -1.000000
vn 0.000000 -0.000000 -1.000000
vn 0.000000 -0.000000 -1.000000
vn 0.258819 -0.000000 -0.965926
vn 0.258819 -0.000000 -0.965926
vn 0.500000 -0.000000 -0.866025
vn 0.500000 -0.000000 -0.866025
vn 0.707107 -0.000000 -0.707107
vn 0.707107 -0.000000 -0.707107
vn 0.866025 -0.000000 -0.500000
vn 0.866025 -0.000000 -0.500000
vn 0.965926 -0.000000 -0.258819
vn 0.965926 -0.000000 -0.258819
vn 1.000000 0.000000 -0.000000
vn 1.000000 0.000000 -0.000000
vn 1.000000 0.000000 0.000000
vn 1.000000 0.000000 0.000000
vn 1.000000 0.000000 0.000000
vn 1.000000 0.000000 0.000000
vn 1.000000 0.000000 -0.000000
vn 1.000000 0.000000 -0.000000
vn 0.965926 0.000000 0.258819
vn 0.965926 0.000000 0.258819
vn 0.866025 0.000000 0.500000
vn 0.866025 0.000000 0.500000
vn 0.707107 0.000000 0.707107
vn 0.707107 0.000000 0.707107
vn 0.500000 0.000000 0.866025
vn 0.500000 0.000000 0.866025
vn 0.258819 0.000000 0.965926
vn 0.258819 0.000000 0.965926
vn 0.000000 0.000000 1.000000
vn 0.000000 0.000000 1.000000
vn 0.000000 0.000000 1.000000
vn 0.000000 0.000000 1.000000
vn 0.000000 0.000000 1.000000
vn 0.000000 0.000000 1.000000
vn 0.000000 0.000000 1.000000
vn 0.000000 0.000000 1.000000
vn -0.258819 -0.000000 0.965926
vn -0.258819 -0.000000 0.965926
vn -0.500000 -0.000000 0.866025
vn -0.500000 -0.000000 0.866025
vn -0.707107 -0.000000 0.707107
vn -0.707107 -0.000000 0.707107
vn -0.866025 -0.000000 0.500000
vn -0.866025 -0.000000 0.500000
vn -0.965926 -0.000000 0.258819
vn -0.965926 -0.000000 0.258819
vn -1.000000 -0.000000 0.000000
vn -1.000000 -0.000000 0.000000
vn -1.000000 -0.000000 -0.000000
vn -1.000000 -0.000000 -0.000000
vn -1.000000 -0.000000 -0.000000
vn -1.000000 -0.000000 -0.000000
vn -1.000000 -0.000000 -0.000000
vn -1.000000 -0.000000 -0.000000
vn -0.965926 -0.000000 -0.258819
vn -0.965926 -0.000000 -0.258819
vn -0.866025 -0.000000 -0.500000
vn -0.866025 -0.000000 -0.500000
vn -0.707107 -0.000000 -0.707107
vn -0.707107 -0.000000 -0.707107
vn -0.500000 -0.000000 -0.866025
vn -0.500000 -0.000000 -0.866025
vn -0.258819 -0.000000 -0.965926
vn -0.258819 -0.000000 -0.965926
vn 0.000000 -0.000000 -1.000000
vn 0.000000 -0.000000 -1.000000
vn 0.000000 0.000000 -1.000000
vn 0.000000 0.000000 -1.000000
vn 0.000000 0.000000 -1.000000
vn 0.000000 0.000000 -1.000000
vn -1.000000 -0.000000 -0.000000
vn -1.000000 -0.000000 -0.000000
vn -1.000000 -0.000000 -0.000000
vn -1.000000 -0.000000 -0.000000
vn 0.000000 0.000000 1.000000
vn 0.000000 0.000000 1.000000
vn 0.000000 0.000000 1.000000
vn 0.000000 0.000000 1.000000
vn 1.000000 0.000000 0.000000
vn 1.000000 0.000000 0.000000
vn 1.000000 0.000000 0.000000
vn 1.000000 0.000000 0.000000
vn 0.000000 -1.000000 0.000000
vn 0.000000 -1.000000 0.000000
vn 0.000000 -1.000000 0.000000
vn 0.000000 -1.000000 0.000000
vn 0.000000 -1.000000 0.000000
vn 0.000000 -1.000000 0.000000
vn 0.000000 -1.000000 0.000000
vn 0.000000 -1.000000 0.000000
vn 0.000000 -1.000000 0.000000
vn 0.000000 -1.000000 0.000000
vn 0.000000 -1.000000 0.000000
vn 0.000000 -1.000000 0.000000
vn 0.000000 -1.000000 0.000000
vn 0.000000 -1.000000 0.000000
vn 0.000000 -1.000000 0.000000
vn 0.000000 -1.000000 0.000000
vn 0.000000 -1.000000 0.000000
vn 0.000000 -1.000000 0.000000
vn 0.000000 -1.000000 0.000000
vn 0.000000 -1.000000 0.000000
vn 0.000000 -1.000000 0.000000
vn 0.000000 -1.000000 0.000000
vn 0.000000 -1.000000 0.000000
vn 0.000000 -1.000000 0.000000
vn 0.000000 -1.000000 0.000000
vn 0.000000 -1.000000 0.000000
vn 0.000000 -1.000000 0.000000
vn 0.000000 -1.000000 0.000000
vn 0.000000 -1.000000 0.000000
vn 0.000000 -1.000000 0.000000
vn 0.000000 -1.000000 0.000000
vn 0.000000 -1.000000 0.000000
vn 0.000000 -1.000000 0.000000
vn 0.000000 -1.000000 0.000000
vn 0.000000 -1.000000 0.000000
vn 0.000000 -1.000000 0.000000
vn -1.000000 -0.000000 -0.000000
vn -1.000000 -0.000000 -0.000000
vn -0.965926 -0.000000 -0.258819
vn -0.965926 -0.000000 -0.258819
vn -0.866025 -0.000000 -0.500000
vn -0.866025 -0.000000 -0.500000
vn -0.707107 -0.000000 -0.707107
vn -0.707107 -0.000000 -0.707107
vn -0.500000 -0.000000 -0.866025
vn -0.500000 -0.000000 -0.866025
vn -0.258819 -0.000000 -0.965926
vn -0.258819 -0.000000 -0.965926
vn 0.000000 -0.000000 -1.000000
vn 0.000000 -0.000000 -1.000000
vn 0.000000 0.000000 -1.000000
vn 0.000000 0.000000 -1.000000
vn 0.000000 0.000000 -1.000000
vn 0.000000 0.000000 -1.000000
vn 0.000000 -0.000000 -1.000000
vn 0.000000 -0.000000 -1.000000
vn 0.258819 -0.000000 -0.965926
vn 0.258819 -0.000000 -0.965926
vn 0.500000 -0.000000 -0.866025
vn 0.500000 -0.000000 -0.866025
vn 0.707107 -0.000000 -0.707107
vn 0.707107 -0.000000 -0.707107
vn 0.866025 -0.000000 -0.500000
vn 0.866025 -0.000000 -0.500000
vn 0.965926 -0.000000 -0.258819
vn 0.965926 -0.000000 -0.258819
vn 1.000000 0.000000 -0.000000
vn 1.000000 0.000000 -0.000000
vn 1.000000 0.000000 0.000000
vn 1.000000 0.000000 0.000000
vn 1.000000 0.000000 0.000000
vn 1.000000 0.000000 0.000000
vn 1.000000 0.000000 -0.000000
vn 1.000000 0.000000 -0.000000
vn 0.965926 0.000000 0.258819
vn 0.965926 0.000000 0.258819
vn 0.866025 0.000000 0.500000
vn 0.866025 0.000000 0.500000
vn 0.707107 0.000000 0.707107
vn 0.707107 0.000000 0.707107
vn 0.500000 0.000000 0.866025
vn 0.500000 0.000000 0.866025
vn 0.258819 0.000000 0.965926
vn 0.258819 0.000000 0.965926
vn 0.000000 0.000000 1.000000
vn 0.000000 0.000000 1.000000
vn 0.000000 0.000000 1.000000
vn 0.000000 0.000000 1.000000
vn 0.000000 0.000000 1.000000
vn 0.000000 0.000000 1.000000
vn 0.000000 0.000000 1.000000
vn 0.000000 0.000000 1.000000
vn -0.258819 -0.000000 0.965926
vn -0.258819 -0.000000 0.965926
vn -0.500000 -0.000000 0.866025
vn -0.500000 -0.000000 0.866025
vn -0.707107 -0.000000 0.707107
vn -0.707107 -0.000000 0.707107
vn -0.866025 -0.000000 0.500000
vn -0.866025 -0.000000 0.500000
vn -0.965926 -0.000000 0.258819
vn -0.965926 -0.000000 0.258819
vn -1.000000 -0.000000 0.000000
vn -1.000000 -0.000000 0.000000
vn -1.000000 0.000000 0.000000
vn -1.000000 0.000000 0.000000
vn -1.000000 0.000000 0.000000
vn -1.000000 0.000000 0.000000
vn -1.000000 0.000000 0.000000
vn -1.000000 0.000000 0.000000
vn -1.000000 0.000000 0.000000
vn -1.000000 0.000000 0.000000
vn 0.000000 0.000000 1.000000
vn 0.000000 0.000000 1.000000
vn 0.000000 0.000000 1.000000
vn 0.000000 0.000000 1.000000
vn 1.000000 0.000000 0.000000
vn 1.000000 0.000000 0.000000
vn 1.000000 0.000000 0.000000
vn 1.000000 0.000000 0.000000
vn -0.000000 -0.000000 -1.000000
vn -0.000000 -0.000000 -1.000000
vn -0.000000 -0.000000 -1.000000
vn -0.000000 -0.000000 -1.000000
vn 0.000000 -1.000000 0.000000
vn 0.000000 -1.000000 0.000000
vn 0.000000 -1.000000 0.000000
vn 0.000000 -1.000000 0.000000
vn 0.000000 -1.000000 0.000000
vn 0.000000 -1.000000 0.000000
vn 0.000000 -1.000000 0.000000
vn 0.000000 -1.000000 0.000000
vn 0.000000 -1.000000 0.000000
vn 0.000000 -1.000000 0.000000
vn 0.000000 -1.000000 0.000000
vn 0.000000 -1.000000 0.000000
vn 0.000000 -1.000000 0.000000
vn 0.000000 -1.000000 0.000000
vn 0.000000 -1.000000 0.000000
vn 0.000000 -1.000000 0.000000
vn 0.000000 -1.000000 0.000000
vn 0.000000 -1.000000 0.000000
vn 0.000000 -1.000000 0.000000
vn 0.000000 -1.000000 0.000000
vn 0.000000 -1.000000 0.000000
vn 0.000000 -1.000000 0.000000
vn 0.000000 -1.000000 0.000000
vn 0.000000 -1.000000 0.000000
vn 0.000000 -1.000000 0.000000
vn 0.000000 -1.000000 0.000000
vn 0.000000 -1.000000 0.000000
vn 0.000000 -1.000000 0.000000
vn 0.000000 -1.000000 0.000000
vn 0.000000 -1.000000 0.000000
vn 0.000000 -1.000000 0.000000
vn 0.000000 -1.000000 0.000000
vn 0.000000 -1.000000 0.000000
vn 0.000000 -1.000000 0.000000
vn 0.000000 -1.000000 0.000000
vn 0.000000 -1.000000 0.000000
vn 0.000000 -1.000000 0.000000
vn 0.000000 -1.000000 0.000000
vn 0.000000 -1.000000 0.000000
vn 0.000000 -1.000000 0.000000
vn 0.000000 -1.000000 0.000000
vn 0.000000 -1.000000 0.000000
vn 0.000000 -1.000000 0.000000
vn 0.000000 -1.000000 0.000000
vn 0.000000 -1.000000 0.000000
vn 0.000000 -1.000000 0.000000
vn 0.000000 -1.000000 0.000000
vn 0.000000 -1.000000 0.000000
vn 0.000000 -1.000000 0.000000
vn 0.000000 -1.000000 0.000000
vn 0.000000 -1.000000 0.000000
vn 0.000000 -1.000000 0.000000
vn 0.000000 -1.000000 0.000000
vn 0.000000 -1.000000 0.000000
vn 0.000000 -1.000000 0.000000
vn 0.000000 -1.000000 0.000000
vn 0.000000 -1.000000 0.000000
vn 0.000000 -1.000000 0.000000
vn 0.000000 -1.000000 0.000000
vn 0.000000 -1.000000 0.000000
vn 1.000000 0.000000 0.000000
vn 1.000000 0.000000 0.000000
vn 1.000000 0.000000 0.000000
vn 1.000000 0.000000 0.000000
vn 0.000000 0.000000 1.000000
vn 0.000000 0.000000 1.000000
vn 0.000000 0.000000 1.000000
vn 0.000000 0.000000 1.000000
vn -0.000000 -0.000000 -1.000000
vn -0.000000 -0.000000 -1.000000
vn -0.000000 -0.000000 -1.000000
vn -0.000000 -0.000000 -1.000000
vn 1.000000 0.000000 0.000000
vn 1.000000 0.000000 0.000000
vn 1.000000 0.000000 0.000000
vn 1.000000 0.000000 0.000000
vn -1.000000 -0.000000 -0.000000
vn -1.000000 -0.000000 -0.000000
vn -1.000000 -0.000000 -0.000000
vn -1.000000 -0.000000 -0.000000
vn -0.000000 -0.000000 -1.000000
vn -0.000000 -0.000000 -1.000000
vn -0.000000 -0.000000 -1.000000
vn -0.000000 -0.000000 -1.000000
vn 0.000000 0.000000 1.000000
vn 0.000000 0.000000 1.000000
vn 0.000000 0.000000 1.000000
vn 0.000000 0.000000 1.000000
vn -1.000000 -0.000000 -0.000000
vn -1.000000 -0.000000 -0.000000
vn -1.000000 -0.000000 -0.000000
vn -1.000000 -0.000000 -0.000000
vn 0.000000 -1.000000 0.000000
vn 0.000000 -1.000000 0.000000
vn 0.000000 -1.000000 0.000000
vn 0.000000 -1.000000 0.000000
vn 0.000000 -1.000000 0.000000
vn 0.000000 -1.000000 0.000000
vn 0.000000 -1.000000 0.000000
vn 0.000000 -1.000000 0.000000
vn 0.000000 -1.000000 0.000000
vn 0.000000 -1.000000 0.000000
vn 0.000000 -1.000000 0.000000
vn 0.000000 -1.000000 0.000000
vn -1.000000 -0.000000 -0.000000
vn -1.000000 -0.000000 -0.000000
vn -1.000000 -0.000000 -0.000000
vn -1.000000 -0.000000 -0.000000
vn -1.000000 -0.000000 -0.000000
vn -1.000000 -0.000000 -0.000000
vn -1.000000 -0.000000 -0.000000
vn -1.000000 -0.000000 -0.000000
vn 0.000000 0.000000 1.000000
vn 0.000000 0.000000 1.000000
vn 0.000000 0.000000 1.000000
vn 0.000000 0.000000 1.000000
vn 0.000000 0.000000 1.000000
vn 0.000000 0.000000 1.000000
vn 0.000000 0.000000 1.000000
vn 0.000000 0.000000 1.000000
vn 0.000000 -1.000000 0.000000
vn 0.000000 -1.000000 0.000000
vn 0.000000 -1.000000 0.000000
vn 0.000000 -1.000000 0.000000
vn 0.000000 -1.000000 0.000000
vn 0.000000 -1.000000 0.000000
vn 0.000000 -1.000000 0.000000
vn 0.000000 -1.000000 0.000000
vn 0.000000 -1.000000 0.000000
vn 0.000000 -1.000000 0.000000
vn 0.000000 -1.000000 0.000000
vn 0.000000 -1.000000 0.000000
vn -1.000000 0.000000 0.000000
vn -1.000000 0.000000 0.000000
vn -1.000000 0.000000 0.000000
vn -1.000000 0.000000 0.000000
vn -0.000000 -0.000000 -1.000000
vn -0.000000 -0.000000 -1.000000
vn -0.000000 -0.000000 -1.000000
vn -0.000000 -0.000000 -1.000000
vn 0.000000 0.000000 1.000000
vn 0.000000 0.000000 1.000000
vn 0.000000 0.000000 1.000000
vn 0.000000 0.000000 1.000000
vn -1.000000 0.000000 0.000000
vn -1.000000 0.000000 0.000000
vn -1.000000 0.000000 0.000000
vn -1.000000 0.000000 0.000000
vn 1.000000 0.000000 0.000000
vn 1.000000 0.000000 0.000000
vn 1.000000 0.000000 0.000000
vn 1.000000 0.000000 0.000000
vn 0.000000 0.000000 1.000000
vn 0.000000 0.000000 1.000000
vn 0.000000 0.000000 1.000000
vn 0.000000 0.000000 1.000000
vn -0.000000 -0.000000 -1.000000
vn -0.000000 -0.000000 -1.000000
vn -0.000000 -0.000000 -1.000000
vn -0.000000 -0.000000 -1.000000
vn 1.000000 0.000000 0.000000
vn 1.000000 0.000000 0.000000
vn 1.000000 0.000000 0.000000
vn 1.000000 0.000000 0.000000
vn 0.000000 -1.000000 0.000000
vn 0.000000 -1.000000 0.000000
vn 0.000000 -1.000000 0.000000
vn 0.000000 -1.000000 0.000000
vn 0.000000 -1.000000 0.000000
vn 0.000000 -1.000000 0.000000
vn 0.000000 -1.000000 0.000000
vn 0.000000 -1.000000 0.000000
vn 0.000000 -1.000000 0.000000
vn 0.000000 -1.000000 0.000000
vn 0.000000 -1.000000 0.000000
vn 0.000000 -1.000000 0.000000
vn 1.000000 0.000000 0.000000
vn 1.000000 0.000000 0.000000
vn 1.000000 0.000000 0.000000
vn 1.000000 0.000000 0.000000
vn 1.000000 0.000000 0.000000
vn 1.000000 0.000000 0.000000
vn 1.000000 0.000000 0.000000
vn 1.000000 0.000000 0.000000
vn 0.000000 0.000000 -1.000000
vn 0.000000 0.000000 -1.000000
vn 0.000000 0.000000 -1.000000
vn 0.000000 0.000000 -1.000000
vn 0.000000 0.000000 -1.000000
vn 0.000000 0.000000 -1.000000
vn 0.000000 0.000000 -1.000000
vn 0.000000 0.000000 -1.000000
vn 0.000000 -1.000000 0.000000
vn 0.000000 -1.000000 0.000000
vn 0.000000 -1.000000 0.000000
vn 0.000000 -1.000000 0.000000
vn 0.000000 -1.000000 0.000000
vn 0.000000 -1.000000 0.000000
vn 0.000000 -1.000000 0.000000
vn 0.000000 -1.000000 0.000000
vn 0.000000 -1.000000 0.000000
vn 0.000000 -1.000000 0.000000
vn 0.000000 -1.000000 0.000000
vn 0.000000 -1.000000 0.000000
vn -0.000000 -0.000000 -1.000000
vn -0.000000 -0.000000 -1.000000
vn -0.000000 -0.000000 -1.000000
vn -0.000000 -0.000000 -1.000000
vn 1.000000 0.000000 0.000000
vn 1.000000 0.000000 0.000000
vn 1.000000 0.000000 0.000000
vn 1.000000 0.000000 0.000000
vn -1.000000 0.000000 0.000000
vn -1.000000 0.000000 0.000000
vn -1.000000 0.000000 0.000000
vn -1.000000 0.000000 0.000000
vn -0.000000 -0.000000 -1.000000
vn -0.000000 -0.000000 -1.000000
vn -0.000000 -0.000000 -1.000000
vn -0.000000 -0.000000 -1.000000
vn 0.000000 0.000000 1.000000
vn 0.000000 0.000000 1.000000
vn 0.000000 0.000000 1.000000
vn 0.000000 0.000000 1.000000
vn -1.000000 0.000000 0.000000
vn -1.000000 0.000000 0.000000
vn -1.000000 0.000000 0.000000
vn -1.000000 0.000000 0.000000
vn 1.000000 0.000000 0.000000
vn 1.000000 0.000000 0.000000
vn 1.000000 0.000000 0.000000
vn 1.000000 0.000000 0.000000
vn 0.000000 0.000000 1.000000
vn 0.000000 0.000000 1.000000
vn 0.000000 0.000000 1.000000
vn 0.000000 0.000000 1.000000
vn 0.000000 -1.000000 0.000000
vn 0.000000 -1.000000 0.000000
vn 0.000000 -1.000000 0.000000
vn 0.000000 -1.000000 0.000000
vn 0.000000 -1.000000 0.000000
vn 0.000000 -1.000000 0.000000
vn 0.000000 -1.000000 0.000000
vn 0.000000 -1.000000 0.000000
vn 0.000000 -1.000000 0.000000
vn 0.000000 -1.000000 0.000000
vn 0.000000 -1.000000 0.000000
vn 0.000000 -1.000000 0.000000
vn 0.000000 0.000000 1.000000
vn 0.000000 0.000000 1.000000
vn 0.000000 0.000000 1.000000
vn 0.000000 0.000000 1.000000
vn 0.000000 0.000000 1.000000
vn 0.000000 0.000000 1.000000
vn 0.000000 0.000000 1.000000
vn 0.000000 0.000000 1.000000
vn 1.000000 0.000000 0.000000
vn 1.000000 0.000000 0.000000
vn 1.000000 0.000000 0.000000
vn 1.000000 0.000000 0.000000
vn 1.000000 0.000000 0.000000
vn 1.000000 0.000000 0.000000
vn 1.000000 0.000000 0.000000
vn 1.000000 0.000000 0.000000
vn 0.000000 -1.000000 0.000000
vn 0.000000 -1.000000 0.000000
vn 0.000000 -1.000000 0.000000
vn 0.000000 -1.000000 0.000000
vn 0.000000 -1.000000 0.000000
vn 0.000000 -1.000000 0.000000
vn 0.000000 -1.000000 0.000000
vn 0.000000 -1.000000 0.000000
vn 0.000000 -1.000000 0.000000
vn 0.000000 -1.000000 0.000000
vn 0.000000 -1.000000 0.000000
vn 0.000000 -1.000000 0.000000
vn -0.000000 -0.000000 -1.000000
vn -0.000000 -0.000000 -1.000000
vn -0.000000 -0.000000 -1.000000
vn -0.000000 -0.000000 -1.000000
vn 1.000000 0.000000 0.000000
vn 1.000000 0.000000 0.000000
vn 1.000000 0.000000 0.000000
vn 1.000000 0.000000 0.000000
vn -1.000000 0.000000 0.000000
vn -1.000000 0.000000 0.000000
vn -1.000000 0.000000 0.000000
vn -1.000000 0.000000 0.000000
vn -0.000000 -0.000000 -1.000000
vn -0.000000 -0.000000 -1.000000
vn -0.000000 -0.000000 -1.000000
vn -0.000000 -0.000000 -1.000000
vn 0.000000 0.000000 1.000000
vn 0.000000 0.000000 1.000000
vn 0.000000 0.000000 1.000000
vn 0.000000 0.000000 1.000000
vn -1.000000 0.000000 0.000000
vn -1.000000 0.000000 0.000000
vn -1.000000 0.000000 0.000000
vn -1.000000 0.000000 0.000000
vn 1.000000 0.000000 0.000000
vn 1.000000 0.000000 0.000000
vn 1.000000 0.000000 0.000000
vn 1.000000 0.000000 0.000000
vn 0.000000 0.000000 1.000000
vn 0.000000 0.000000 1.000000
vn 0.000000 0.000000 1.000000
vn 0.000000 0.000000 1.000000
vn 0.000000 -1.000000 0.000000
vn 0.000000 -1.000000 0.000000
vn 0.000000 -1.000000 0.000000
vn 0.000000 -1.000000 0.000000
vn 0.000000 -1.000000 0.000000
vn 0.000000 -1.000000 0.000000
vn 0.000000 -1.000000 0.000000
vn 0.000000 -1.000000 0.000000
vn 0.000000 -1.000000 0.000000
vn 0.000000 -1.000000 0.000000
vn 0.000000 -1.000000 0.000000
vn 0.000000 -1.000000 0.000000
vn 0.000000 0.000000 1.000000
vn 0.000000 0.000000 1.000000
vn 0.000000 0.000000 1.000000
vn 0.000000 0.000000 1.000000
vn 0.000000 0.000000 1.000000
vn 0.000000 0.000000 1.000000
vn 0.000000 0.000000 1.000000
vn 0.000000 0.000000 1.000000
vn 1.000000 0.000000 0.000000
vn 1.000000 0.000000 0.000000
vn 1.000000 0.000000 0.000000
vn 1.000000 0.000000 0.000000
vn 1.000000 0.000000 0.000000
vn 1.000000 0.000000 0.000000
vn 1.000000 0.000000 0.000000
vn 1.000000 0.000000 0.000000
vn 0.000000 -1.000000 0.000000
vn 0.000000 -1.000000 0.000000
vn 0.000000 -1.000000 0.000000
vn 0.000000 -1.000000 0.000000
vn 0.000000 -1.000000 0.000000
vn 0.000000 -1.000000 0.000000
vn 0.000000 -1.000000 0.000000
vn 0.000000 -1.000000 0.000000
vn 0.000000 -1.000000 0.000000
vn 0.000000 -1.000000 0.000000
vn 0.000000 -1.000000 0.000000
vn 0.000000 -1.000000 0.000000
vn 1.000000 0.000000 0.000000
vn 1.000000 0.000000 0.000000
vn 1.000000 0.000000 0.000000
vn 1.000000 0.000000 0.000000
vn 0.000000 0.000000 1.000000
vn 0.000000 0.000000 1.000000
vn 0.000000 0.000000 1.000000
vn 0.000000 0.000000 1.000000
vn -0.000000 -0.000000 -1.000000
vn -0.000000 -0.000000 -1.000000
vn -0.000000 -0.000000 -1.000000
vn -0.000000 -0.000000 -1.000000
vn 1.000000 0.000000 0.000000
vn 1.000000 0.000000 0.000000
vn 1.000000 0.000000 0.000000
vn 1.000000 0.000000 0.000000
vn -1.000000 -0.000000 -0.000000
vn -1.000000 -0.000000 -0.000000
vn -1.000000 -0.000000 -0.000000
vn -1.000000 -0.000000 -0.000000
vn -0.000000 -0.000000 -1.000000
vn -0.000000 -0.000000 -1.000000
vn -0.000000 -0.000000 -1.000000
vn -0.000000 -0.000000 -1.000000
vn 0.000000 0.000000 1.000000
vn 0.000000 0.000000 1.000000
vn 0.000000 0.000000 1.000000
vn 0.000000 0.000000 1.000000
vn -1.000000 -0.000000 -0.000000
vn -1.000000 -0.000000 -0.000000
vn -1.000000 -0.000000 -0.000000
vn -1.000000 -0.000000 -0.000000
vn 0.000000 -1.000000 0.000000
vn 0.000000 -1.000000 0.000000
vn 0.000000 -1.000000 0.000000
vn 0.000000 -1.000000 0.000000
vn 0.000000 -1.000000 0.000000
vn 0.000000 -1.000000 0.000000
vn 0.000000 -1.000000 0.000000
vn 0.000000 -1.000000 0.000000
vn 0.000000 -1.000000 0.000000
vn 0.000000 -1.000000 0.000000
vn 0.000000 -1.000000 0.000000
vn 0.000000 -1.000000 0.000000
vn -1.000000 -0.000000 -0.000000
vn -1.000000 -0.000000 -0.000000
vn -1.000000 -0.000000 -0.000000
vn -1.000000 -0.000000 -0.000000
vn -1.000000 -0.000000 -0.000000
vn -1.000000 -0.000000 -0.000000
vn -1.000000 -0.000000 -0.000000
vn -1.000000 -0.000000 -0.000000
vn 0.000000 0.000000 1.000000
vn 0.000000 0.000000 1.000000
vn 0.000000 0.000000 1.000000
vn 0.000000 0.000000 1.000000
vn 0.000000 0.000000 1.000000
vn 0.000000 0.000000 1.000000
vn 0.000000 0.000000 1.000000
vn 0.000000 0.000000 1.000000
vn 0.000000 -1.000000 0.000000
vn 0.000000 -1.000000 0.000000
vn 0.000000 -1.000000 0.000000
vn 0.000000 -1.000000 0.000000
vn 0.000000 -1.000000 0.000000
vn 0.000000 -1.000000 0.000000
vn 0.000000 -1.000000 0.000000
vn 0.000000 -1.000000 0.000000
vn 0.000000 -1.000000 0.000000
vn 0.000000 -1.000000 0.000000
vn 0.000000 -1.000000 0.000000
vn 0.000000 -1.000000 0.000000
vn 1.000000 0.000000 0.000000
vn 1.000000 0.000000 0.000000
vn 1.000000 0.000000 0.000000
vn 1.000000 0.000000 0.000000
vn -1.000000 0.000000 0.000000
vn -1.000000 0.000000 0.000000
vn -1.000000 0.000000 0.000000
vn -1.000000 0.000000 0.000000
vn -0.000000 -0.000000 -1.000000
vn -0.000000 -0.000000 -1.000000
vn -0.000000 -0.000000 -1.000000
vn -0.000000 -0.000000 -1.000000
vn 0.000000 0.000000 1.000000
vn 0.000000 0.000000 1.000000
vn 0.000000 0.000000 1.000000
vn 0.000000 0.000000 1.000000
vn -1.000000 0.000000 0.000000
vn -1.000000 0.000000 0.000000
vn -1.000000 0.000000 0.000000
vn -1.000000 0.000000 0.000000
vn 1.000000 0.000000 0.000000
vn 1.000000 0.000000 0.000000
vn 1.000000 0.000000 0.000000
vn 1.000000 0.000000 0.000000
vn 0.000000 0.000000 1.000000
vn 0.000000 0.000000 1.000000
vn 0.000000 0.000000 1.000000
vn 0.000000 0.000000 1.000000
vn -0.000000 -0.000000 -1.000000
vn -0.000000 -0.000000 -1.000000
vn -0.000000 -0.000000 -1.000000
vn -0.000000 -0.000000 -1.000000
vn 0.000000 -1.000000 0.000000
vn 0.000000 -1.000000 0.000000
vn 0.000000 -1.000000 0.000000
vn 0.000000 -1.000000 0.000000
vn 0.000000 -1.000000 0.000000
vn 0.000000 -1.000000 0.000000
vn 0.000000 -1.000000 0.000000
vn 0.000000 -1.000000 0.000000
vn 0.000000 -1.000000 0.000000
vn 0.000000 -1.000000 0.000000
vn 0.000000 -1.000000 0.000000
vn 0.000000 -1.000000 0.000000
vn 1.000000 0.000000 0.000000
vn 1.000000 0.000000 0.000000
vn 1.000000 0.000000 0.000000
vn 1.000000 0.000000 0.000000
vn 1.000000 0.000000 0.000000
vn 1.000000 0.000000 0.000000
vn 1.000000 0.000000 0.000000
vn 1.000000 0.000000 0.000000
vn 0.000000 0.000000 -1.000000
vn 0.000000 0.000000 -1.000000
vn 0.000000 0.000000 -1.000000
vn 0.000000 0.000000 -1.000000
vn 0.000000 0.000000 -1.000000
vn 0.000000 0.000000 -1.000000
vn 0.000000 0.000000 -1.000000
vn 0.000000 0.000000 -1.000000
vn 0.000000 -1.000000 0.000000
vn 0.000000 -1.000000 0.000000
vn 0.000000 -1.000000 0.000000
vn 0.000000 -1.000000 0.000000
vn 0.000000 -1.000000 0.000000
vn 0.000000 -1.000000 0.000000
vn 0.000000 -1.000000 0.000000
vn 0.000000 -1.000000 0.000000
vn 0.000000 -1.000000 0.000000
vn 0.000000 -1.000000 0.000000
vn 0.000000 -1.000000 0.000000
vn 0.000000 -1.000000 0.000000
vn 1.000000 0.000000 0.000000
vn 1.000000 0.000000 0.000000
vn 1.000000 0.000000 0.000000
vn 1.000000 0.000000 0.000000
vn 0.000000 0.000000 1.000000
vn 0.000000 0.000000 1.000000
vn 0.000000 0.000000 1.000000
vn 0.000000 0.000000 1.000000
vn -0.000000 -0.000000 -1.000000
vn -0.000000 -0.000000 -1.000000
vn -0.000000 -0.000000 -1.000000
vn -0.000000 -0.000000 -1.000000
vn 1.000000 0.000000 0.000000
vn 1.000000 0.000000 0.000000
vn 1.000000 0.000000 0.000000
vn 1.000000 0.000000 0.000000
vn -1.000000 0.000000 0.000000
vn -1.000000 0.000000 0.000000
vn -1.000000 0.000000 0.000000
vn -1.000000 0.000000 0.000000
vn -0.000000 -0.000000 -1.000000
vn -0.000000 -0.000000 -1.000000
vn -0.000000 -0.000000 -1.000000
vn -0.000000 -0.000000 -1.000000
vn 0.000000 0.000000 1.000000
vn 0.000000 0.000000 1.000000
vn 0.000000 0.000000 1.000000
vn 0.000000 0.000000 1.000000
vn -1.000000 0.000000 0.000000
vn -1.000000 0.000000 0.000000
vn -1.000000 0.000000 0.000000
vn -1.000000 0.000000 0.000000
vn 0.000000 -1.000000 0.000000
vn 0.000000 -1.000000 0.000000
vn 0.000000 -1.000000 0.000000
vn 0.000000 -1.000000 0.000000
vn 0.000000 -1.000000 0.000000
vn 0.000000 -1.000000 0.000000
vn 0.000000 -1.000000 0.000000
vn 0.000000 -1.000000 0.000000
vn 0.000000 -1.000000 0.000000
vn 0.000000 -1.000000 0.000000
vn 0.000000 -1.000000 0.000000
vn 0.000000 -1.000000 0.000000
vn 0.000000 0.000000 1.000000
vn 0.000000 0.000000 1.000000
vn 0.000000 0.000000 1.000000
vn 0.000000 0.000000 1.000000
vn 0.000000 0.000000 1.000000
vn 0.000000 0.000000 1.000000
vn 0.000000 0.000000 1.000000
vn 0.000000 0.000000 1.000000
vn 1.000000 0.000000 0.000000
vn 1.000000 0.000000 0.000000
vn 1.000000 0.000000 0.000000
vn 1.000000 0.000000 0.000000
vn 1.000000 0.000000 0.000000
vn 1.000000 0.000000 0.000000
vn 1.000000 0.000000 0.000000
vn 1.000000 0.000000 0.000000
vn 0.000000 -1.000000 0.000000
vn 0.000000 -1.000000 0.000000
vn 0.000000 -1.000000 0.000000
vn 0.000000 -1.000000 0.000000
vn 0.000000 -1.000000 0.000000
vn 0.000000 -1.000000 0.000000
vn 0.000000 -1.000000 0.000000
vn 0.000000 -1.000000 0.000000
vn 0.000000 -1.000000 0.000000
vn 0.000000 -1.000000 0.000000
vn 0.000000 -1.000000 0.000000
vn 0.000000 -1.000000 0.000000
vn 1.000000 0.000000 0.000000
vn 1.000000 0.000000 0.000000
vn 1.000000 0.000000 0.000000
vn 1.000000 0.000000 0.000000
vn 0.000000 0.000000 1.000000
vn 0.000000 0.000000 1.000000
vn 0.000000 0.000000 1.000000
vn 0.000000 0.000000 1.000000
vn -0.000000 -0.000000 -1.000000
vn -0.000000 -0.000000 -1.000000
vn -0.000000 -0.000000 -1.000000
vn -0.000000 -0.000000 -1.000000
vn 1.000000 0.000000 0.000000
vn 1.000000 0.000000 0.000000
vn 1.000000 0.000000 0.000000
vn 1.000000 0.000000 0.000000
vn -1.000000 0.000000 0.000000
vn -1.000000 0.000000 0.000000
vn -1.000000 0.000000 0.000000
vn -1.000000 0.000000 0.000000
vn -0.000000 -0.000000 -1.000000
vn -0.000000 -0.000000 -1.000000
vn -0.000000 -0.000000 -1.000000
vn -0.000000 -0.000000 -1.000000
vn 0.000000 0.000000 1.000000
vn 0.000000 0.000000 1.000000
vn 0.000000 0.000000 1.000000
vn 0.000000 0.000000 1.000000
vn -1.000000 0.000000 0.000000
vn -1.000000 0.000000 0.000000
vn -1.000000 0.000000 0.000000
vn -1.000000 0.000000 0.000000
vn 0.000000 -1.000000 0.000000
vn 0.000000 -1.000000 0.000000
vn 0.000000 -1.000000 0.000000
vn 0.000000 -1.000000 0.000000
vn 0.000000 -1.000000 0.000000
vn 0.000000 -1.000000 0.000000
vn 0.000000 -1.000000 0.000000
vn 0.000000 -1.000000 0.000000
vn 0.000000 -1.000000 0.000000
vn 0.000000 -1.000000 0.000000
vn 0.000000 -1.000000 0.000000
vn 0.000000 -1.000000 0.000000
vn 0.000000 0.000000 1.000000
vn 0.000000 0.000000 1.000000
vn 0.000000 0.000000 1.000000
vn 0.000000 0.000000 1.000000
vn 0.000000 0.000000 1.000000
vn 0.000000 0.000000 1.000000
vn 0.000000 0.000000 1.000000
vn 0.000000 0.000000 1.000000
vn 1.000000 0.000000 0.000000
vn 1.000000 0.000000 0.000000
vn 1.000000 0.000000 0.000000
vn 1.000000 0.000000 0.000000
vn 1.000000 0.000000 0.000000
vn 1.000000 0.000000 0.000000
vn 1.000000 0.000000 0.000000
vn 1.000000 0.000000 0.000000
vn 0.000000 -1.000000 0.000000
vn 0.000000 -1.000000 0.000000
vn 0.000000 -1.000000 0.000000
vn 0.000000 -1.000000 0.000000
vn 0.000000 -1.000000 0.000000
vn 0.000000 -1.000000 0.000000
vn 0.000000 -1.000000 0.000000
vn 0.000000 -1.000000 0.000000
vn 0.000000 -1.000000 0.000000
vn 0.000000 -1.000000 0.000000
vn 0.000000 -1.000000 0.000000
vn 0.000000 -1.000000 0.000000
vn 1.000000 0.000000 0.000000
vn 1.000000 0.000000 0.000000
vn 1.000000 0.000000 0.000000
vn 1.000000 0.000000 0.000000
vn 0.000000 0.000000 1.000000
vn 0.000000 0.000000 1.000000
vn 0.000000 0.000000 1.000000
vn 0.000000 0.000000 1.000000
vn -0.000000 -0.000000 -1.000000
vn -0.000000 -0.000000 -1.000000
vn -0.000000 -0.000000 -1.000000
vn -0.000000 -0.000000 -1.000000
vn 1.000000 0.000000 0.000000
vn 1.000000 0.000000 0.000000
vn 1.000000 0.000000 0.000000
vn 1.000000 0.000000 0.000000
vn -1.000000 -0.000000 -0.000000
vn -1.000000 -0.000000 -0.000000
vn -1.000000 -0.000000 -0.000000
vn -1.000000 -0.000000 -0.000000
vn -0.000000 -0.000000 -1.000000
vn -0.000000 -0.000000 -1.000000
vn -0.000000 -0.000000 -1.000000
vn -0.000000 -0.000000 -1.000000
vn 0.000000 0.000000 1.000000
vn 0.000000 0.000000 1.000000
vn 0.000000 0.000000 1.000000
vn 0.000000 0.000000 1.000000
vn -1.000000 -0.000000 -0.000000
vn -1.000000 -0.000000 -0.000000
vn -1.000000 -0.000000 -0.000000
vn -1.000000 -0.000000 -0.000000
vn 0.000000 -1.000000 0.000000
vn 0.000000 -1.000000 0.000000
vn 0.000000 -1.000000 0.000000
vn 0.000000 -1.000000 0.000000
vn 0.000000 -1.000000 0.000000
vn 0.000000 -1.000000 0.000000
vn 0.000000 -1.000000 0.000000
vn 0.000000 -1.000000 0.000000
vn 0.000000 -1.000000 0.000000
vn 0.000000 -1.000000 0.000000
vn 0.000000 -1.000000 0.000000
vn 0.000000 -1.000000 0.000000
vn 0.000000 0.000000 1.000000
vn 0.000000 0.000000 1.000000
vn 0.000000 0.000000 1.000000
vn 0.000000 0.000000 1.000000
vn 0.000000 0.000000 1.000000
vn 0.000000 0.000000 1.000000
vn 0.000000 0.000000 1.000000
vn 0.000000 0.000000 1.000000
vn 1.000000 0.000000 0.000000
vn 1.000000 0.000000 0.000000
vn 1.000000 0.000000 0.000000
vn 1.000000 0.000000 0.000000
vn 1.000000 0.000000 0.000000
vn 1.000000 0.000000 0.000000
vn 1.000000 0.000000 0.000000
vn 1.000000 0.000000 0.000000
vn 0.000000 -1.000000 0.000000
vn 0.000000 -1.000000 0.000000
vn 0.000000 -1.000000 0.000000
vn 0.000000 -1.000000 0.000000
vn 0.000000 -1.000000 0.000000
vn 0.000000 -1.000000 0.000000
vn 0.000000 -1.000000 0.000000
vn 0.000000 -1.000000 0.000000
vn 0.000000 -1.000000 0.000000
vn 0.000000 -1.000000 0.000000
vn 0.000000 -1.000000 0.000000
vn 0.000000 -1.000000 0.000000
vn 1.000000 0.000000 0.000000
vn 1.000000 0.000000 0.000000
vn 1.000000 0.000000 0.000000
vn 1.000000 0.000000 0.000000
vn 0.000000 0.000000 1.000000
vn 0.000000 0.000000 1.000000
vn 0.000000 0.000000 1.000000
vn 0.000000 0.000000 1.000000
vn -0.000000 -0.000000 -1.000000
vn -0.000000 -0.000000 -1.000000
vn -0.000000 -0.000000 -1.000000
vn -0.000000 -0.000000 -1.000000
vn 1.000000 0.000000 0.000000
vn 1.000000 0.000000 0.000000
vn 1.000000 0.000000 0.000000
vn 1.000000 0.000000 0.000000
vn -1.000000 -0.000000 -0.000000
vn -1.000000 -0.000000 -0.000000
vn -1.000000 -0.000000 -0.000000
vn -1.000000 -0.000000 -0.000000
vn -0.000000 -0.000000 -1.000000
vn -0.000000 -0.000000 -1.000000
vn -0.000000 -0.000000 -1.000000
vn -0.000000 -0.000000 -1.000000
vn 0.000000 0.000000 1.000000
vn 0.000000 0.000000 1.000000
vn 0.000000 0.000000 1.000000
vn 0.000000 0.000000 1.000000
vn -1.000000 -0.000000 -0.000000
vn -1.000000 -0.000000 -0.000000
vn -1.000000 -0.000000 -0.000000
vn -1.000000 -0.000000 -0.000000
vn 0.000000 -1.000000 0.000000
vn 0.000000 -1.000000 0.000000
vn 0.000000 -1.000000 0.000000
vn 0.000000 -1.000000 0.000000
vn 0.000000 -1.000000 0.000000
vn 0.000000 -1.000000 0.000000
vn 0.000000 -1.000000 0.000000
vn 0.000000 -1.000000 0.000000
vn 0.000000 -1.000000 0.000000
vn 0.000000 -1.000000 0.000000
vn 0.000000 -1.000000 0.000000
vn 0.000000 -1.000000 0.000000
vn 0.000000 0.000000 1.000000
vn 0.000000 0.000000 1.000000
vn 0.000000 0.000000 1.000000
vn 0.000000 0.000000 1.000000
vn 0.000000 0.000000 1.000000
vn 0.000000 0.000000 1.000000
vn 0.000000 0.000000 1.000000
vn 0.000000 0.000000 1.000000
vn 1.000000 0.000000 0.000000
vn 1.000000 0.000000 0.000000
vn 1.000000 0.000000 0.000000
vn 1.000000 0.000000 0.000000
vn 1.000000 0.000000 0.000000
vn 1.000000 0.000000 0.000000
vn 1.000000 0.000000 0.000000
vn 1.000000 0.000000 0.000000
vn 0.000000 -1.000000 0.000000
vn 0.000000 -1.000000 0.000000
vn 0.000000 -1.000000 0.000000
vn 0.000000 -1.000000 0.000000
vn 0.000000 -1.000000 0.000000
vn 0.000000 -1.000000 0.000000
vn 0.000000 -1.000000 0.000000
vn 0.000000 -1.000000 0.000000
vn 0.000000 -1.000000 0.000000
vn 0.000000 -1.000000 0.000000
vn 0.000000 -1.000000 0.000000
vn 0.000000 -1.000000 0.000000
vn 1.000000 0.000000 0.000000
vn 1.000000 0.000000 0.000000
vn 1.000000 0.000000 0.000000
vn 1.000000 0.000000 0.000000
vn -1.000000 0.000000 0.000000
vn -1.000000 0.000000 0.000000
vn -1.000000 0.000000 0.000000
vn -1.000000 0.000000 0.000000
vn -0.000000 -0.000000 -1.000000
vn -0.000000 -0.000000 -1.000000
vn -0.000000 -0.000000 -1.000000
vn -0.000000 -0.000000 -1.000000
vn 0.000000 0.000000 1.000000
vn 0.000000 0.000000 1.000000
vn 0.000000 0.000000 1.000000
vn 0.000000 0.000000 1.000000
vn -1.000000 0.000000 0.000000
vn -1.000000 0.000000 0.000000
vn -1.000000 0.000000 0.000000
vn -1.000000 0.000000 0.000000
vn 1.000000 0.000000 0.000000
vn 1.000000 0.000000 0.000000
vn 1.000000 0.000000 0.000000
vn 1.000000 0.000000 0.000000
vn 0.000000 0.000000 1.000000
vn 0.000000 0.000000 1.000000
vn 0.000000 0.000000 1.000000
vn 0.000000 0.000000 1.000000
vn -0.000000 -0.000000 -1.000000
vn -0.000000 -0.000000 -1.000000
vn -0.000000 -0.000000 -1.000000
vn -0.000000 -0.000000 -1.000000
vn 0.000000 -1.000000 0.000000
vn 0.000000 -1.000000 0.000000
vn 0.000000 -1.000000 0.000000
vn 0.000000 -1.000000 0.000000
vn 0.000000 -1.000000 0.000000
vn 0.000000 -1.000000 0.000000
vn 0.000000 -1.000000 0.000000
vn 0.000000 -1.000000 0.000000
vn 0.000000 -1.000000 0.000000
vn 0.000000 -1.000000 0.000000
vn 0.000000 -1.000000 0.000000
vn 0.000000 -1.000000 0.000000
vn 1.000000 0.000000 0.000000
vn 1.000000 0.000000 0.000000
vn 1.000000 0.000000 0.000000
vn 1.000000 0.000000 0.000000
vn 1.000000 0.000000 0.000000
vn 1.000000 0.000000 0.000000
vn 1.000000 0.000000 0.000000
vn 1.000000 0.000000 0.000000
vn 0.000000 0.000000 -1.000000
vn 0.000000 0.000000 -1.000000
vn 0.000000 0.000000 -1.000000
vn 0.000000 0.000000 -1.000000
vn 0.000000 0.000000 -1.000000
vn 0.000000 0.000000 -1.000000
vn 0.000000 0.000000 -1.000000
vn 0.000000 0.000000 -1.000000
vn 0.000000 -1.000000 0.000000
vn 0.000000 -1.000000 0.000000
vn 0.000000 -1.000000 0.000000
vn 0.000000 -1.000000 0.000000
vn 0.000000 -1.000000 0.000000
vn 0.000000 -1.000000 0.000000
vn 0.000000 -1.000000 0.000000
vn 0.000000 -1.000000 0.000000
vn 0.000000 -1.000000 0.000000
vn 0.000000 -1.000000 0.000000
vn 0.000000 -1.000000 0.000000
vn 0.000000 -1.000000 0.000000
vn -1.000000 0.000000 0.000000
vn -1.000000 0.000000 0.000000
vn -1.000000 0.000000 0.000000
vn -1.000000 0.000000 0.000000
vn -0.000000 -0.000000 -1.000000
vn -0.000000 -0.000000 -1.000000
vn -0.000000 -0.000000 -1.000000
vn -0.000000 -0.000000 -1.000000
vn 0.000000 0.000000 1.000000
vn 0.000000 0.000000 1.000000
vn 0.000000 0.000000 1.000000
vn 0.000000 0.000000 1.000000
vn -1.000000 0.000000 0.000000
vn -1.000000 0.000000 0.000000
vn -1.000000 0.000000 0.000000
vn -1.000000 0.000000 0.000000
vn 1.000000 0.000000 0.000000
vn 1.000000 0.000000 0.000000
vn 1.000000 0.000000 0.000000
vn 1.000000 0.000000 0.000000
vn 0.000000 0.000000 1.000000
vn 0.000000 0.000000 1.000000
vn 0.000000 0.000000 1.000000
vn 0.000000 0.000000 1.000000
vn -0.000000 -0.000000 -1.000000
vn -0.000000 -0.000000 -1.000000
vn -0.000000 -0.000000 -1.000000
vn -0.000000 -0.000000 -1.000000
vn 1.000000 0.000000 0.000000
vn 1.000000 0.000000 0.000000
vn 1.000000 0.000000 0.000000
vn 1.000000 0.000000 0.000000
vn 0.000000 -1.000000 0.000000
vn 0.000000 -1.000000 0.000000
vn 0.000000 -1.000000 0.000000
vn 0.000000 -1.000000 0.000000
vn 0.000000 -1.000000 0.000000
vn 0.000000 -1.000000 0.000000
vn 0.000000 -1.000000 0.000000
vn 0.000000 -1.000000 0.000000
vn 0.000000 -1.000000 0.000000
vn 0.000000 -1.000000 0.000000
vn 0.000000 -1.000000 0.000000
vn 0.000000 -1.000000 0.000000
vn 1.000000 0.000000 0.000000
vn 1.000000 0.000000 0.000000
vn 1.000000 0.000000 0.000000
vn 1.000000 0.000000 0.000000
vn 1.000000 0.000000 0.000000
vn 1.000000 0.000000 0.000000
vn 1.000000 0.000000 0.000000
vn 1.000000 0.000000 0.000000
vn 0.000000 0.000000 -1.000000
vn 0.000000 0.000000 -1.000000
vn 0.000000 0.000000 -1.000000
vn 0.000000 0.000000 -1.000000
vn 0.000000 0.000000 -1.000000
vn 0.000000 0.000000 -1.000000
vn 0.000000 0.000000 -1.000000
vn 0.000000 0.000000 -1.000000
vn 0.000000 -1.000000 0.000000
vn 0.000000 -1.000000 0.000000
vn 0.000000 -1.000000 0.000000
vn 0.000000 -1.000000 0.000000
vn 0.000000 -1.000000 0.000000
vn 0.000000 -1.000000 0.000000
vn 0.000000 -1.000000 0.000000
vn 0.000000 -1.000000 0.000000
vn 0.000000 -1.000000 0.000000
vn 0.000000 -1.000000 0.000000
vn 0.000000 -1.000000 0.000000
vn 0.000000 -1.000000 0.000000
vn 1.000000 0.000000 0.000000
vn 1.000000 0.000000 0.000000
vn 1.000000 0.000000 0.000000
vn 1.000000 0.000000 0.000000
vn -1.000000 0.000000 0.000000
vn -1.000000 0.000000 0.000000
vn -1.000000 0.000000 0.000000
vn -1.000000 0.000000 0.000000
vn -0.000000 -0.000000 -1.000000
vn -0.000000 -0.000000 -1.000000
vn -0.000000 -0.000000 -1.000000
vn -0.000000 -0.000000 -1.000000
vn 0.000000 0.000000 1.000000
vn 0.000000 0.000000 1.000000
vn 0.000000 0.000000 1.000000
vn 0.000000 0.000000 1.000000
vn -1.000000 0.000000 0.000000
vn -1.000000 0.000000 0.000000
vn -1.000000 0.000000 0.000000
vn -1.000000 0.000000 0.000000
vn 1.000000 0.000000 0.000000
vn 1.000000 0.000000 0.000000
vn 1.000000 0.000000 0.000000
vn 1.000000 0.000000 0.000000
vn 0.000000 0.000000 1.000000
vn 0.000000 0.000000 1.000000
vn 0.000000 0.000000 1.000000
vn 0.000000 0.000000 1.000000
vn -0.000000 -0.000000 -1.000000
vn -0.000000 -0.000000 -1.000000
vn -0.000000 -0.000000 -1.000000
vn -0.000000 -0.000000 -1.000000
vn 0.000000 -1.000000 0.000000
vn 0.000000 -1.000000 0.000000
vn 0.000000 -1.000000 0.000000
vn 0.000000 -1.000000 0.000000
vn 0.000000 -1.000000 0.000000
vn 0.000000 -1.000000 0.000000
vn 0.000000 -1.000000 0.000000
vn 0.000000 -1.000000 0.000000
vn 0.000000 -1.000000 0.000000
vn 0.000000 -1.000000 0.000000
vn 0.000000 -1.000000 0.000000
vn 0.000000 -1.000000 0.000000
vn 1.000000 0.000000 0.000000
vn 1.000000 0.000000 0.000000
vn 1.000000 0.000000 0.000000
vn 1.000000 0.000000 0.000000
vn 1.000000 0.000000 0.000000
vn 1.000000 0.000000 0.000000
vn 1.000000 0.000000 0.000000
vn 1.000000 0.000000 0.000000
vn 0.000000 0.000000 -1.000000
vn 0.000000 0.000000 -1.000000
vn 0.000000 0.000000 -1.000000
vn 0.000000 0.000000 -1.000000
vn 0.000000 0.000000 -1.000000
vn 0.000000 0.000000 -1.000000
vn 0.000000 0.000000 -1.000000
vn 0.000000 0.000000 -1.000000
vn 0.000000 -1.000000 0.000000
vn 0.000000 -1.000000 0.000000
vn 0.000000 -1.000000 0.000000
vn 0.000000 -1.000000 0.000000
vn 0.000000 -1.000000 0.000000
vn 0.000000 -1.000000 0.000000
vn 0.000000 -1.000000 0.000000
vn 0.000000 -1.000000 0.000000
vn 0.000000 -1.000000 0.000000
vn 0.000000 -1.000000 0.000000
vn 0.000000 -1.000000 0.000000
vn 0.000000 -1.000000 0.000000
vn 1.000000 0.000000 0.000000
vn 1.000000 0.000000 0.000000
vn 1.000000 0.000000 0.000000
vn 1.000000 0.000000 0.000000
vn 0.000000 0.000000 1.000000
vn 0.000000 0.000000 1.000000
vn 0.000000 0.000000 1.000000
vn 0.000000 0.000000 1.000000
vn -0.000000 -0.000000 -1.000000
vn -0.000000 -0.000000 -1.000000
vn -0.000000 -0.000000 -1.000000
vn -0.000000 -0.000000 -1.000000
vn 1.000000 0.000000 0.000000
vn 1.000000 0.000000 0.000000
vn 1.000000 0.000000 0.000000
vn 1.000000 0.000000 0.000000
vn -1.000000 -0.000000 -0.000000
vn -1.000000 -0.000000 -0.000000
vn -1.000000 -0.000000 -0.000000
vn -1.000000 -0.000000 -0.000000
vn -0.000000 -0.000000 -1.000000
vn -0.000000 -0.000000 -1.000000
vn -0.000000 -0.000000 -1.000000
vn -0.000000 -0.000000 -1.000000
vn 0.000000 0.000000 1.000000
vn 0.000000 0.000000 1.000000
vn 0.000000 0.000000 1.000000
vn 0.000000 0.000000 1.000000
vn -1.000000 -0.000000 -0.000000
vn -1.000000 -0.000000 -0.000000
vn -1.000000 -0.000000 -0.000000
vn -1.000000 -0.000000 -0.000000
vn 0.000000 -1.000000 0.000000
vn 0.000000 -1.000000 0.000000
vn 0.000000 -1.000000 0.000000
vn 0.000000 -1.000000 0.000000
vn 0.000000 -1.000000 0.000000
vn 0.000000 -1.000000 0.000000
vn 0.000000 -1.000000 0.000000
vn 0.000000 -1.000000 0.000000
vn 0.000000 -1.000000 0.000000
vn 0.000000 -1.000000 0.000000
vn 0.000000 -1.000000 0.000000
vn 0.000000 -1.000000 0.000000
vn 0.000000 0.000000 1.000000
vn 0.000000 0.000000 1.000000
vn 0.000000 0.000000 1.000000
vn 0.000000 0.000000 1.000000
vn 0.000000 0.000000 1.000000
vn 0.000000 0.000000 1.000000
vn 0.000000 0.000000 1.000000
vn 0.000000 0.000000 1.000000
vn 1.000000 0.000000 0.000000
vn 1.000000 0.000000 0.000000
vn 1.000000 0.000000 0.000000
vn 1.000000 0.000000 0.000000
vn 1.000000 0.000000 0.000000
vn 1.000000 0.000000 0.000000
vn 1.000000 0.000000 0.000000
vn 1.000000 0.000000 0.000000
vn 0.000000 -1.000000 0.000000
vn 0.000000 -1.000000 0.000000
vn 0.000000 -1.000000 0.000000
vn 0.000000 -1.000000 0.000000
vn 0.000000 -1.000000 0.000000
vn 0.000000 -1.000000 0.000000
vn 0.000000 -1.000000 0.000000
vn 0.000000 -1.000000 0.000000
vn 0.000000 -1.000000 0.000000
vn 0.000000 -1.000000 0.000000
vn 0.000000 -1.000000 0.000000
vn 0.000000 -1.000000 0.000000
vn 1.000000 0.000000 0.000000
vn 1.000000 0.000000 0.000000
vn 1.000000 0.000000 0.000000
vn 1.000000 0.000000 0.000000
vn -1.000000 0.000000 0.000000
vn -1.000000 0.000000 0.000000
vn -1.000000 0.000000 0.000000
vn -1.000000 0.000000 0.000000
vn -0.000000 -0.000000 -1.000000
vn -0.000000 -0.000000 -1.000000
vn -0.000000 -0.000000 -1.000000
vn -0.000000 -0.000000 -1.000000
vn 0.000000 0.000000 1.000000
vn 0.000000 0.000000 1.000000
vn 0.000000 0.000000 1.000000
vn 0.000000 0.000000 1.000000
vn -1.000000 0.000000 0.000000
vn -1.000000 0.000000 0.000000
vn -1.000000 0.000000 0.000000
vn -1.000000 0.000000 0.000000
vn 1.000000 0.000000 0.000000
vn 1.000000 0.000000 0.000000
vn 1.000000 0.000000 0.000000
vn 1.000000 0.000000 0.000000
vn 0.000000 0.000000 1.000000
vn 0.000000 0.000000 1.000000
vn 0.000000 0.000000 1.000000
vn 0.000000 0.000000 1.000000
vn -0.000000 -0.000000 -1.000000
vn -0.000000 -0.000000 -1.000000
vn -0.000000 -0.000000 -1.000000
vn -0.000000 -0.000000 -1.000000
vn 0.000000 -1.000000 0.000000
vn 0.000000 -1.000000 0.000000
vn 0.000000 -1.000000 0.000000
vn 0.000000 -1.000000 0.000000
vn 0.000000 -1.000000 0.000000
vn 0.000000 -1.000000 0.000000
vn 0.000000 -1.000000 0.000000
vn 0.000000 -1.000000 0.000000
vn 0.000000 -1.000000 0.000000
vn 0.000000 -1.000000 0.000000
vn 0.000000 -1.000000 0.000000
vn 0.000000 -1.000000 0.000000
vn 1.000000 0.000000 0.000000
vn 1.000000 0.000000 0.000000
vn 1.000000 0.000000 0.000000
vn 1.000000 0.000000 0.000000
vn 1.000000 0.000000 0.000000
vn 1.000000 0.000000 0.000000
vn 1.000000 0.000000 0.000000
vn 1.000000 0.000000 0.000000
vn 0.000000 0.000000 -1.000000
vn 0.000000 0.000000 -1.000000
vn 0.000000 0.000000 -1.000000
vn 0.000000 0.000000 -1.000000
vn 0.000000 0.000000 -1.000000
vn 0.000000 0.000000 -1.000000
vn 0.000000 0.000000 -1.000000
vn 0.000000 0.000000 -1.000000
vn 0.000000 -1.000000 0.000000
vn 0.000000 -1.000000 0.000000
vn 0.000000 -1.000000 0.000000
vn 0.000000 -1.000000 0.000000
vn 0.000000 -1.000000 0.000000
vn 0.000000 -1.000000 0.000000
vn 0.000000 -1.000000 0.000000
vn 0.000000 -1.000000 0.000000
vn 0.000000 -1.000000 0.000000
vn 0.000000 -1.000000 0.000000
vn 0.000000 -1.000000 0.000000
vn 0.000000 -1.000000 0.000000
vn -0.000000 -0.000000 -1.000000
vn -0.000000 -0.000000 -1.000000
vn -0.000000 -0.000000 -1.000000
vn -0.000000 -0.000000 -1.000000
vn 1.000000 0.000000 0.000000
vn 1.000000 0.000000 0.000000
vn 1.000000 0.000000 0.000000
vn 1.000000 0.000000 0.000000
vn -1.000000 0.000000 0.000000
vn -1.000000 0.000000 0.000000
vn -1.000000 0.000000 0.000000
vn -1.000000 0.000000 0.000000
vn -0.000000 -0.000000 -1.000000
vn -0.000000 -0.000000 -1.000000
vn -0.000000 -0.000000 -1.000000
vn -0.000000 -0.000000 -1.000000
vn 0.000000 0.000000 1.000000
vn 0.000000 0.000000 1.000000
vn 0.000000 0.000000 1.000000
vn 0.000000 0.000000 1.000000
vn -1.000000 0.000000 0.000000
vn -1.000000 0.000000 0.000000
vn -1.000000 0.000000 0.000000
vn -1.000000 0.000000 0.000000
vn 1.000000 0.000000 0.000000
vn 1.000000 0.000000 0.000000
vn 1.000000 0.000000 0.000000
vn 1.000000 0.000000 0.000000
vn 0.000000 0.000000 1.000000
vn 0.000000 0.000000 1.000000
vn 0.000000 0.000000 1.000000
vn 0.000000 0.000000 1.000000
vn 0.000000 -1.000000 0.000000
vn 0.000000 -1.000000 0.000000
vn 0.000000 -1.000000 0.000000
vn 0.000000 -1.000000 0.000000
vn 0.000000 -1.000000 0.000000
vn 0.000000 -1.000000 0.000000
vn 0.000000 -1.000000 0.000000
vn 0.000000 -1.000000 0.000000
vn 0.000000 -1.000000 0.000000
vn 0.000000 -1.000000 0.000000
vn 0.000000 -1.000000 0.000000
vn 0.000000 -1.000000 0.000000
vn 1.000000 0.000000 0.000000
vn 1.000000 0.000000 0.000000
vn 1.000000 0.000000 0.000000
vn 1.000000 0.000000 0.000000
vn 1.000000 0.000000 0.000000
vn 1.000000 0.000000 0.000000
vn 1.000000 0.000000 0.000000
vn 1.000000 0.000000 0.000000
vn 0.000000 0.000000 -1.000000
vn 0.000000 0.000000 -1.000000
vn 0.000000 0.000000 -1.000000
vn 0.000000 0.000000 -1.000000
vn 0.000000 0.000000 -1.000000
vn 0.000000 0.000000 -1.000000
vn 0.000000 0.000000 -1.000000
vn 0.000000 0.000000 -1.000000
vn 0.000000 -1.000000 0.000000
vn 0.000000 -1.000000 0.000000
vn 0.000000 -1.000000 0.000000
vn 0.000000 -1.000000 0.000000
vn 0.000000 -1.000000 0.000000
vn 0.000000 -1.000000 0.000000
vn 0.000000 -1.000000 0.000000
vn 0.000000 -1.000000 0.000000
vn 0.000000 -1.000000 0.000000
vn 0.000000 -1.000000 0.000000
vn 0.000000 -1.000000 0.000000
vn 0.000000 -1.000000 0.000000
vn -0.000000 -0.000000 -1.000000
vn -0.000000 -0.000000 -1.000000
vn -0.000000 -0.000000 -1.000000
vn -0.000000 -0.000000 -1.000000
vn 1.000000 0.000000 0.000000
vn 1.000000 0.000000 0.000000
vn 1.000000 0.000000 0.000000
vn 1.000000 0.000000 0.000000
vn -1.000000 0.000000 0.000000
vn -1.000000 0.000000 0.000000
vn -1.000000 0.000000 0.000000
vn -1.000000 0.000000 0.000000
vn -0.000000 -0.000000 -1.000000
vn -0.000000 -0.000000 -1.000000
vn -0.000000 -0.000000 -1.000000
vn -0.000000 -0.000000 -1.000000
vn 0.000000 0.000000 1.000000
vn 0.000000 0.000000 1.000000
vn 0.000000 0.000000 1.000000
vn 0.000000 0.000000 1.000000
vn -1.000000 0.000000 0.000000
vn -1.000000 0.000000 0.000000
vn -1.000000 0.000000 0.000000
vn -1.000000 0.000000 0.000000
vn 1.000000 0.000000 0.000000
vn 1.000000 0.000000 0.000000
vn 1.000000 0.000000 0.000000
vn 1.000000 0.000000 0.000000
vn 0.000000 0.000000 1.000000
vn 0.000000 0.000000 1.000000
vn 0.000000 0.000000 1.000000
vn 0.000000 0.000000 1.000000
vn 0.000000 -1.000000 0.000000
vn 0.000000 -1.000000 0.000000
vn 0.000000 -1.000000 0.000000
vn 0.000000 -1.000000 0.000000
vn 0.000000 -1.000000 0.000000
vn 0.000000 -1.000000 0.000000
vn 0.000000 -1.000000 0.000000
vn 0.000000 -1.000000 0.000000
vn 0.000000 -1.000000 0.000000
vn 0.000000 -1.000000 0.000000
vn 0.000000 -1.000000 0.000000
vn 0.000000 -1.000000 0.000000
vn 1.000000 0.000000 0.000000
vn 1.000000 0.000000 0.000000
vn 1.000000 0.000000 0.000000
vn 1.000000 0.000000 0.000000
vn 1.000000 0.000000 0.000000
vn 1.000000 0.000000 0.000000
vn 1.000000 0.000000 0.000000
vn 1.000000 0.000000 0.000000
vn 0.000000 0.000000 -1.000000
vn 0.000000 0.000000 -1.000000
vn 0.000000 0.000000 -1.000000
vn 0.000000 0.000000 -1.000000
vn 0.000000 0.000000 -1.000000
vn 0.000000 0.000000 -1.000000
vn 0.000000 0.000000 -1.000000
vn 0.000000 0.000000 -1.000000
vn 0.000000 -1.000000 0.000000
vn 0.000000 -1.000000 0.000000
vn 0.000000 -1.000000 0.000000
vn 0.000000 -1.000000 0.000000
vn 0.000000 -1.000000 0.000000
vn 0.000000 -1.000000 0.000000
vn 0.000000 -1.000000 0.000000
vn 0.000000 -1.000000 0.000000
vn 0.000000 -1.000000 0.000000
vn 0.000000 -1.000000 0.000000
vn 0.000000 -1.000000 0.000000
vn 0.000000 -1.000000 0.000000
vn 1.000000 0.000000 0.000000
vn 1.000000 0.000000 0.000000
vn 1.000000 0.000000 0.000000
vn 1.000000 0.000000 0.000000
vn 0.000000 0.000000 1.000000
vn 0.000000 0.000000 1.000000
vn 0.000000 0.000000 1.000000
vn 0.000000 0.000000 1.000000
vn -0.000000 -0.000000 -1.000000
vn -0.000000 -0.000000 -1.000000
vn -0.000000 -0.000000 -1.000000
vn -0.000000 -0.000000 -1.000000
vn 1.000000 0.000000 0.000000
vn 1.000000 0.000000 0.000000
vn 1.000000 0.000000 0.000000
vn 1.000000 0.000000 0.000000
vn -1.000000 -0.000000 -0.000000
vn -1.000000 -0.000000 -0.000000
vn -1.000000 -0.000000 -0.000000
vn -1.000000 -0.000000 -0.000000
vn -0.000000 -0.000000 -1.000000
vn -0.000000 -0.000000 -1.000000
vn -0.000000 -0.000000 -1.000000
vn -0.000000 -0.000000 -1.000000
vn 0.000000 0.000000 1.000000
vn 0.000000 0.000000 1.000000
vn 0.000000 0.000000 1.000000
vn 0.000000 0.000000 1.000000
vn -1.000000 -0.000000 -0.000000
vn -1.000000 -0.000000 -0.000000
vn -1.000000 -0.000000 -0.000000
vn -1.000000 -0.000000 -0.000000
vn 0.000000 -1.000000 0.000000
vn 0.000000 -1.000000 0.000000
vn 0.000000 -1.000000 0.000000
vn 0.000000 -1.000000 0.000000
vn 0.000000 -1.000000 0.000000
vn 0.000000 -1.000000 0.000000
vn 0.000000 -1.000000 0.000000
vn 0.000000 -1.000000 0.000000
vn 0.000000 -1.000000 0.000000
vn 0.000000 -1.000000 0.000000
vn 0.000000 -1.000000 0.000000
vn 0.000000 -1.000000 0.000000
vn 0.000000 0.000000 1.000000
vn 0.000000 0.000000 1.000000
vn 0.000000 0.000000 1.000000
vn 0.000000 0.000000 1.000000
vn 0.000000 0.000000 1.000000
vn 0.000000 0.000000 1.000000
vn 0.000000 0.000000 1.000000
vn 0.000000 0.000000 1.000000
vn 1.000000 0.000000 0.000000
vn 1.000000 0.000000 0.000000
vn 1.000000 0.000000 0.000000
vn 1.000000 0.000000 0.000000
vn 1.000000 0.000000 0.000000
vn 1.000000 0.000000 0.000000
vn 1.000000 0.000000 0.000000
vn 1.000000 0.000000 0.000000
vn 0.000000 -1.000000 0.000000
vn 0.000000 -1.000000 0.000000
vn 0.000000 -1.000000 0.000000
vn 0.000000 -1.000000 0.000000
vn 0.000000 -1.000000 0.000000
vn 0.000000 -1.000000 0.000000
vn 0.000000 -1.000000 0.000000
vn 0.000000 -1.000000 0.000000
vn 0.000000 -1.000000 0.000000
vn 0.000000 -1.000000 0.000000
vn 0.000000 -1.000000 0.000000
vn 0.000000 -1.000000 0.000000
vn -1.000000 -0.000000 -0.000000
vn -1.000000 -0.000000 -0.000000
vn -1.000000 -0.000000 -0.000000
vn -1.000000 -0.000000 -0.000000
vn -1.000000 -0.000000 -0.000000
vn -1.000000 -0.000000 -0.000000
vn -1.000000 -0.000000 -0.000000
vn -1.000000 -0.000000 -0.000000
vn 0.000000 0.000000 1.000000
vn 0.000000 0.000000 1.000000
vn 0.000000 0.000000 1.000000
vn 0.000000 0.000000 1.000000
vn 0.000000 0.000000 1.000000
vn 0.000000 0.000000 1.000000
vn 0.000000 0.000000 1.000000
vn 0.000000 0.000000 1.000000
vn 1.000000 0.000000 0.000000
vn 1.000000 0.000000 0.000000
vn 1.000000 0.000000 0.000000
vn 1.000000 0.000000 0.000000
vn -0.000000 -0.000000 -1.000000
vn -0.000000 -0.000000 -1.000000
vn -0.000000 -0.000000 -1.000000
vn -0.000000 -0.000000 -1.000000
vn -1.000000 0.000000 0.000000
vn -1.000000 0.000000 0.000000
vn -1.000000 0.000000 0.000000
vn -1.000000 0.000000 0.000000
vn 0.000000 0.000000 1.000000
vn 0.000000 0.000000 1.000000
vn 0.000000 0.000000 1.000000
vn 0.000000 0.000000 1.000000
vn 0.000000 -1.000000 0.000000
vn 0.000000 -1.000000 0.000000
vn 0.000000 -1.000000 0.000000
vn 0.000000 -1.000000 0.000000
vn 0.000000 -1.000000 0.000000
vn 0.000000 -1.000000 0.000000
vn 0.000000 -1.000000 0.000000
vn 0.000000 -1.000000 0.000000
vn 0.000000 -1.000000 0.000000
vn 0.000000 -1.000000 0.000000
vn 0.000000 -1.000000 0.000000
vn 0.000000 -1.000000 0.000000
vn 0.000000 -1.000000 0.000000
vn 0.000000 -1.000000 0.000000
vn 0.000000 -1.000000 0.000000
vn 0.000000 -1.000000 0.000000
vn 0.000000 -1.000000 0.000000
vn 0.000000 -1.000000 0.000000
vn 0.000000 -1.000000 0.000000
vn 0.000000 -1.000000 0.000000
vn 0.000000 -1.000000 0.000000
vn 0.000000 -1.000000 0.000000
vn 0.000000 -1.000000 0.000000
vn 0.000000 -1.000000 0.000000
vn 0.000000 -1.000000 0.000000
vn 0.000000 -1.000000 0.000000
vn 0.000000 -1.000000 0.000000
vn 0.000000 -1.000000 0.000000
vn 0.000000 -1.000000 0.000000
vn 0.000000 -1.000000 0.000000
vn 0.000000 -1.000000 0.000000
vn 0.000000 -1.000000 0.000000
vn 0.000000 -1.000000 0.000000
vn 0.000000 -1.000000 0.000000
vn 0.000000 -1.000000 0.000000
vn 0.000000 -1.000000 0.000000
vn 0.000000 -1.000000 0.000000
vn 0.000000 -1.000000 0.000000
vn 0.000000 -1.000000 0.000000
vn 0.000000 -1.000000 0.000000
vn 0.000000 -1.000000 0.000000
vn 0.000000 -1.000000 0.000000
vn 0.000000 -1.000000 0.000000
vn 0.000000 -1.000000 0.000000
vn 0.000000 -1.000000 0.000000
vn 0.000000 -1.000000 0.000000
vn 0.000000 -1.000000 0.000000
vn 0.000000 -1.000000 0.000000
vn -1.000000 -0.000000 -0.000000
vn -1.000000 -0.000000 -0.000000
vn -1.000000 -0.000000 -0.000000
vn -1.000000 -0.000000 -0.000000
vn -1.000000 -0.000000 -0.000000
vn -1.000000 -0.000000 -0.000000
vn -1.000000 -0.000000 -0.000000
vn -1.000000 -0.000000 -0.000000
vn 0.000000 0.000000 1.000000
vn 0.000000 0.000000 1.000000
vn 0.000000 0.000000 1.000000
vn 0.000000 0.000000 1.000000
vn 0.000000 0.000000 1.000000
vn 0.000000 0.000000 1.000000
vn 0.000000 0.000000 1.000000
vn 0.000000 0.000000 1.000000
vn 0.000000 0.000000 1.000000
vn 0.000000 0.000000 1.000000
vn 0.000000 0.000000 1.000000
vn 0.000000 0.000000 1.000000
vn 1.000000 0.000000 0.000000
vn 1.000000 0.000000 0.000000
vn 1.000000 0.000000 0.000000
vn 1.000000 0.000000 0.000000
vn 0.000000 0.000000 -1.000000
vn 0.000000 0.000000 -1.000000
vn 0.000000 0.000000 -1.000000
vn 0.000000 0.000000 -1.000000
vn -1.000000 -0.000000 -0.000000
vn -1.000000 -0.000000 -0.000000
vn -1.000000 -0.000000 -0.000000
vn -1.000000 -0.000000 -0.000000
vn 0.000000 -1.000000 0.000000
vn 0.000000 -1.000000 0.000000
vn 0.000000 -1.000000 0.000000
vn 0.000000 -1.000000 0.000000
vn 0.000000 -1.000000 0.000000
vn 0.000000 -1.000000 0.000000
vn 0.000000 -1.000000 0.000000
vn 0.000000 -1.000000 0.000000
vn 0.000000 -1.000000 0.000000
vn 0.000000 -1.000000 0.000000
vn 0.000000 -1.000000 0.000000
vn 0.000000 -1.000000 0.000000
vn -1.000000 -0.000000 -0.000000
vn -1.000000 -0.000000 -0.000000
vn -1.000000 -0.000000 -0.000000
vn -1.000000 -0.000000 -0.000000
vn -1.000000 -0.000000 -0.000000
vn -1.000000 -0.000000 -0.000000
vn -1.000000 -0.000000 -0.000000
vn -1.000000 -0.000000 -0.000000
vn 0.000000 0.000000 -1.000000
vn 0.000000 0.000000 -1.000000
vn 0.000000 0.000000 -1.000000
vn 0.000000 0.000000 -1.000000
vn 0.000000 0.000000 -1.000000
vn 0.000000 0.000000 -1.000000
vn 0.000000 0.000000 -1.000000
vn 0.000000 0.000000 -1.000000
vn -1.000000 0.000000 0.000000
vn -1.000000 0.000000 0.000000
vn -1.000000 0.000000 0.000000
vn -1.000000 0.000000 0.000000
vn 0.000000 0.000000 1.000000
vn 0.000000 0.000000 1.000000
vn 0.000000 0.000000 1.000000
vn 0.000000 0.000000 1.000000
vn 1.000000 0.000000 0.000000
vn 1.000000 0.000000 0.000000
vn 1.000000 0.000000 0.000000
vn 1.000000 0.000000 0.000000
vn -0.000000 -0.000000 -1.000000
vn -0.000000 -0.000000 -1.000000
vn -0.000000 -0.000000 -1.000000
vn -0.000000 -0.000000 -1.000000
vn 0.000000 -1.000000 0.000000
vn 0.000000 -1.000000 0.000000
vn 0.000000 -1.000000 0.000000
vn 0.000000 -1.000000 0.000000
vn 0.000000 -1.000000 0.000000
vn 0.000000 -1.000000 0.000000
vn 0.000000 -1.000000 0.000000
vn 0.000000 -1.000000 0.000000
vn 0.000000 -1.000000 0.000000
vn 0.000000 -1.000000 0.000000
vn 0.000000 -1.000000 0.000000
vn 0.000000 -1.000000 0.000000
vn 1.000000 0.000000 0.000000
vn 1.000000 0.000000 0.000000
vn 1.000000 0.000000 0.000000
vn 1.000000 0.000000 0.000000
vn 1.000000 0.000000 0.000000
vn 1.000000 0.000000 0.000000
vn 1.000000 0.000000 0.000000
vn 1.000000 0.000000 0.000000
vn 0.000000 0.000000 -1.000000
vn 0.000000 0.000000 -1.000000
vn 0.000000 0.000000 -1.000000
vn 0.000000 0.000000 -1.000000
vn 0.000000 0.000000 -1.000000
vn 0.000000 0.000000 -1.000000
vn 0.000000 0.000000 -1.000000
vn 0.000000 0.000000 -1.000000
vn 0.000000 0.000000 1.000000
vn 0.000000 0.000000 1.000000
vn 0.000000 0.000000 1.000000
vn 0.000000 0.000000 1.000000
vn 1.000000 0.000000 0.000000
vn 1.000000 0.000000 0.000000
vn 1.000000 0.000000 0.000000
vn 1.000000 0.000000 0.000000
vn -0.000000 -0.000000 -1.000000
vn -0.000000 -0.000000 -1.000000
vn -0.000000 -0.000000 -1.000000
vn -0.000000 -0.000000 -1.000000
vn -1.000000 -0.000000 -0.000000
vn -1.000000 -0.000000 -0.000000
vn -1.000000 -0.000000 -0.000000
vn -1.000000 -0.000000 -0.000000
vn 0.000000 -1.000000 0.000000
vn 0.000000 -1.000000 0.000000
vn 0.000000 -1.000000 0.000000
vn 0.000000 -1.000000 0.000000
vn 0.000000 -1.000000 0.000000
vn 0.000000 -1.000000 0.000000
vn 0.000000 -1.000000 0.000000
vn 0.000000 -1.000000 0.000000
vn 0.000000 -1.000000 0.000000
vn 0.000000 -1.000000 0.000000
vn 0.000000 -1.000000 0.000000
vn 0.000000 -1.000000 0.000000
vn 0.000000 -1.000000 0.000000
vn 0.000000 -1.000000 0.000000
vn 0.000000 -1.000000 0.000000
vn 0.000000 -1.000000 0.000000
vn 0.000000 -1.000000 0.000000
vn 0.000000 -1.000000 0.000000
vn 0.000000 -1.000000 0.000000
vn 0.000000 -1.000000 0.000000
vn 0.000000 -1.000000 0.000000
vn 0.000000 -1.000000 0.000000
vn 0.000000 -1.000000 0.000000
vn 0.000000 -1.000000 0.000000
vn 0.000000 -1.000000 0.000000
vn 0.000000 -1.000000 0.000000
vn 0.000000 -1.000000 0.000000
vn 0.000000 -1.000000 0.000000
vn 0.000000 -1.000000 0.000000
vn 0.000000 -1.000000 0.000000
vn 0.000000 -1.000000 0.000000
vn 0.000000 -1.000000 0.000000
vn 0.000000 -1.000000 0.000000
vn 0.000000 -1.000000 0.000000
vn 0.000000 -1.000000 0.000000
vn 0.000000 -1.000000 0.000000
vn 0.000000 -1.000000 0.000000
vn 0.000000 -1.000000 0.000000
vn 0.000000 -1.000000 0.000000
vn 0.000000 -1.000000 0.000000
vn 0.000000 -1.000000 0.000000
vn 0.000000 -1.000000 0.000000
vn 0.000000 -1.000000 0.000000
vn 0.000000 -1.000000 0.000000
vn 0.000000 -1.000000 0.000000
vn 0.000000 -1.000000 0.000000
vn 0.000000 -1.000000 0.000000
vn 0.000000 -1.000000 0.000000
vn 0.000000 0.000000 -1.000000
vn 0.000000 0.000000 -1.000000
vn 0.000000 0.000000 -1.000000
vn 0.000000 0.000000 -1.000000
vn 0.000000 0.000000 -1.000000
vn 0.000000 0.000000 -1.000000
vn 0.000000 0.000000 -1.000000
vn 0.000000 0.000000 -1.000000
vn -1.000000 -0.000000 -0.000000
vn -1.000000 -0.000000 -0.000000
vn -1.000000 -0.000000 -0.000000
vn -1.000000 -0.000000 -0.000000
vn -1.000000 -0.000000 -0.000000
vn -1.000000 -0.000000 -0.000000
vn -1.000000 -0.000000 -0.000000
vn -1.000000 -0.000000 -0.000000
vn 0.000000 0.000000 -1.000000
vn 0.000000 0.000000 -1.000000
vn 0.000000 0.000000 -1.000000
vn 0.000000 0.000000 -1.000000
vn -1.000000 -0.000000 -0.000000
vn -1.000000 -0.000000 -0.000000
vn -1.000000 -0.000000 -0.000000
vn -1.000000 -0.000000 -0.000000
vn 0.000000 0.000000 1.000000
vn 0.000000 0.000000 1.000000
vn 0.000000 0.000000 1.000000
vn 0.000000 0.000000 1.000000
vn 1.000000 0.000000 0.000000
vn 1.000000 0.000000 0.000000
vn 1.000000 0.000000 0.000000
vn 1.000000 0.000000 0.000000
vn 0.000000 -1.000000 0.000000
vn 0.000000 -1.000000 0.000000
vn 0.000000 -1.000000 0.000000
vn 0.000000 -1.000000 0.000000
vn 0.000000 -1.000000 0.000000
vn 0.000000 -1.000000 0.000000
vn 0.000000 -1.000000 0.000000
vn 0.000000 -1.000000 0.000000
vn 0.000000 -1.000000 0.000000
vn 0.000000 -1.000000 0.000000
vn 0.000000 -1.000000 0.000000
vn 0.000000 -1.000000 0.000000
vn -1.000000 -0.000000 -0.000000
vn -1.000000 -0.000000 -0.000000
vn -1.000000 -0.000000 -0.000000
vn -1.000000 -0.000000 -0.000000
vn -1.000000 -0.000000 -0.000000
vn -1.000000 -0.000000 -0.000000
vn -1.000000 -0.000000 -0.000000
vn -1.000000 -0.000000 -0.000000
vn 0.000000 0.000000 -1.000000
vn 0.000000 0.000000 -1.000000
vn 0.000000 0.000000 -1.000000
vn 0.000000 0.000000 -1.000000
vn 0.000000 0.000000 -1.000000
vn 0.000000 0.000000 -1.000000
vn 0.000000 0.000000 -1.000000
vn 0.000000 0.000000 -1.000000
vn 1.000000 0.000000 0.000000
vn 1.000000 0.000000 0.000000
vn 1.000000 0.000000 0.000000
vn 1.000000 0.000000 0.000000
vn -0.000000 -0.000000 -1.000000
vn -0.000000 -0.000000 -1.000000
vn -0.000000 -0.000000 -1.000000
vn -0.000000 -0.000000 -1.000000
vn -1.000000 0.000000 0.000000
vn -1.000000 0.000000 0.000000
vn -1.000000 0.000000 0.000000
vn -1.000000 0.000000 0.000000
vn 0.000000 0.000000 1.000000
vn 0.000000 0.000000 1.000000
vn 0.000000 0.000000 1.000000
vn 0.000000 0.000000 1.000000
vn 0.000000 -1.000000 0.000000
vn 0.000000 -1.000000 0.000000
vn 0.000000 -1.000000 0.000000
vn 0.000000 -1.000000 0.000000
vn 0.000000 -1.000000 0.000000
vn 0.000000 -1.000000 0.000000
vn 0.000000 -1.000000 0.000000
vn 0.000000 -1.000000 0.000000
vn 0.000000 -1.000000 0.000000
vn 0.000000 -1.000000 0.000000
vn 0.000000 -1.000000 0.000000
vn 0.000000 -1.000000 0.000000
vn 0.000000 0.000000 -1.000000
vn 0.000000 0.000000 -1.000000
vn 0.000000 0.000000 -1.000000
vn 0.000000 0.000000 -1.000000
vn 0.000000 0.000000 -1.000000
vn 0.000000 0.000000 -1.000000
vn 0.000000 0.000000 -1.000000
vn 0.000000 0.000000 -1.000000
vn 1.000000 0.000000 0.000000
vn 1.000000 0.000000 0.000000
vn 1.000000 0.000000 0.000000
vn 1.000000 0.000000 0.000000
vn 1.000000 0.000000 0.000000
vn 1.000000 0.000000 0.000000
vn 1.000000 0.000000 0.000000
vn 1.000000 0.000000 0.000000
vn 1.000000 0.000000 0.000000
vn 1.000000 0.000000 0.000000
vn 1.000000 0.000000 0.000000
vn 1.000000 0.000000 0.000000
vn -0.000000 -0.000000 -1.000000
vn -0.000000 -0.000000 -1.000000
vn -0.000000 -0.000000 -1.000000
vn -0.000000 -0.000000 -1.000000
vn -1.000000 0.000000 0.000000
vn -1.000000 0.000000 0.000000
vn -1.000000 0.000000 0.000000
vn -1.000000 0.000000 0.000000
vn 0.000000 0.000000 1.000000
vn 0.000000 0.000000 1.000000
vn 0.000000 0.000000 1.000000
vn 0.000000 0.000000 1.000000
vn 0.000000 -1.000000 0.000000
vn 0.000000 -1.000000 0.000000
vn 0.000000 -1.000000 0.000000
vn 0.000000 -1.000000 0.000000
vn 0.000000 -1.000000 0.000000
vn 0.000000 -1.000000 0.000000
vn 0.000000 -1.000000 0.000000
vn 0.000000 -1.000000 0.000000
vn 0.000000 -1.000000 0.000000
vn 0.000000 -1.000000 0.000000
vn 0.000000 -1.000000 0.000000
vn 0.000000 -1.000000 0.000000
vn -1.000000 -0.000000 -0.000000
vn -1.000000 -0.000000 -0.000000
vn -1.000000 -0.000000 -0.000000
vn -1.000000 -0.000000 -0.000000
vn -1.000000 -0.000000 -0.000000
vn -1.000000 -0.000000 -0.000000
vn -1.000000 -0.000000 -0.000000
vn -1.000000 -0.000000 -0.000000
vn 0.000000 0.000000 -1.000000
vn 0.000000 0.000000 -1.000000
vn 0.000000 0.000000 -1.000000
vn 0.000000 0.000000 -1.000000
vn 0.000000 0.000000 -1.000000
vn 0.000000 0.000000 -1.000000
vn 0.000000 0.000000 -1.000000
vn 0.000000 0.000000 -1.000000
vn -1.000000 0.000000 0.000000
vn -1.000000 0.000000 0.000000
vn -1.000000 0.000000 0.000000
vn -1.000000 0.000000 0.000000
vn 0.000000 0.000000 1.000000
vn 0.000000 0.000000 1.000000
vn 0.000000 0.000000 1.000000
vn 0.000000 0.000000 1.000000
vn 1.000000 0.000000 0.000000
vn 1.000000 0.000000 0.000000
vn 1.000000 0.000000 0.000000
vn 1.000000 0.000000 0.000000
vn -0.000000 -0.000000 -1.000000
vn -0.000000 -0.000000 -1.000000
vn -0.000000 -0.000000 -1.000000
vn -0.000000 -0.000000 -1.000000
vn 0.000000 -1.000000 0.000000
vn 0.000000 -1.000000 0.000000
vn 0.000000 -1.000000 0.000000
vn 0.000000 -1.000000 0.000000
vn 0.000000 -1.000000 0.000000
vn 0.000000 -1.000000 0.000000
vn 0.000000 -1.000000 0.000000
vn 0.000000 -1.000000 0.000000
vn 0.000000 -1.000000 0.000000
vn 0.000000 -1.000000 0.000000
vn 0.000000 -1.000000 0.000000
vn 0.000000 -1.000000 0.000000
vn -1.000000 -0.000000 -0.000000
vn -1.000000 -0.000000 -0.000000
vn -1.000000 -0.000000 -0.000000
vn -1.000000 -0.000000 -0.000000
vn -1.000000 -0.000000 -0.000000
vn -1.000000 -0.000000 -0.000000
vn -1.000000 -0.000000 -0.000000
vn -1.000000 -0.000000 -0.000000
vn 0.000000 0.000000 1.000000
vn 0.000000 0.000000 1.000000
vn 0.000000 0.000000 1.000000
vn 0.000000 0.000000 1.000000
vn 0.000000 0.000000 1.000000
vn 0.000000 0.000000 1.000000
vn 0.000000 0.000000 1.000000
vn 0.000000 0.000000 1.000000
vn 1.000000 0.000000 0.000000
vn 1.000000 0.000000 0.000000
vn 1.000000 0.000000 0.000000
vn 1.000000 0.000000 0.000000
vn -0.000000 -0.000000 -1.000000
vn -0.000000 -0.000000 -1.000000
vn -0.000000 -0.000000 -1.000000
vn -0.000000 -0.000000 -1.000000
vn -1.000000 0.000000 0.000000
vn -1.000000 0.000000 0.000000
vn -1.000000 0.000000 0.000000
vn -1.000000 0.000000 0.000000
vn 0.000000 0.000000 1.000000
vn 0.000000 0.000000 1.000000
vn 0.000000 0.000000 1.000000
vn 0.000000 0.000000 1.000000
vn 0.000000 -1.000000 0.000000
vn 0.000000 -1.000000 0.000000
vn 0.000000 -1.000000 0.000000
vn 0.000000 -1.000000 0.000000
vn 0.000000 -1.000000 0.000000
vn 0.000000 -1.000000 0.000000
vn 0.000000 -1.000000 0.000000
vn 0.000000 -1.000000 0.000000
vn 0.000000 -1.000000 0.000000
vn 0.000000 -1.000000 0.000000
vn 0.000000 -1.000000 0.000000
vn 0.000000 -1.000000 0.000000
vn 0.000000 0.000000 1.000000
vn 0.000000 0.000000 1.000000
vn 0.000000 0.000000 1.000000
vn 0.000000 0.000000 1.000000
vn 0.000000 0.000000 1.000000
vn 0.000000 0.000000 1.000000
vn 0.000000 0.000000 1.000000
vn 0.000000 0.000000 1.000000
vn -1.000000 -0.000000 -0.000000
vn -1.000000 -0.000000 -0.000000
vn -1.000000 -0.000000 -0.000000
vn -1.000000 -0.000000 -0.000000
vn -1.000000 -0.000000 -0.000000
vn -1.000000 -0.000000 -0.000000
vn -1.000000 -0.000000 -0.000000
vn -1.000000 -0.000000 -0.000000
vn -1.000000 0.000000 0.000000
vn -1.000000 0.000000 0.000000
vn -1.000000 0.000000 0.000000
vn -1.000000 0.000000 0.000000
vn 0.000000 0.000000 1.000000
vn 0.000000 0.000000 1.000000
vn 0.000000 0.000000 1.000000
vn 0.000000 0.000000 1.000000
vn 1.000000 0.000000 0.000000
vn 1.000000 0.000000 0.000000
vn 1.000000 0.000000 0.000000
vn 1.000000 0.000000 0.000000
vn -0.000000 -0.000000 -1.000000
vn -0.000000 -0.000000 -1.000000
vn -0.000000 -0.000000 -1.000000
vn -0.000000 -0.000000 -1.000000
vn 0.000000 -1.000000 0.000000
vn 0.000000 -1.000000 0.000000
vn 0.000000 -1.000000 0.000000
vn 0.000000 -1.000000 0.000000
vn 0.000000 -1.000000 0.000000
vn 0.000000 -1.000000 0.000000
vn 0.000000 -1.000000 0.000000
vn 0.000000 -1.000000 0.000000
vn 0.000000 -1.000000 0.000000
vn 0.000000 -1.000000 0.000000
vn 0.000000 -1.000000 0.000000
vn 0.000000 -1.000000 0.000000
vn 0.000000 0.000000 1.000000
vn 0.000000 0.000000 1.000000
vn 0.000000 0.000000 1.000000
vn 0.000000 0.000000 1.000000
vn 0.000000 0.000000 1.000000
vn 0.000000 0.000000 1.000000
vn 0.000000 0.000000 1.000000
vn 0.000000 0.000000 1.000000
vn -1.000000 -0.000000 -0.000000
vn -1.000000 -0.000000 -0.000000
vn -1.000000 -0.000000 -0.000000
vn -1.000000 -0.000000 -0.000000
vn -1.000000 -0.000000 -0.000000
vn -1.000000 -0.000000 -0.000000
vn -1.000000 -0.000000 -0.000000
vn -1.000000 -0.000000 -0.000000
vn -1.000000 0.000000 0.000000
vn -1.000000 0.000000 0.000000
vn -1.000000 0.000000 0.000000
vn -1.000000 0.000000 0.000000
vn 0.000000 0.000000 1.000000
vn 0.000000 0.000000 1.000000
vn 0.000000 0.000000 1.000000
vn 0.000000 0.000000 1.000000
vn 1.000000 0.000000 0.000000
vn 1.000000 0.000000 0.000000
vn 1.000000 0.000000 0.000000
vn 1.000000 0.000000 0.000000
vn -0.000000 -0.000000 -1.000000
vn -0.000000 -0.000000 -1.000000
vn -0.000000 -0.000000 -1.000000
vn -0.000000 -0.000000 -1.000000
vn 0.000000 -1.000000 0.000000
vn 0.000000 -1.000000 0.000000
vn 0.000000 -1.000000 0.000000
vn 0.000000 -1.000000 0.000000
vn 0.000000 -1.000000 0.000000
vn 0.000000 -1.000000 0.000000
vn 0.000000 -1.000000 0.000000
vn 0.000000 -1.000000 0.000000
vn 0.000000 -1.000000 0.000000
vn 0.000000 -1.000000 0.000000
vn 0.000000 -1.000000 0.000000
vn 0.000000 -1.000000 0.000000
vn 0.000000 0.000000 1.000000
vn 0.000000 0.000000 1.000000
vn 0.000000 0.000000 1.000000
vn 0.000000 0.000000 1.000000
vn 0.000000 0.000000 1.000000
vn 0.000000 0.000000 1.000000
vn 0.000000 0.000000 1.000000
vn 0.000000 0.000000 1.000000
vn -1.000000 -0.000000 -0.000000
vn -1.000000 -0.000000 -0.000000
vn -1.000000 -0.000000 -0.000000
vn -1.000000 -0.000000 -0.000000
vn -1.000000 -0.000000 -0.000000
vn -1.000000 -0.000000 -0.000000
vn -1.000000 -0.000000 -0.000000
vn -1.000000 -0.000000 -0.000000
vn 0.000000 0.000000 1.000000
vn 0.000000 0.000000 1.000000
vn 0.000000 0.000000 1.000000
vn 0.000000 0.000000 1.000000
vn 1.000000 0.000000 0.000000
vn 1.000000 0.000000 0.000000
vn 1.000000 0.000000 0.000000
vn 1.000000 0.000000 0.000000
vn -0.000000 -0.000000 -1.000000
vn -0.000000 -0.000000 -1.000000
vn -0.000000 -0.000000 -1.000000
vn -0.000000 -0.000000 -1.000000
vn -1.000000 0.000000 0.000000
vn -1.000000 0.000000 0.000000
vn -1.000000 0.000000 0.000000
vn -1.000000 0.000000 0.000000
vn 0.000000 -1.000000 0.000000
vn 0.000000 -1.000000 0.000000
vn 0.000000 -1.000000 0.000000
vn 0.000000 -1.000000 0.000000
vn 0.000000 -1.000000 0.000000
vn 0.000000 -1.000000 0.000000
vn 0.000000 -1.000000 0.000000
vn 0.000000 -1.000000 0.000000
vn 0.000000 -1.000000 0.000000
vn 0.000000 -1.000000 0.000000
vn 0.000000 -1.000000 0.000000
vn 0.000000 -1.000000 0.000000
vn -1.000000 -0.000000 -0.000000
vn -1.000000 -0.000000 -0.000000
vn -1.000000 -0.000000 -0.000000
vn -1.000000 -0.000000 -0.000000
vn -1.000000 -0.000000 -0.000000
vn -1.000000 -0.000000 -0.000000
vn -1.000000 -0.000000 -0.000000
vn -1.000000 -0.000000 -0.000000
vn 0.000000 0.000000 1.000000
vn 0.000000 0.000000 1.000000
vn 0.000000 0.000000 1.000000
vn 0.000000 0.000000 1.000000
vn 0.000000 0.000000 1.000000
vn 0.000000 0.000000 1.000000
vn 0.000000 0.000000 1.000000
vn 0.000000 0.000000 1.000000
vn -0.000000 -0.000000 -1.000000
vn -0.000000 -0.000000 -1.000000
vn -0.000000 -0.000000 -1.000000
vn -0.000000 -0.000000 -1.000000
vn -1.000000 0.000000 0.000000
vn -1.000000 0.000000 0.000000
vn -1.000000 0.000000 0.000000
vn -1.000000 0.000000 0.000000
vn 0.000000 0.000000 1.000000
vn 0.000000 0.000000 1.000000
vn 0.000000 0.000000 1.000000
vn 0.000000 0.000000 1.000000
vn 1.000000 0.000000 0.000000
vn 1.000000 0.000000 0.000000
vn 1.000000 0.000000 0.000000
vn 1.000000 0.000000 0.000000
vn 0.000000 -1.000000 0.000000
vn 0.000000 -1.000000 0.000000
vn 0.000000 -1.000000 0.000000
vn 0.000000 -1.000000 0.000000
vn 0.000000 -1.000000 0.000000
vn 0.000000 -1.000000 0.000000
vn 0.000000 -1.000000 0.000000
vn 0.000000 -1.000000 0.000000
vn 0.000000 -1.000000 0.000000
vn 0.000000 -1.000000 0.000000
vn 0.000000 -1.000000 0.000000
vn 0.000000 -1.000000 0.000000
vn 0.000000 0.000000 -1.000000
vn 0.000000 0.000000 -1.000000
vn 0.000000 0.000000 -1.000000
vn 0.000000 0.000000 -1.000000
vn 0.000000 0.000000 -1.000000
vn 0.000000 0.000000 -1.000000
vn 0.000000 0.000000 -1.000000
vn 0.000000 0.000000 -1.000000
vn -1.000000 -0.000000 -0.000000
vn -1.000000 -0.000000 -0.000000
vn -1.000000 -0.000000 -0.000000
vn -1.000000 -0.000000 -0.000000
vn -1.000000 -0.000000 -0.000000
vn -1.000000 -0.000000 -0.000000
vn -1.000000 -0.000000 -0.000000
vn -1.000000 -0.000000 -0.000000
vn -0.000000 -0.000000 -1.000000
vn -0.000000 -0.000000 -1.000000
vn -0.000000 -0.000000 -1.000000
vn -0.000000 -0.000000 -1.000000
vn -1.000000 0.000000 0.000000
vn -1.000000 0.000000 0.000000
vn -1.000000 0.000000 0.000000
vn -1.000000 0.000000 0.000000
vn 0.000000 0.000000 1.000000
vn 0.000000 0.000000 1.000000
vn 0.000000 0.000000 1.000000
vn 0.000000 0.000000 1.000000
vn 1.000000 0.000000 0.000000
vn 1.000000 0.000000 0.000000
vn 1.000000 0.000000 0.000000
vn 1.000000 0.000000 0.000000
vn 0.000000 -1.000000 0.000000
vn 0.000000 -1.000000 0.000000
vn 0.000000 -1.000000 0.000000
vn 0.000000 -1.000000 0.000000
vn 0.000000 -1.000000 0.000000
vn 0.000000 -1.000000 0.000000
vn 0.000000 -1.000000 0.000000
vn 0.000000 -1.000000 0.000000
vn 0.000000 -1.000000 0.000000
vn 0.000000 -1.000000 0.000000
vn 0.000000 -1.000000 0.000000
vn 0.000000 -1.000000 0.000000
vn 0.000000 0.000000 -1.000000
vn 0.000000 0.000000 -1.000000
vn 0.000000 0.000000 -1.000000
vn 0.000000 0.000000 -1.000000
vn 0.000000 0.000000 -1.000000
vn 0.000000 0.000000 -1.000000
vn 0.000000 0.000000 -1.000000
vn 0.000000 0.000000 -1.000000
vn -1.000000 -0.000000 -0.000000
vn -1.000000 -0.000000 -0.000000
vn -1.000000 -0.000000 -0.000000
vn -1.000000 -0.000000 -0.000000
vn -1.000000 -0.000000 -0.000000
vn -1.000000 -0.000000 -0.000000
vn -1.000000 -0.000000 -0.000000
vn -1.000000 -0.000000 -0.000000
vn -0.000000 -0.000000 -1.000000
vn -0.000000 -0.000000 -1.000000
vn -0.000000 -0.000000 -1.000000
vn -0.000000 -0.000000 -1.000000
vn -1.000000 0.000000 0.000000
vn -1.000000 0.000000 0.000000
vn -1.000000 0.000000 0.000000
vn -1.000000 0.000000 0.000000
vn 0.000000 0.000000 1.000000
vn 0.000000 0.000000 1.000000
vn 0.000000 0.000000 1.000000
vn 0.000000 0.000000 1.000000
vn 1.000000 0.000000 0.000000
vn 1.000000 0.000000 0.000000
vn 1.000000 0.000000 0.000000
vn 1.000000 0.000000 0.000000
vn 0.000000 -1.000000 0.000000
vn 0.000000 -1.000000 0.000000
vn 0.000000 -1.000000 0.000000
vn 0.000000 -1.000000 0.000000
vn 0.000000 -1.000000 0.000000
vn 0.000000 -1.000000 0.000000
vn 0.000000 -1.000000 0.000000
vn 0.000000 -1.000000 0.000000
vn 0.000000 -1.000000 0.000000
vn 0.000000 -1.000000 0.000000
vn 0.000000 -1.000000 0.000000
vn 0.000000 -1.000000 0.000000
vn -1.000000 -0.000000 -0.000000
vn -1.000000 -0.000000 -0.000000
vn -1.000000 -0.000000 -0.000000
vn -1.000000 -0.000000 -0.000000
vn -1.000000 -0.000000 -0.000000
vn -1.000000 -0.000000 -0.000000
vn -1.000000 -0.000000 -0.000000
vn -1.000000 -0.000000 -0.000000
vn 0.000000 0.000000 -1.000000
vn 0.000000 0.000000 -1.000000
vn 0.000000 0.000000 -1.000000
vn 0.000000 0.000000 -1.000000
vn 0.000000 0.000000 -1.000000
vn 0.000000 0.000000 -1.000000
vn 0.000000 0.000000 -1.000000
vn 0.000000 0.000000 -1.000000
vn -1.000000 0.000000 0.000000
vn -1.000000 0.000000 0.000000
vn -1.000000 0.000000 0.000000
vn -1.000000 0.000000 0.000000
vn 0.000000 0.000000 1.000000
vn 0.000000 0.000000 1.000000
vn 0.000000 0.000000 1.000000
vn 0.000000 0.000000 1.000000
vn 1.000000 0.000000 0.000000
vn 1.000000 0.000000 0.000000
vn 1.000000 0.000000 0.000000
vn 1.000000 0.000000 0.000000
vn -0.000000 -0.000000 -1.000000
vn -0.000000 -0.000000 -1.000000
vn -0.000000 -0.000000 -1.000000
vn -0.000000 -0.000000 -1.000000
vn 0.000000 -1.000000 0.000000
vn 0.000000 -1.000000 0.000000
vn 0.000000 -1.000000 0.000000
vn 0.000000 -1.000000 0.000000
vn 0.000000 -1.000000 0.000000
vn 0.000000 -1.000000 0.000000
vn 0.000000 -1.000000 0.000000
vn 0.000000 -1.000000 0.000000
vn 0.000000 -1.000000 0.000000
vn 0.000000 -1.000000 0.000000
vn 0.000000 -1.000000 0.000000
vn 0.000000 -1.000000 0.000000
vn -1.000000 -0.000000 -0.000000
vn -1.000000 -0.000000 -0.000000
vn -1.000000 -0.000000 -0.000000
vn -1.000000 -0.000000 -0.000000
vn -1.000000 -0.000000 -0.000000
vn -1.000000 -0.000000 -0.000000
vn -1.000000 -0.000000 -0.000000
vn -1.000000 -0.000000 -0.000000
vn 0.000000 0.000000 -1.000000
vn 0.000000 0.000000 -1.000000
vn 0.000000 0.000000 -1.000000
vn 0.000000 0.000000 -1.000000
vn 0.000000 0.000000 -1.000000
vn 0.000000 0.000000 -1.000000
vn 0.000000 0.000000 -1.000000
vn 0.000000 0.000000 -1.000000
vn -1.000000 0.000000 0.000000
vn -1.000000 0.000000 0.000000
vn -1.000000 0.000000 0.000000
vn -1.000000 0.000000 0.000000
vn 0.000000 0.000000 1.000000
vn 0.000000 0.000000 1.000000
vn 0.000000 0.000000 1.000000
vn 0.000000 0.000000 1.000000
vn 1.000000 0.000000 0.000000
vn 1.000000 0.000000 0.000000
vn 1.000000 0.000000 0.000000
vn 1.000000 0.000000 0.000000
vn -0.000000 -0.000000 -1.000000
vn -0.000000 -0.000000 -1.000000
vn -0.000000 -0.000000 -1.000000
vn -0.000000 -0.000000 -1.000000
vn 0.000000 -1.000000 0.000000
vn 0.000000 -1.000000 0.000000
vn 0.000000 -1.000000 0.000000
vn 0.000000 -1.000000 0.000000
vn 0.000000 -1.000000 0.000000
vn 0.000000 -1.000000 0.000000
vn 0.000000 -1.000000 0.000000
vn 0.000000 -1.000000 0.000000
vn 0.000000 -1.000000 0.000000
vn 0.000000 -1.000000 0.000000
vn 0.000000 -1.000000 0.000000
vn 0.000000 -1.000000 0.000000
vn 0.000000 0.000000 1.000000
vn 0.000000 0.000000 1.000000
vn 0.000000 0.000000 1.000000
vn 0.000000 0.000000 1.000000
vn 0.000000 0.000000 1.000000
vn 0.000000 0.000000 1.000000
vn 0.000000 0.000000 1.000000
vn 0.000000 0.000000 1.000000
vn -1.000000 -0.000000 -0.000000
vn -1.000000 -0.000000 -0.000000
vn -1.000000 -0.000000 -0.000000
vn -1.000000 -0.000000 -0.000000
vn -1.000000 -0.000000 -0.000000
vn -1.000000 -0.000000 -0.000000
vn -1.000000 -0.000000 -0.000000
vn -1.000000 -0.000000 -0.000000
vn -1.000000 0.000000 0.000000
vn -1.000000 0.000000 0.000000
vn -1.000000 0.000000 0.000000
vn -1.000000 0.000000 0.000000
vn 0.000000 0.000000 1.000000
vn 0.000000 0.000000 1.000000
vn 0.000000 0.000000 1.000000
vn 0.000000 0.000000 1.000000
vn 1.000000 0.000000 0.000000
vn 1.000000 0.000000 0.000000
vn 1.000000 0.000000 0.000000
vn 1.000000 0.000000 0.000000
vn -0.000000 -0.000000 -1.000000
vn -0.000000 -0.000000 -1.000000
vn -0.000000 -0.000000 -1.000000
vn -0.000000 -0.000000 -1.000000
vn 0.000000 -1.000000 0.000000
vn 0.000000 -1.000000 0.000000
vn 0.000000 -1.000000 0.000000
vn 0.000000 -1.000000 0.000000
vn 0.000000 -1.000000 0.000000
vn 0.000000 -1.000000 0.000000
vn 0.000000 -1.000000 0.000000
vn 0.000000 -1.000000 0.000000
vn 0.000000 -1.000000 0.000000
vn 0.000000 -1.000000 0.000000
vn 0.000000 -1.000000 0.000000
vn 0.000000 -1.000000 0.000000
vn 0.000000 0.707107 -0.707107
vn 0.000000 0.707107 -0.707107
vn 0.000000 0.707107 -0.707107
vn 0.000000 0.707107 -0.707107
vn -0.000000 -0.707107 -0.707107
vn -0.000000 -0.707107 -0.707107
vn -0.000000 -0.707107 -0.707107
vn -0.000000 -0.707107 -0.707107
vn 0.707107 0.000000 -0.707107
vn 0.707107 0.000000 -0.707107
vn 0.707107 0.000000 -0.707107
vn 0.707107 0.000000 -0.707107
vn -0.707107 0.000000 -0.707107
vn -0.707107 0.000000 -0.707107
vn -0.707107 0.000000 -0.707107
vn -0.707107 0.000000 -0.707107
vn -1.000000 0.000000 0.000000
vn -1.000000 0.000000 0.000000
vn -1.000000 0.000000 0.000000
vn -1.000000 0.000000 0.000000
vn -1.000000 0.000000 0.000000
vn -1.000000 0.000000 0.000000
vn -1.000000 0.000000 0.000000
vn -1.000000 0.000000 0.000000
vn -1.000000 0.000000 0.000000
vn -1.000000 0.000000 0.000000
vn -1.000000 0.000000 0.000000
vn -1.000000 0.000000 0.000000
vn 0.000000 -1.000000 0.000000
vn 0.000000 -1.000000 0.000000
vn 0.000000 -1.000000 0.000000
vn 0.000000 -1.000000 0.000000
vn 0.000000 -1.000000 0.000000
vn 0.000000 -1.000000 0.000000
vn 0.000000 -1.000000 0.000000
vn 0.000000 -1.000000 0.000000
vn 0.000000 -1.000000 0.000000
vn 0.000000 -1.000000 0.000000
vn 0.000000 -1.000000 0.000000
vn 0.000000 -1.000000 0.000000
vn -0.000000 -0.000000 -1.000000
vn -0.000000 -0.000000 -1.000000
vn -0.000000 -0.000000 -1.000000
vn -0.000000 -0.000000 -1.000000
vn -0.000000 -0.000000 -1.000000
vn -0.000000 -0.000000 -1.000000
vn -0.000000 -0.000000 -1.000000
vn -0.000000 -0.000000 -1.000000
vn 0.000000 0.707107 -0.707107
vn 0.000000 0.707107 -0.707107
vn 0.000000 0.707107 -0.707107
vn 0.000000 0.707107 -0.707107
vn -0.000000 -0.707107 -0.707107
vn -0.000000 -0.707107 -0.707107
vn -0.000000 -0.707107 -0.707107
vn -0.000000 -0.707107 -0.707107
vn 0.707107 0.000000 -0.707107
vn 0.707107 0.000000 -0.707107
vn 0.707107 0.000000 -0.707107
vn 0.707107 0.000000 -0.707107
vn -0.707107 0.000000 -0.707107
vn -0.707107 0.000000 -0.707107
vn -0.707107 0.000000 -0.707107
vn -0.707107 0.000000 -0.707107
vn -1.000000 0.000000 0.000000
vn -1.000000 0.000000 0.000000
vn -1.000000 0.000000 0.000000
vn -1.000000 0.000000 0.000000
vn 0.000000 -1.000000 0.000000
vn 0.000000 -1.000000 0.000000
vn 0.000000 -1.000000 0.000000
vn 0.000000 -1.000000 0.000000
vn -0.000000 -0.000000 -1.000000
vn -0.000000 -0.000000 -1.000000
vn -0.000000 -0.000000 -1.000000
vn -0.000000 -0.000000 -1.000000
vn -0.000000 -0.000000 -1.000000
vn -0.000000 -0.000000 -1.000000
vn -0.000000 -0.000000 -1.000000
vn -0.000000 -0.000000 -1.000000
vn 1.000000 0.000000 0.000000
vn 1.000000 0.000000 0.000000
vn 1.000000 0.000000 0.000000
vn 1.000000 0.000000 0.000000
vn 0.000000 0.000000 1.000000
vn 0.000000 0.000000 1.000000
vn 0.000000 0.000000 1.000000
vn 0.000000 0.000000 1.000000
vn -1.000000 -0.000000 -0.000000
vn -1.000000 -0.000000 -0.000000
vn -1.000000 -0.000000 -0.000000
vn -1.000000 -0.000000 -0.000000
vn 0.000000 0.000000 -1.000000
vn 0.000000 0.000000 -1.000000
vn 0.000000 0.000000 -1.000000
vn 0.000000 0.000000 -1.000000
vn -1.000000 0.000000 0.000000
vn -1.000000 0.000000 0.000000
vn -1.000000 0.000000 0.000000
vn -1.000000 0.000000 0.000000
vn 0.000000 0.000000 -1.000000
vn 0.000000 0.000000 -1.000000
vn 0.000000 0.000000 -1.000000
vn 0.000000 0.000000 -1.000000
vn 1.000000 0.000000 0.000000
vn 1.000000 0.000000 0.000000
vn 1.000000 0.000000 0.000000
vn 1.000000 0.000000 0.000000
vn 0.000000 0.000000 1.000000
vn 0.000000 0.000000 1.000000
vn 0.000000 0.000000 1.000000
vn 0.000000 0.000000 1.000000
vn 1.000000 0.000000 0.000000
vn 1.000000 0.000000 0.000000
vn 1.000000 0.000000 0.000000
vn 1.000000 0.000000 0.000000
vn 0.000000 0.000000 1.000000
vn 0.000000 0.000000 1.000000
vn 0.000000 0.000000 1.000000
vn 0.000000 0.000000 1.000000
vn -1.000000 -0.000000 -0.000000
vn -1.000000 -0.000000 -0.000000
vn -1.000000 -0.000000 -0.000000
vn -1.000000 -0.000000 -0.000000
vn 0.000000 0.000000 -1.000000
vn 0.000000 0.000000 -1.000000
vn 0.000000 0.000000 -1.000000
vn 0.000000 0.000000 -1.000000
vn 1.000000 0.000000 0.000000
vn 1.000000 0.000000 0.000000
vn 1.000000 0.000000 0.000000
vn 1.000000 0.000000 0.000000
vn 0.000000 0.000000 1.000000
vn 0.000000 0.000000 1.000000
vn 0.000000 0.000000 1.000000
vn 0.000000 0.000000 1.000000
vn -1.000000 -0.000000 -0.000000
vn -1.000000 -0.000000 -0.000000
vn -1.000000 -0.000000 -0.000000
vn -1.000000 -0.000000 -0.000000
vn 0.000000 0.000000 -1.000000
vn 0.000000 0.000000 -1.000000
vn 0.000000 0.000000 -1.000000
vn 0.000000 0.000000 -1.000000
vn 0.000000 0.000000 1.000000
vn 0.000000 0.000000 1.000000
vn 0.000000 0.000000 1.000000
vn 0.000000 0.000000 1.000000
vn -1.000000 0.000000 0.000000
vn -1.000000 0.000000 0.000000
vn -1.000000 0.000000 0.000000
vn -1.000000 0.000000 0.000000
vn 1.000000 0.000000 0.000000
vn 1.000000 0.000000 0.000000
vn 1.000000 0.000000 0.000000
vn 1.000000 0.000000 0.000000
vn 0.000000 0.000000 1.000000
vn 0.000000 0.000000 1.000000
vn 0.000000 0.000000 1.000000
vn 0.000000 0.000000 1.000000
vn -1.000000 -0.000000 -0.000000
vn -1.000000 -0.000000 -0.000000
vn -1.000000 -0.000000 -0.000000
vn -1.000000 -0.000000 -0.000000
vn 1.000000 0.000000 0.000000
vn 1.000000 0.000000 0.000000
vn 1.000000 0.000000 0.000000
vn 1.000000 0.000000 0.000000
vn 0.000000 0.000000 1.000000
vn 0.000000 0.000000 1.000000
vn 0.000000 0.000000 1.000000
vn 0.000000 0.000000 1.000000
vn -1.000000 -0.000000 -0.000000
vn -1.000000 -0.000000 -0.000000
vn -1.000000 -0.000000 -0.000000
vn -1.000000 -0.000000 -0.000000
vn 1.000000 0.000000 0.000000
vn 1.000000 0.000000 0.000000
vn 1.000000 0.000000 0.000000
vn 1.000000 0.000000 0.000000
vn 0.000000 0.000000 1.000000
vn 0.000000 0.000000 1.000000
vn 0.000000 0.000000 1.000000
vn 0.000000 0.000000 1.000000
vn -1.000000 -0.000000 -0.000000
vn -1.000000 -0.000000 -0.000000
vn -1.000000 -0.000000 -0.000000
vn -1.000000 -0.000000 -0.000000
vn 1.000000 0.000000 0.000000
vn 1.000000 0.000000 0.000000
vn 1.000000 0.000000 0.000000
vn 1.000000 0.000000 0.000000
vn 0.000000 -1.000000 0.000000
vn 0.000000 -1.000000 0.000000
vn 0.000000 -1.000000 0.000000
vn 0.000000 -1.000000 0.000000
vn 0.000000 -1.000000 0.000000
vn 0.000000 -1.000000 0.000000
vn 0.000000 -1.000000 0.000000
vn 0.000000 -1.000000 0.000000
vn 0.000000 -1.000000 0.000000
vn 0.000000 -1.000000 0.000000
vn 0.000000 -1.000000 0.000000
vn 0.000000 -1.000000 0.000000
vn 0.000000 -1.000000 0.000000
vn 0.000000 -1.000000 0.000000
vn 0.000000 -1.000000 0.000000
vn 0.000000 -1.000000 0.000000
vn 0.000000 -1.000000 0.000000
vn 0.000000 -1.000000 0.000000
vn 0.000000 -1.000000 0.000000
vn 0.000000 -1.000000 0.000000
vn 0.000000 -1.000000 0.000000
vn 0.000000 -1.000000 0.000000
vn 0.000000 -1.000000 0.000000
vn 0.000000 -1.000000 0.000000
vn 0.000000 -1.000000 0.000000
vn 0.000000 -1.000000 0.000000
vn 0.000000 -1.000000 0.000000
vn 0.000000 -1.000000 0.000000
vn 0.000000 -1.000000 0.000000
vn 0.000000 -1.000000 0.000000
vn 0.000000 -1.000000 0.000000
vn 0.000000 -1.000000 0.000000
vn 0.000000 -1.000000 0.000000
vn 0.000000 -1.000000 0.000000
vn 0.000000 -1.000000 0.000000
vn 0.000000 -1.000000 0.000000
vn 0.000000 0.000000 1.000000
vn 0.000000 0.000000 1.000000
vn 0.000000 0.000000 1.000000
vn 0.000000 0.000000 1.000000
vn 0.000000 0.000000 1.000000
vn 0.000000 0.000000 1.000000
vn 1.000000 -0.000000 -0.000000
vn 1.000000 -0.000000 -0.000000
vn 1.000000 -0.000000 -0.000000
vn 1.000000 -0.000000 -0.000000
vn 0.000000 -1.000000 0.000000
vn 0.000000 -1.000000 0.000000
vn 0.000000 -1.000000 0.000000
vn 0.000000 -1.000000 0.000000
vn 0.000000 -1.000000 0.000000
vn 0.000000 -1.000000 0.000000
vn 0.000000 -1.000000 0.000000
vn 0.000000 -1.000000 0.000000
vn 0.000000 -1.000000 0.000000
vn 0.000000 -1.000000 0.000000
vn 0.000000 -1.000000 0.000000
vn 0.000000 -1.000000 0.000000
vn 0.000000 -1.000000 0.000000
vn 0.000000 -1.000000 0.000000
vn 0.000000 -1.000000 0.000000
vn 0.000000 -1.000000 0.000000
vn 0.000000 -1.000000 0.000000
vn 0.000000 -1.000000 0.000000
vn 0.000000 -1.000000 0.000000
vn 0.000000 -1.000000 0.000000
vn 0.000000 -1.000000 0.000000
vn 0.000000 -1.000000 0.000000
vn 0.000000 -1.000000 0.000000
vn 0.000000 -1.000000 0.000000
vn 0.000000 -1.000000 0.000000
vn 0.000000 -1.000000 0.000000
vn 0.000000 -1.000000 0.000000
vn 0.000000 -1.000000 0.000000
vn 0.000000 -1.000000 0.000000
vn 0.000000 -1.000000 0.000000
vn 0.000000 -1.000000 0.000000
vn 0.000000 -1.000000 0.000000
vn 0.000000 -1.000000 0.000000
vn -0.965926 -0.000000 0.258819
vn -0.965926 -0.000000 0.258819
vn -1.000000 -0.000000 0.000000
vn -1.000000 -0.000000 0.000000
vn -0.965926 -0.000000 -0.258819
vn -0.965926 -0.000000 -0.258819
vn -0.866025 -0.000000 -0.500000
vn -0.866025 -0.000000 -0.500000
vn -0.707107 -0.000000 -0.707107
vn -0.707107 -0.000000 -0.707107
vn -0.500000 -0.000000 -0.866025
vn -0.500000 -0.000000 -0.866025
vn -0.258819 -0.000000 -0.965926
vn -0.258819 -0.000000 -0.965926
vn 0.000000 -0.000000 -1.000000
vn 0.000000 -0.000000 -1.000000
vn 0.258819 -0.000000 -0.965926
vn 0.258819 -0.000000 -0.965926
vn 0.500000 -0.000000 -0.866025
vn 0.500000 -0.000000 -0.866025
vn 0.707107 -0.000000 -0.707107
vn 0.707107 -0.000000 -0.707107
vn 0.866025 -0.000000 -0.500000
vn 0.866025 -0.000000 -0.500000
vn 0.965926 -0.000000 -0.258819
vn 0.965926 -0.000000 -0.258819
vn 1.000000 0.000000 -0.000000
vn 1.000000 0.000000 -0.000000
vn 0.965926 0.000000 0.258819
vn 0.965926 0.000000 0.258819
vn 0.866025 0.000000 0.500000
vn 0.866025 0.000000 0.500000
vn 0.707107 0.000000 0.707107
vn 0.707107 0.000000 0.707107
vn 0.500000 0.000000 0.866025
vn 0.500000 0.000000 0.866025
vn 0.258819 0.000000 0.965926
vn 0.258819 0.000000 0.965926
vn 0.000000 0.000000 1.000000
vn 0.000000 0.000000 1.000000
vn -0.258819 -0.000000 0.965926
vn -0.258819 -0.000000 0.965926
vn -0.500000 -0.000000 0.866025
vn -0.500000 -0.000000 0.866025
vn -0.707107 -0.000000 0.707107
vn -0.707107 -0.000000 0.707107
vn -0.866025 -0.000000 0.500000
vn -0.866025 -0.000000 0.500000
vn 0.000000 -1.000000 0.000000
vn 0.000000 -1.000000 0.000000
vn 0.000000 -1.000000 0.000000
vn 0.000000 -1.000000 0.000000
vn 0.000000 -1.000000 0.000000
vn 0.000000 -1.000000 0.000000
vn 0.000000 -1.000000 0.000000
vn 0.000000 -1.000000 0.000000
vn 0.000000 -1.000000 0.000000
vn 0.000000 -1.000000 0.000000
vn 0.000000 -1.000000 0.000000
vn 0.000000 -1.000000 0.000000
vn 0.000000 -1.000000 0.000000
vn 0.000000 -1.000000 0.000000
vn 0.000000 -1.000000 0.000000
vn 0.000000 -1.000000 0.000000
vn 0.000000 -1.000000 0.000000
vn 0.000000 -1.000000 0.000000
vn 0.000000 -1.000000 0.000000
vn 0.000000 -1.000000 0.000000
vn 0.000000 -1.000000 0.000000
vn 0.000000 -1.000000 0.000000
vn 0.000000 -1.000000 0.000000
vn 0.000000 -1.000000 0.000000
vn 0.000000 -1.000000 0.000000
vn 0.000000 -1.000000 0.000000
vn 0.000000 -1.000000 0.000000
vn 0.000000 -1.000000 0.000000
vn 0.000000 -1.000000 0.000000
vn 0.000000 -1.000000 0.000000
vn 0.000000 -1.000000 0.000000
vn 0.000000 -1.000000 0.000000
vn 0.000000 -1.000000 0.000000
vn 0.000000 -1.000000 0.000000
vn 0.000000 -1.000000 0.000000
vn 0.000000 -1.000000 0.000000
vn 0.000000 -1.000000 0.000000
vn 0.000000 -1.000000 0.000000
vn 0.000000 -1.000000 0.000000
vn 0.000000 -1.000000 0.000000
vn 0.000000 -1.000000 0.000000
vn 0.000000 -1.000000 0.000000
vn 0.000000 -1.000000 0.000000
vn 0.000000 -1.000000 0.000000
vn 0.000000 -1.000000 0.000000
vn 0.000000 -1.000000 0.000000
vn 0.000000 -1.000000 0.000000
vn 0.000000 -1.000000 0.000000
vn 0.000000 -1.000000 0.000000
vn 0.000000 -1.000000 0.000000
vn 0.000000 -1.000000 0.000000
vn 0.000000 -1.000000 0.000000
vn 0.000000 -1.000000 0.000000
vn 0.000000 -1.000000 0.000000
vn 0.000000 -1.000000 0.000000
vn 0.000000 -1.000000 0.000000
vn 0.000000 -1.000000 0.000000
vn 0.000000 -1.000000 0.000000
vn 0.000000 -1.000000 0.000000
vn 0.000000 -1.000000 0.000000
vn 0.000000 -1.000000 0.000000
vn 0.000000 -1.000000 0.000000
vn 0.000000 -1.000000 0.000000
vn 0.000000 -1.000000 0.000000
vn 0.000000 -1.000000 0.000000
vn 0.183111 -0.000000 -0.983092
vn 0.183111 -0.000000 -0.983092
vn -0.076679 0.000000 -0.997056
vn -0.076679 0.000000 -0.997056
vn -0.331279 0.000000 -0.943533
vn -0.331279 0.000000 -0.943533
vn -0.563457 0.000000 -0.826146
vn -0.563457 0.000000 -0.826146
vn -0.757496 0.000000 -0.652840
vn -0.757496 0.000000 -0.652840
vn -0.900263 0.000000 -0.435346
vn -0.900263 0.000000 -0.435346
vn -0.982095 0.000000 -0.188386
vn -0.982095 0.000000 -0.188386
vn -0.997453 -0.000000 0.071326
vn -0.997453 -0.000000 0.071326
vn -0.945297 -0.000000 0.326210
vn -0.945297 -0.000000 0.326210
vn -0.829158 -0.000000 0.559014
vn -0.829158 -0.000000 0.559014
vn -0.656897 -0.000000 0.753980
vn -0.656897 -0.000000 0.753980
vn -0.440173 -0.000000 0.897913
vn -0.440173 -0.000000 0.897913
vn -0.652802 -0.000000 0.757528
vn -0.652802 -0.000000 0.757528
vn -0.652802 -0.000000 0.757528
vn -0.652802 -0.000000 0.757528
vn 0.757528 -0.000000 0.652802
vn 0.757528 -0.000000 0.652802
vn 0.757528 -0.000000 0.652802
vn 0.757528 -0.000000 0.652802
vn 0.652802 -0.000000 -0.757528
vn 0.652802 -0.000000 -0.757528
vn 0.652802 -0.000000 -0.757528
vn 0.652802 -0.000000 -0.757528
vn -0.000000 -0.000000 1.000000
vn -0.000000 -0.000000 1.000000
vn -0.000000 -0.000000 1.000000
vn -0.000000 -0.000000 1.000000
vn -1.000000 0.000000 0.000000
vn -1.000000 0.000000 0.000000
vn -0.981146 0.000000 -0.193269
vn -0.981146 0.000000 -0.193269
vn -0.929172 0.000000 -0.369648
vn -0.929172 0.000000 -0.369648
vn -0.854958 0.000000 -0.518697
vn -0.854958 0.000000 -0.518697
vn -0.770076 0.000000 -0.637952
vn -0.770076 0.000000 -0.637952
vn -0.599130 0.000000 -0.800652
vn -0.599130 0.000000 -0.800652
vn -0.447214 0.000000 -0.894427
vn -0.447214 0.000000 -0.894427
vn -0.202803 0.000000 -0.979220
vn -0.202803 0.000000 -0.979220
vn -0.000000 0.000000 -1.000000
vn -0.000000 0.000000 -1.000000
vn 0.202803 0.000000 -0.979220
vn 0.202803 0.000000 -0.979220
vn 0.447214 0.000000 -0.894427
vn 0.447214 0.000000 -0.894427
vn 0.599130 0.000000 -0.800652
vn 0.599130 0.000000 -0.800652
vn 0.770076 0.000000 -0.637952
vn 0.770076 0.000000 -0.637952
vn 0.854958 0.000000 -0.518697
vn 0.854958 0.000000 -0.518697
vn 0.929172 0.000000 -0.369648
vn 0.929172 0.000000 -0.369648
vn 0.981146 0.000000 -0.193269
vn 0.981146 0.000000 -0.193269
vn 1.000000 0.000000 -0.000000
vn 1.000000 0.000000 -0.000000
vn 0.000000 -1.000000 0.000000
vn 0.000000 -1.000000 0.000000
vn 0.000000 -1.000000 0.000000
vn 0.000000 -1.000000 0.000000
vn 0.000000 -1.000000 0.000000
vn 0.000000 -1.000000 0.000000
vn 0.000000 -1.000000 0.000000
vn 0.000000 -1.000000 0.000000
vn 0.000000 -1.000000 0.000000
vn 0.000000 -1.000000 0.000000
vn 0.000000 -1.000000 0.000000
vn 0.000000 -1.000000 0.000000
vn 0.000000 -1.000000 0.000000
vn 0.000000 -1.000000 0.000000
vn 0.000000 -1.000000 0.000000
vn 0.000000 -1.000000 0.000000
vn 0.000000 -1.000000 0.000000
vn 0.707107 -0.000000 0.707107
vn 0.707107 -0.000000 0.707107
vn 0.707107 -0.000000 0.707107
vn 0.707107 -0.000000 0.707107
vn 0.707107 -0.000000 -0.707107
vn 0.707107 -0.000000 -0.707107
vn 0.707107 -0.000000 -0.707107
vn 0.707107 -0.000000 -0.707107
vn -0.707107 -0.000000 -0.707107
vn -0.707107 -0.000000 -0.707107
vn -0.707107 -0.000000 -0.707107
vn -0.707107 -0.000000 -0.707107
vn 0.965926 -0.000000 0.258819
vn 0.965926 -0.000000 0.258819
vn 1.000000 -0.000000 0.000000
vn 1.000000 -0.000000 0.000000
vn 0.965926 0.000000 -0.258819
vn 0.965926 0.000000 -0.258819
vn 0.866025 0.000000 -0.500000
vn 0.866025 0.000000 -0.500000
vn 0.707107 0.000000 -0.707107
vn 0.707107 0.000000 -0.707107
vn 0.500000 0.000000 -0.866025
vn 0.500000 0.000000 -0.866025
vn 0.258819 0.000000 -0.965926
vn 0.258819 0.000000 -0.965926
vn -0.000000 0.000000 -1.000000
vn -0.000000 0.000000 -1.000000
vn -0.258819 0.000000 -0.965926
vn -0.258819 0.000000 -0.965926
vn -0.500000 0.000000 -0.866025
vn -0.500000 0.000000 -0.866025
vn -0.707107 0.000000 -0.707107
vn -0.707107 0.000000 -0.707107
vn -0.866025 0.000000 -0.500000
vn -0.866025 0.000000 -0.500000
vn -0.965926 0.000000 -0.258819
vn -0.965926 0.000000 -0.258819
vn -1.000000 0.000000 0.000000
vn -1.000000 0.000000 0.000000
vn -0.965926 0.000000 0.258819
vn -0.965926 0.000000 0.258819
vn -0.866025 0.000000 0.500000
vn -0.866025 0.000000 0.500000
vn -0.707107 0.000000 0.707107
vn -0.707107 0.000000 0.707107
vn -0.500000 0.000000 0.866025
vn -0.500000 0.000000 0.866025
vn -0.258819 0.000000 0.965926
vn -0.258819 0.000000 0.965926
vn -0.000000 0.000000 1.000000
vn -0.000000 0.000000 1.000000
vn 0.258819 -0.000000 0.965926
vn 0.258819 -0.000000 0.965926
vn 0.500000 -0.000000 0.866025
vn 0.500000 -0.000000 0.866025
vn 0.707107 -0.000000 0.707107
vn 0.707107 -0.000000 0.707107
vn 0.866025 -0.000000 0.500000
vn 0.866025 -0.000000 0.500000
vn 0.000000 -1.000000 0.000000
vn 0.000000 -1.000000 0.000000
vn 0.000000 -1.000000 0.000000
vn 0.000000 -1.000000 0.000000
vn 0.000000 -1.000000 0.000000
vn 0.000000 -1.000000 0.000000
vn 0.000000 -1.000000 0.000000
vn 0.000000 -1.000000 0.000000
vn 0.000000 -1.000000 0.000000
vn 0.000000 -1.000000 0.000000
vn 0.000000 -1.000000 0.000000
vn 0.000000 -1.000000 0.000000
vn 0.000000 -1.000000 0.000000
vn 0.000000 -1.000000 0.000000
vn 0.000000 -1.000000 0.000000
vn 0.000000 -1.000000 0.000000
vn 0.000000 -1.000000 0.000000
vn 0.000000 -1.000000 0.000000
vn 0.000000 -1.000000 0.000000
vn 0.000000 -1.000000 0.000000
vn 0.000000 -1.000000 0.000000
vn 0.000000 -1.000000 0.000000
vn 0.000000 -1.000000 0.000000
vn 0.000000 -1.000000 0.000000
vn 0.000000 -1.000000 0.000000
vn 0.000000 -1.000000 0.000000
vn 0.000000 -1.000000 0.000000
vn 0.000000 -1.000000 0.000000
vn 0.000000 -1.000000 0.000000
vn 0.000000 -1.000000 0.000000
vn 0.000000 -1.000000 0.000000
vn 0.000000 -1.000000 0.000000
vn 0.000000 -1.000000 0.000000
vn 0.000000 -1.000000 0.000000
vn 0.000000 -1.000000 0.000000
vn 0.000000 -1.000000 0.000000
vn 0.000000 -1.000000 0.000000
vn 0.000000 -1.000000 0.000000
vn 0.000000 -1.000000 0.000000
vn 0.000000 -1.000000 0.000000
vn 0.000000 -1.000000 0.000000
vn 0.000000 -1.000000 0.000000
vn 0.000000 -1.000000 0.000000
vn 0.000000 -1.000000 0.000000
vn 0.000000 -1.000000 0.000000
vn 0.000000 -1.000000 0.000000
vn 0.000000 -1.000000 0.000000
vn 0.000000 -1.000000 0.000000
vn 0.000000 -1.000000 0.000000
vn 0.000000 -1.000000 0.000000
vn 0.000000 -1.000000 0.000000
vn 0.000000 -1.000000 0.000000
vn 0.000000 -1.000000 0.000000
vn 0.000000 -1.000000 0.000000
vn 0.000000 -1.000000 0.000000
vn 0.000000 -1.000000 0.000000
vn 0.000000 -1.000000 0.000000
vn 0.000000 -1.000000 0.000000
vn 0.000000 -1.000000 0.000000
vn 0.000000 -1.000000 0.000000
vn 0.000000 -1.000000 0.000000
vn 0.000000 -1.000000 0.000000
vn 0.000000 -1.000000 0.000000
vn 0.000000 -1.000000 0.000000
vn 0.000000 -1.000000 0.000000
vn 0.000000 -1.000000 0.000000
vn 0.000000 -1.000000 0.000000
vn 0.000000 -1.000000 0.000000
vn 0.000000 -1.000000 0.000000
vn 0.965926 0.258819 -0.000000
vn 0.933013 0.250000 0.258819
vn 1.000000 -0.000000 -0.000000
vn 0.965926 -0.000000 0.258819
vn 0.965926 -0.258819 -0.000000
vn 0.933013 -0.250000 0.258819
vn 0.866025 -0.500000 -0.000000
vn 0.836516 -0.482963 0.258819
vn 0.707107 -0.707107 -0.000000
vn 0.683013 -0.683013 0.258819
vn 0.500000 -0.866025 -0.000000
vn 0.482963 -0.836516 0.258819
vn 0.258819 -0.965926 -0.000000
vn 0.250000 -0.933013 0.258819
vn 0.000000 -1.000000 -0.000000
vn 0.000000 -0.965926 0.258819
vn -0.258819 -0.965926 0.000000
vn -0.250000 -0.933013 0.258819
vn -0.500000 -0.866025 0.000000
vn -0.482963 -0.836516 0.258819
vn -0.707107 -0.707107 0.000000
vn -0.683013 -0.683013 0.258819
vn -0.866025 -0.500000 0.000000
vn -0.836516 -0.482963 0.258819
vn -0.965926 -0.258819 0.000000
vn -0.933013 -0.250000 0.258819
vn -1.000000 -0.000000 0.000000
vn -0.965926 -0.000000 0.258819
vn -0.965926 0.258819 -0.000000
vn -0.933013 0.250000 0.258819
vn -0.866025 0.500000 -0.000000
vn -0.836516 0.482963 0.258819
vn -0.707107 0.707107 -0.000000
vn -0.683013 0.683013 0.258819
vn -0.500000 0.866025 -0.000000
vn -0.482963 0.836516 0.258819
vn -0.258819 0.965926 -0.000000
vn -0.250000 0.933013 0.258819
vn 0.000000 1.000000 -0.000000
vn 0.000000 0.965926 0.258819
vn 0.258819 0.965926 -0.000000
vn 0.250000 0.933013 0.258819
vn 0.500000 0.866025 -0.000000
vn 0.482963 0.836516 0.258819
vn 0.707107 0.707107 -0.000000
vn 0.683013 0.683013 0.258819
vn 0.866025 0.500000 -0.000000
vn 0.836516 0.482963 0.258819
vn -0.000000 0.000000 1.000000
vn 0.250000 -0.066987 0.965926
vn 0.000000 -0.000000 1.000000
vn 0.258819 -0.000000 0.965926
vn -0.000000 -0.000000 1.000000
vn 0.250000 0.066987 0.965926
vn -0.000000 -0.000000 1.000000
vn 0.224144 0.129410 0.965926
vn 0.000000 0.000000 1.000000
vn 0.183013 0.183013 0.965926
vn -0.000000 -0.000000 1.000000
vn 0.129410 0.224144 0.965926
vn 0.000000 0.000000 1.000000
vn 0.066987 0.250000 0.965926
vn -0.000000 -0.000000 1.000000
vn 0.000000 0.258819 0.965926
vn -0.000000 0.000000 1.000000
vn -0.066987 0.250000 0.965926
vn -0.000000 0.000000 1.000000
vn -0.129410 0.224144 0.965926
vn -0.000000 0.000000 1.000000
vn -0.183013 0.183013 0.965926
vn 0.000000 -0.000000 1.000000
vn -0.224144 0.129410 0.965926
vn 0.000000 -0.000000 1.000000
vn -0.250000 0.066987 0.965926
vn 0.000000 -0.000000 1.000000
vn -0.258819 0.000000 0.965926
vn 0.000000 0.000000 1.000000
vn -0.250000 -0.066987 0.965926
vn 0.000000 0.000000 1.000000
vn -0.224144 -0.129410 0.965926
vn -0.000000 -0.000000 1.000000
vn -0.183013 -0.183013 0.965926
vn -0.000000 -0.000000 1.000000
vn -0.129410 -0.224144 0.965926
vn -0.000000 -0.000000 1.000000
vn -0.066987 -0.250000 0.965926
vn -0.000000 0.000000 1.000000
vn 0.000000 -0.258819 0.965926
vn 0.000000 -0.000000 1.000000
vn 0.066987 -0.250000 0.965926
vn 0.000000 -0.000000 1.000000
vn 0.129410 -0.224144 0.965926
vn 0.000000 -0.000000 1.000000
vn 0.183013 -0.183013 0.965926
vn -0.000000 0.000000 1.000000
vn 0.224144 -0.129410 0.965926
vn -0.866025 0.000000 0.500000
vn -0.836516 0.224144 0.500000
vn -0.750000 0.433013 0.500000
vn -0.612372 0.612372 0.500000
vn -0.433013 0.750000 0.500000
vn -0.224144 0.836516 0.500000
vn 0.000000 0.866025 0.500000
vn 0.224144 0.836516 0.500000
vn 0.433013 0.750000 0.500000
vn 0.612372 0.612372 0.500000
vn 0.750000 0.433013 0.500000
vn 0.836516 0.224144 0.500000
vn 0.866025 -0.000000 0.500000
vn 0.836516 -0.224144 0.500000
vn 0.750000 -0.433013 0.500000
vn 0.612372 -0.612372 0.500000
vn 0.433013 -0.750000 0.500000
vn 0.224144 -0.836516 0.500000
vn 0.000000 -0.866025 0.500000
vn -0.224144 -0.836516 0.500000
vn -0.433013 -0.750000 0.500000
vn -0.612372 -0.612372 0.500000
vn -0.750000 -0.433013 0.500000
vn -0.836516 -0.224144 0.500000
vn -0.707107 0.000000 0.707107
vn -0.683013 0.183013 0.707107
vn -0.612372 0.353553 0.707107
vn -0.500000 0.500000 0.707107
vn -0.353553 0.612372 0.707107
vn -0.183013 0.683013 0.707107
vn 0.000000 0.707107 0.707107
vn 0.183013 0.683013 0.707107
vn 0.353553 0.612372 0.707107
vn 0.500000 0.500000 0.707107
vn 0.612372 0.353553 0.707107
vn 0.683013 0.183013 0.707107
vn 0.707107 -0.000000 0.707107
vn 0.683013 -0.183013 0.707107
vn 0.612372 -0.353553 0.707107
vn 0.500000 -0.500000 0.707107
vn 0.353553 -0.612372 0.707107
vn 0.183013 -0.683013 0.707107
vn 0.000000 -0.707107 0.707107
vn -0.183013 -0.683013 0.707107
vn -0.353553 -0.612372 0.707107
vn -0.500000 -0.500000 0.707107
vn -0.612372 -0.353553 0.707107
vn -0.683013 -0.183013 0.707107
vn -0.500000 0.000000 0.866025
vn -0.482963 0.129410 0.866025
vn -0.433013 0.250000 0.866025
vn -0.353553 0.353553 0.866025
vn -0.250000 0.433013 0.866025
vn -0.129410 0.482963 0.866025
vn 0.000000 0.500000 0.866025
vn 0.129410 0.482963 0.866025
vn 0.250000 0.433013 0.866025
vn 0.353553 0.353553 0.866025
vn 0.433013 0.250000 0.866025
vn 0.482963 0.129410 0.866025
vn 0.500000 -0.000000 0.866025
vn 0.482963 -0.129410 0.866025
vn 0.433013 -0.250000 0.866025
vn 0.353553 -0.353553 0.866025
vn 0.250000 -0.433013 0.866025
vn 0.129410 -0.482963 0.866025
vn 0.000000 -0.500000 0.866025
vn -0.129410 -0.482963 0.866025
vn -0.250000 -0.433013 0.866025
vn -0.353553 -0.353553 0.866025
vn -0.433013 -0.250000 0.866025
vn -0.482963 -0.129410 0.866025
vn -0.965926 -0.258819 0.000000
vn -1.000000 -0.000000 0.000000
vn -0.965926 0.258819 -0.000000
vn -0.866025 0.500000 -0.000000
vn -0.707107 0.707107 -0.000000
vn -0.500000 0.866025 -0.000000
vn -0.258819 0.965926 -0.000000
vn -0.000000 1.000000 -0.000000
vn 0.258819 0.965926 -0.000000
vn 0.500000 0.866025 -0.000000
vn 0.707107 0.707107 -0.000000
vn 0.866025 0.500000 -0.000000
vn 0.965926 0.258819 -0.000000
vn 1.000000 0.000000 -0.000000
vn 0.965926 -0.258819 -0.000000
vn 0.866025 -0.500000 -0.000000
vn 0.707107 -0.707107 -0.000000
vn 0.500000 -0.866025 -0.000000
vn 0.258819 -0.965926 -0.000000
vn -0.000000 -1.000000 0.000000
vn -0.258819 -0.965926 0.000000
vn -0.500000 -0.866025 0.000000
vn -0.707107 -0.707107 0.000000
vn -0.866025 -0.500000 0.000000
vn -0.362222 -0.097057 -0.927025
vn -0.562554 -0.150736 -0.812903
vn -0.375000 -0.000000 -0.927025
vn -0.582399 -0.000000 -0.812903
vn -0.362222 0.097057 -0.927025
vn -0.562554 0.150736 -0.812903
vn -0.324759 0.187500 -0.927025
vn -0.504372 0.291199 -0.812903
vn -0.265165 0.265165 -0.927025
vn -0.411818 0.411818 -0.812903
vn -0.187500 0.324759 -0.927025
vn -0.291199 0.504372 -0.812903
vn -0.097057 0.362222 -0.927025
vn -0.150736 0.562554 -0.812903
vn 0.000000 0.375000 -0.927025
vn 0.000000 0.582399 -0.812903
vn 0.097057 0.362222 -0.927025
vn 0.150736 0.562554 -0.812903
vn 0.187500 0.324759 -0.927025
vn 0.291199 0.504372 -0.812903
vn 0.265165 0.265165 -0.927025
vn 0.411818 0.411818 -0.812903
vn 0.324759 0.187500 -0.927025
vn 0.504372 0.291199 -0.812903
vn 0.362222 0.097057 -0.927025
vn 0.562554 0.150736 -0.812903
vn 0.375000 0.000000 -0.927025
vn 0.582399 0.000000 -0.812903
vn 0.362222 -0.097057 -0.927025
vn 0.562554 -0.150736 -0.812903
vn 0.324759 -0.187500 -0.927025
vn 0.504372 -0.291199 -0.812903
vn 0.265165 -0.265165 -0.927025
vn 0.411818 -0.411818 -0.812903
vn 0.187500 -0.324759 -0.927025
vn 0.291199 -0.504372 -0.812903
vn 0.097057 -0.362222 -0.927025
vn 0.150736 -0.562554 -0.812903
vn 0.000000 -0.375000 -0.927025
vn 0.000000 -0.582399 -0.812903
vn -0.097057 -0.362222 -0.927025
vn -0.150736 -0.562554 -0.812903
vn -0.187500 -0.324759 -0.927025
vn -0.291199 -0.504372 -0.812903
vn -0.265165 -0.265165 -0.927025
vn -0.411818 -0.411818 -0.812903
vn -0.324759 -0.187500 -0.927025
vn -0.504372 -0.291199 -0.812903
vn -0.938862 0.251567 -0.235060
vn -0.971981 0.000000 -0.235060
vn -0.938862 -0.251567 -0.235060
vn -0.841760 -0.485990 -0.235060
vn -0.687294 -0.687294 -0.235060
vn -0.485990 -0.841760 -0.235060
vn -0.251567 -0.938862 -0.235060
vn 0.000000 -0.971981 -0.235060
vn 0.251567 -0.938862 -0.235060
vn 0.485990 -0.841760 -0.235060
vn 0.687294 -0.687294 -0.235060
vn 0.841760 -0.485990 -0.235060
vn 0.938862 -0.251567 -0.235060
vn 0.971981 0.000000 -0.235060
vn 0.938862 0.251567 -0.235060
vn 0.841760 0.485990 -0.235060
vn 0.687294 0.687294 -0.235060
vn 0.485990 0.841760 -0.235060
vn 0.251567 0.938862 -0.235060
vn 0.000000 0.971981 -0.235060
vn -0.251567 0.938862 -0.235060
vn -0.485990 0.841760 -0.235060
vn -0.687294 0.687294 -0.235060
vn -0.841760 0.485990 -0.235060
vn -0.757161 0.000000 -0.653228
vn -0.731362 0.195968 -0.653228
vn -0.655721 0.378581 -0.653228
vn -0.535394 0.535394 -0.653228
vn -0.378581 0.655721 -0.653228
vn -0.195968 0.731362 -0.653228
vn 0.000000 0.757161 -0.653228
vn 0.195968 0.731362 -0.653228
vn 0.378581 0.655721 -0.653228
vn 0.535394 0.535394 -0.653228
vn 0.655721 0.378581 -0.653228
vn 0.731362 0.195968 -0.653228
vn 0.757161 0.000000 -0.653228
vn 0.731362 -0.195968 -0.653228
vn 0.655721 -0.378581 -0.653228
vn 0.535394 -0.535394 -0.653228
vn 0.378581 -0.655721 -0.653228
vn 0.195968 -0.731362 -0.653228
vn 0.000000 -0.757161 -0.653228
vn -0.195968 -0.731362 -0.653228
vn -0.378581 -0.655721 -0.653228
vn -0.535394 -0.535394 -0.653228
vn -0.655721 -0.378581 -0.653228
vn -0.731362 -0.195968 -0.653228
vn -0.889494 0.000000 -0.456947
vn -0.859185 0.230218 -0.456947
vn -0.770324 0.444747 -0.456947
vn -0.628967 0.628967 -0.456947
vn -0.444747 0.770324 -0.456947
vn -0.230218 0.859185 -0.456947
vn 0.000000 0.889494 -0.456947
vn 0.230218 0.859185 -0.456947
vn 0.444747 0.770324 -0.456947
vn 0.628967 0.628967 -0.456947
vn 0.770324 0.444747 -0.456947
vn 0.859185 0.230218 -0.456947
vn 0.889494 0.000000 -0.456947
vn 0.859185 -0.230218 -0.456947
vn 0.770324 -0.444747 -0.456947
vn 0.628967 -0.628967 -0.456947
vn 0.444747 -0.770324 -0.456947
vn 0.230218 -0.859185 -0.456947
vn 0.000000 -0.889494 -0.456947
vn -0.230218 -0.859185 -0.456947
vn -0.444747 -0.770324 -0.456947
vn -0.628967 -0.628967 -0.456947
vn -0.770324 -0.444747 -0.456947
vn -0.859185 -0.230218 -0.456947
vn 0.965926 0.258819 -0.000000
vn 0.933013 0.250000 0.258819
vn 1.000000 -0.000000 -0.000000
vn 0.965926 -0.000000 0.258819
vn 0.965926 -0.258819 -0.000000
vn 0.933013 -0.250000 0.258819
vn 0.866025 -0.500000 -0.000000
vn 0.836516 -0.482963 0.258819
vn 0.707107 -0.707107 -0.000000
vn 0.683013 -0.683013 0.258819
vn 0.500000 -0.866025 -0.000000
vn 0.482963 -0.836516 0.258819
vn 0.258819 -0.965926 -0.000000
vn 0.250000 -0.933013 0.258819
vn 0.000000 -1.000000 -0.000000
vn 0.000000 -0.965926 0.258819
vn -0.258819 -0.965926 0.000000
vn -0.250000 -0.933013 0.258819
vn -0.500000 -0.866025 0.000000
vn -0.482963 -0.836516 0.258819
vn -0.707107 -0.707107 0.000000
vn -0.683013 -0.683013 0.258819
vn -0.866025 -0.500000 0.000000
vn -0.836516 -0.482963 0.258819
vn -0.965926 -0.258819 0.000000
vn -0.933013 -0.250000 0.258819
vn -1.000000 -0.000000 0.000000
vn -0.965926 -0.000000 0.258819
vn -0.965926 0.258819 -0.000000
vn -0.933013 0.250000 0.258819
vn -0.866025 0.500000 -0.000000
vn -0.836516 0.482963 0.258819
vn -0.707107 0.707107 -0.000000
vn -0.683013 0.683013 0.258819
vn -0.500000 0.866025 -0.000000
vn -0.482963 0.836516 0.258819
vn -0.258819 0.965926 -0.000000
vn -0.250000 0.933013 0.258819
vn 0.000000 1.000000 -0.000000
vn 0.000000 0.965926 0.258819
vn 0.258819 0.965926 -0.000000
vn 0.250000 0.933013 0.258819
vn 0.500000 0.866025 -0.000000
vn 0.482963 0.836516 0.258819
vn 0.707107 0.707107 -0.000000
vn 0.683013 0.683013 0.258819
vn 0.866025 0.500000 -0.000000
vn 0.836516 0.482963 0.258819
vn -0.000000 0.000000 1.000000
vn 0.250000 -0.066987 0.965926
vn 0.000000 -0.000000 1.000000
vn 0.258819 -0.000000 0.965926
vn -0.000000 -0.000000 1.000000
vn 0.250000 0.066987 0.965926
vn -0.000000 -0.000000 1.000000
vn 0.224144 0.129410 0.965926
vn 0.000000 0.000000 1.000000
vn 0.183013 0.183013 0.965926
vn -0.000000 -0.000000 1.000000
vn 0.129410 0.224144 0.965926
vn 0.000000 0.000000 1.000000
vn 0.066987 0.250000 0.965926
vn -0.000000 -0.000000 1.000000
vn 0.000000 0.258819 0.965926
vn -0.000000 0.000000 1.000000
vn -0.066987 0.250000 0.965926
vn -0.000000 0.000000 1.000000
vn -0.129410 0.224144 0.965926
vn -0.000000 0.000000 1.000000
vn -0.183013 0.183013 0.965926
vn 0.000000 -0.000000 1.000000
vn -0.224144 0.129410 0.965926
vn 0.000000 -0.000000 1.000000
vn -0.250000 0.066987 0.965926
vn 0.000000 -0.000000 1.000000
vn -0.258819 0.000000 0.965926
vn 0.000000 0.000000 1.000000
vn -0.250000 -0.066987 0.965926
vn 0.000000 0.000000 1.000000
vn -0.224144 -0.129410 0.965926
vn -0.000000 -0.000000 1.000000
vn -0.183013 -0.183013 0.965926
vn -0.000000 -0.000000 1.000000
vn -0.129410 -0.224144 0.965926
vn -0.000000 -0.000000 1.000000
vn -0.066987 -0.250000 0.965926
vn -0.000000 0.000000 1.000000
vn 0.000000 -0.258819 0.965926
vn 0.000000 -0.000000 1.000000
vn 0.066987 -0.250000 0.965926
vn 0.000000 -0.000000 1.000000
vn 0.129410 -0.224144 0.965926
vn 0.000000 -0.000000 1.000000
vn 0.183013 -0.183013 0.965926
vn -0.000000 0.000000 1.000000
vn 0.224144 -0.129410 0.965926
vn -0.866025 0.000000 0.500000
vn -0.836516 0.224144 0.500000
vn -0.750000 0.433013 0.500000
vn -0.612372 0.612372 0.500000
vn -0.433013 0.750000 0.500000
vn -0.224144 0.836516 0.500000
vn 0.000000 0.866025 0.500000
vn 0.224144 0.836516 0.500000
vn 0.433013 0.750000 0.500000
vn 0.612372 0.612372 0.500000
vn 0.750000 0.433013 0.500000
vn 0.836516 0.224144 0.500000
vn 0.866025 -0.000000 0.500000
vn 0.836516 -0.224144 0.500000
vn 0.750000 -0.433013 0.500000
vn 0.612372 -0.612372 0.500000
vn 0.433013 -0.750000 0.500000
vn 0.224144 -0.836516 0.500000
vn 0.000000 -0.866025 0.500000
vn -0.224144 -0.836516 0.500000
vn -0.433013 -0.750000 0.500000
vn -0.612372 -0.612372 0.500000
vn -0.750000 -0.433013 0.500000
vn -0.836516 -0.224144 0.500000
vn -0.707107 0.000000 0.707107
vn -0.683013 0.183013 0.707107
vn -0.612372 0.353553 0.707107
vn -0.500000 0.500000 0.707107
vn -0.353553 0.612372 0.707107
vn -0.183013 0.683013 0.707107
vn 0.000000 0.707107 0.707107
vn 0.183013 0.683013 0.707107
vn 0.353553 0.612372 0.707107
vn 0.500000 0.500000 0.707107
vn 0.612372 0.353553 0.707107
vn 0.683013 0.183013 0.707107
vn 0.707107 -0.000000 0.707107
vn 0.683013 -0.183013 0.707107
vn 0.612372 -0.353553 0.707107
vn 0.500000 -0.500000 0.707107
vn 0.353553 -0.612372 0.707107
vn 0.183013 -0.683013 0.707107
vn 0.000000 -0.707107 0.707107
vn -0.183013 -0.683013 0.707107
vn -0.353553 -0.612372 0.707107
vn -0.500000 -0.500000 0.707107
vn -0.612372 -0.353553 0.707107
vn -0.683013 -0.183013 0.707107
vn -0.500000 0.000000 0.866025
vn -0.482963 0.129410 0.866025
vn -0.433013 0.250000 0.866025
vn -0.353553 0.353553 0.866025
vn -0.250000 0.433013 0.866025
vn -0.129410 0.482963 0.866025
vn 0.000000 0.500000 0.866025
vn 0.129410 0.482963 0.866025
vn 0.250000 0.433013 0.866025
vn 0.353553 0.353553 0.866025
vn 0.433013 0.250000 0.866025
vn 0.482963 0.129410 0.866025
vn 0.500000 -0.000000 0.866025
vn 0.482963 -0.129410 0.866025
vn 0.433013 -0.250000 0.866025
vn 0.353553 -0.353553 0.866025
vn 0.250000 -0.433013 0.866025
vn 0.129410 -0.482963 0.866025
vn 0.000000 -0.500000 0.866025
vn -0.129410 -0.482963 0.866025
vn -0.250000 -0.433013 0.866025
vn -0.353553 -0.353553 0.866025
vn -0.433013 -0.250000 0.866025
vn -0.482963 -0.129410 0.866025
vn -0.965926 -0.258819 0.000000
vn -1.000000 -0.000000 0.000000
vn -0.965926 0.258819 -0.000000
vn -0.866025 0.500000 -0.000000
vn -0.707107 0.707107 -0.000000
vn -0.500000 0.866025 -0.000000
vn -0.258819 0.965926 -0.000000
vn -0.000000 1.000000 -0.000000
vn 0.258819 0.965926 -0.000000
vn 0.500000 0.866025 -0.000000
vn 0.707107 0.707107 -0.000000
vn 0.866025 0.500000 -0.000000
vn 0.965926 0.258819 -0.000000
vn 1.000000 0.000000 -0.000000
vn 0.965926 -0.258819 -0.000000
vn 0.866025 -0.500000 -0.000000
vn 0.707107 -0.707107 -0.000000
vn 0.500000 -0.866025 -0.000000
vn 0.258819 -0.965926 -0.000000
vn -0.000000 -1.000000 0.000000
vn -0.258819 -0.965926 0.000000
vn -0.500000 -0.866025 0.000000
vn -0.707107 -0.707107 0.000000
vn -0.866025 -0.500000 0.000000
vn -0.362222 -0.097057 -0.927025
vn -0.562554 -0.150736 -0.812903
vn -0.375000 -0.000000 -0.927025
vn -0.582399 -0.000000 -0.812903
vn -0.362222 0.097057 -0.927025
vn -0.562554 0.150736 -0.812903
vn -0.324759 0.187500 -0.927025
vn -0.504372 0.291199 -0.812903
vn -0.265165 0.265165 -0.927025
vn -0.411818 0.411818 -0.812903
vn -0.187500 0.324759 -0.927025
vn -0.291199 0.504372 -0.812903
vn -0.097057 0.362222 -0.927025
vn -0.150736 0.562554 -0.812903
vn 0.000000 0.375000 -0.927025
vn 0.000000 0.582399 -0.812903
vn 0.097057 0.362222 -0.927025
vn 0.150736 0.562554 -0.812903
vn 0.187500 0.324759 -0.927025
vn 0.291199 0.504372 -0.812903
vn 0.265165 0.265165 -0.927025
vn 0.411818 0.411818 -0.812903
vn 0.324759 0.187500 -0.927025
vn 0.504372 0.291199 -0.812903
vn 0.362222 0.097057 -0.927025
vn 0.562554 0.150736 -0.812903
vn 0.375000 0.000000 -0.927025
vn 0.582399 0.000000 -0.812903
vn 0.362222 -0.097057 -0.927025
vn 0.562554 -0.150736 -0.812903
vn 0.324759 -0.187500 -0.927025
vn 0.504372 -0.291199 -0.812903
vn 0.265165 -0.265165 -0.927025
vn 0.411818 -0.411818 -0.812903
vn 0.187500 -0.324759 -0.927025
vn 0.291199 -0.504372 -0.812903
vn 0.097057 -0.362222 -0.927025
vn 0.150736 -0.562554 -0.812903
vn 0.000000 -0.375000 -0.927025
vn 0.000000 -0.582399 -0.812903
vn -0.097057 -0.362222 -0.927025
vn -0.150736 -0.562554 -0.812903
vn -0.187500 -0.324759 -0.927025
vn -0.291199 -0.504372 -0.812903
vn -0.265165 -0.265165 -0.927025
vn -0.411818 -0.411818 -0.812903
vn -0.324759 -0.187500 -0.927025
vn -0.504372 -0.291199 -0.812903
vn -0.938862 0.251567 -0.235060
vn -0.971981 0.000000 -0.235060
vn -0.938862 -0.251567 -0.235060
vn -0.841760 -0.485990 -0.235060
vn -0.687294 -0.687294 -0.235060
vn -0.485990 -0.841760 -0.235060
vn -0.251567 -0.938862 -0.235060
vn 0.000000 -0.971981 -0.235060
vn 0.251567 -0.938862 -0.235060
vn 0.485990 -0.841760 -0.235060
vn 0.687294 -0.687294 -0.235060
vn 0.841760 -0.485990 -0.235060
vn 0.938862 -0.251567 -0.235060
vn 0.971981 0.000000 -0.235060
vn 0.938862 0.251567 -0.235060
vn 0.841760 0.485990 -0.235060
vn 0.687294 0.687294 -0.235060
vn 0.485990 0.841760 -0.235060
vn 0.251567 0.938862 -0.235060
vn 0.000000 0.971981 -0.235060
vn -0.251567 0.938862 -0.235060
vn -0.485990 0.841760 -0.235060
vn -0.687294 0.687294 -0.235060
vn -0.841760 0.485990 -0.235060
vn -0.757161 0.000000 -0.653228
vn -0.731362 0.195968 -0.653228
vn -0.655721 0.378581 -0.653228
vn -0.535394 0.535394 -0.653228
vn -0.378581 0.655721 -0.653228
vn -0.195968 0.731362 -0.653228
vn 0.000000 0.757161 -0.653228
vn 0.195968 0.731362 -0.653228
vn 0.378581 0.655721 -0.653228
vn 0.535394 0.535394 -0.653228
vn 0.655721 0.378581 -0.653228
vn 0.731362 0.195968 -0.653228
vn 0.757161 0.000000 -0.653228
vn 0.731362 -0.195968 -0.653228
vn 0.655721 -0.378581 -0.653228
vn 0.535394 -0.535394 -0.653228
vn 0.378581 -0.655721 -0.653228
vn 0.195968 -0.731362 -0.653228
vn 0.000000 -0.757161 -0.653228
vn -0.195968 -0.731362 -0.653228
vn -0.378581 -0.655721 -0.653228
vn -0.535394 -0.535394 -0.653228
vn -0.655721 -0.378581 -0.653228
vn -0.731362 -0.195968 -0.653228
vn -0.889494 0.000000 -0.456947
vn -0.859185 0.230218 -0.456947
vn -0.770324 0.444747 -0.456947
vn -0.628967 0.628967 -0.456947
vn -0.444747 0.770324 -0.456947
vn -0.230218 0.859185 -0.456947
vn 0.000000 0.889494 -0.456947
vn 0.230218 0.859185 -0.456947
vn 0.444747 0.770324 -0.456947
vn 0.628967 0.628967 -0.456947
vn 0.770324 0.444747 -0.456947
vn 0.859185 0.230218 -0.456947
vn 0.889494 0.000000 -0.456947
vn 0.859185 -0.230218 -0.456947
vn 0.770324 -0.444747 -0.456947
vn 0.628967 -0.628967 -0.456947
vn 0.444747 -0.770324 -0.456947
vn 0.230218 -0.859185 -0.456947
vn 0.000000 -0.889494 -0.456947
vn -0.230218 -0.859185 -0.456947
vn -0.444747 -0.770324 -0.456947
vn -0.628967 -0.628967 -0.456947
vn -0.770324 -0.444747 -0.456947
vn -0.859185 -0.230218 -0.456947
vn 0.965926 0.258819 -0.000000
vn 0.933013 0.250000 0.258819
vn 1.000000 -0.000000 -0.000000
vn 0.965926 -0.000000 0.258819
vn 0.965926 -0.258819 -0.000000
vn 0.933013 -0.250000 0.258819
vn 0.866025 -0.500000 -0.000000
vn 0.836516 -0.482963 0.258819
vn 0.707107 -0.707107 -0.000000
vn 0.683013 -0.683013 0.258819
vn 0.500000 -0.866025 -0.000000
vn 0.482963 -0.836516 0.258819
vn 0.258819 -0.965926 -0.000000
vn 0.250000 -0.933013 0.258819
vn 0.000000 -1.000000 -0.000000
vn 0.000000 -0.965926 0.258819
vn -0.258819 -0.965926 0.000000
vn -0.250000 -0.933013 0.258819
vn -0.500000 -0.866025 0.000000
vn -0.482963 -0.836516 0.258819
vn -0.707107 -0.707107 0.000000
vn -0.683013 -0.683013 0.258819
vn -0.866025 -0.500000 0.000000
vn -0.836516 -0.482963 0.258819
vn -0.965926 -0.258819 0.000000
vn -0.933013 -0.250000 0.258819
vn -1.000000 -0.000000 0.000000
vn -0.965926 -0.000000 0.258819
vn -0.965926 0.258819 -0.000000
vn -0.933013 0.250000 0.258819
vn -0.866025 0.500000 -0.000000
vn -0.836516 0.482963 0.258819
vn -0.707107 0.707107 -0.000000
vn -0.683013 0.683013 0.258819
vn -0.500000 0.866025 -0.000000
vn -0.482963 0.836516 0.258819
vn -0.258819 0.965926 -0.000000
vn -0.250000 0.933013 0.258819
vn 0.000000 1.000000 -0.000000
vn 0.000000 0.965926 0.258819
vn 0.258819 0.965926 -0.000000
vn 0.250000 0.933013 0.258819
vn 0.500000 0.866025 -0.000000
vn 0.482963 0.836516 0.258819
vn 0.707107 0.707107 -0.000000
vn 0.683013 0.683013 0.258819
vn 0.866025 0.500000 -0.000000
vn 0.836516 0.482963 0.258819
vn -0.000000 0.000000 1.000000
vn 0.250000 -0.066987 0.965926
vn -0.000000 -0.000000 1.000000
vn 0.258819 -0.000000 0.965926
vn -0.000000 -0.000000 1.000000
vn 0.250000 0.066987 0.965926
vn -0.000000 -0.000000 1.000000
vn 0.224144 0.129410 0.965926
vn 0.000000 0.000000 1.000000
vn 0.183013 0.183013 0.965926
vn -0.000000 -0.000000 1.000000
vn 0.129410 0.224144 0.965926
vn 0.000000 0.000000 1.000000
vn 0.066987 0.250000 0.965926
vn -0.000000 -0.000000 1.000000
vn 0.000000 0.258819 0.965926
vn -0.000000 0.000000 1.000000
vn -0.066987 0.250000 0.965926
vn -0.000000 0.000000 1.000000
vn -0.129410 0.224144 0.965926
vn -0.000000 0.000000 1.000000
vn -0.183013 0.183013 0.965926
vn 0.000000 -0.000000 1.000000
vn -0.224144 0.129410 0.965926
vn 0.000000 -0.000000 1.000000
vn -0.250000 0.066987 0.965926
vn 0.000000 -0.000000 1.000000
vn -0.258819 0.000000 0.965926
vn 0.000000 0.000000 1.000000
vn -0.250000 -0.066987 0.965926
vn 0.000000 0.000000 1.000000
vn -0.224144 -0.129410 0.965926
vn -0.000000 -0.000000 1.000000
vn -0.183013 -0.183013 0.965926
vn -0.000000 -0.000000 1.000000
vn -0.129410 -0.224144 0.965926
vn -0.000000 -0.000000 1.000000
vn -0.066987 -0.250000 0.965926
vn -0.000000 0.000000 1.000000
vn 0.000000 -0.258819 0.965926
vn 0.000000 -0.000000 1.000000
vn 0.066987 -0.250000 0.965926
vn 0.000000 -0.000000 1.000000
vn 0.129410 -0.224144 0.965926
vn 0.000000 -0.000000 1.000000
vn 0.183013 -0.183013 0.965926
vn -0.000000 0.000000 1.000000
vn 0.224144 -0.129410 0.965926
vn -0.866025 0.000000 0.500000
vn -0.836516 0.224144 0.500000
vn -0.750000 0.433013 0.500000
vn -0.612372 0.612372 0.500000
vn -0.433013 0.750000 0.500000
vn -0.224144 0.836516 0.500000
vn 0.000000 0.866025 0.500000
vn 0.224144 0.836516 0.500000
vn 0.433013 0.750000 0.500000
vn 0.612372 0.612372 0.500000
vn 0.750000 0.433013 0.500000
vn 0.836516 0.224144 0.500000
vn 0.866025 -0.000000 0.500000
vn 0.836516 -0.224144 0.500000
vn 0.750000 -0.433013 0.500000
vn 0.612372 -0.612372 0.500000
vn 0.433013 -0.750000 0.500000
vn 0.224144 -0.836516 0.500000
vn 0.000000 -0.866025 0.500000
vn -0.224144 -0.836516 0.500000
vn -0.433013 -0.750000 0.500000
vn -0.612372 -0.612372 0.500000
vn -0.750000 -0.433013 0.500000
vn -0.836516 -0.224144 0.500000
vn -0.707107 0.000000 0.707107
vn -0.683013 0.183013 0.707107
vn -0.612372 0.353553 0.707107
vn -0.500000 0.500000 0.707107
vn -0.353553 0.612372 0.707107
vn -0.183013 0.683013 0.707107
vn 0.000000 0.707107 0.707107
vn 0.183013 0.683013 0.707107
vn 0.353553 0.612372 0.707107
vn 0.500000 0.500000 0.707107
vn 0.612372 0.353553 0.707107
vn 0.683013 0.183013 0.707107
vn 0.707107 -0.000000 0.707107
vn 0.683013 -0.183013 0.707107
vn 0.612372 -0.353553 0.707107
vn 0.500000 -0.500000 0.707107
vn 0.353553 -0.612372 0.707107
vn 0.183013 -0.683013 0.707107
vn 0.000000 -0.707107 0.707107
vn -0.183013 -0.683013 0.707107
vn -0.353553 -0.612372 0.707107
vn -0.500000 -0.500000 0.707107
vn -0.612372 -0.353553 0.707107
vn -0.683013 -0.183013 0.707107
vn -0.500000 0.000000 0.866025
vn -0.482963 0.129410 0.866025
vn -0.433013 0.250000 0.866025
vn -0.353553 0.353553 0.866025
vn -0.250000 0.433013 0.866025
vn -0.129410 0.482963 0.866025
vn 0.000000 0.500000 0.866025
vn 0.129410 0.482963 0.866025
vn 0.250000 0.433013 0.866025
vn 0.353553 0.353553 0.866025
vn 0.433013 0.250000 0.866025
vn 0.482963 0.129410 0.866025
vn 0.500000 -0.000000 0.866025
vn 0.482963 -0.129410 0.866025
vn 0.433013 -0.250000 0.866025
vn 0.353553 -0.353553 0.866025
vn 0.250000 -0.433013 0.866025
vn 0.129410 -0.482963 0.866025
vn 0.000000 -0.500000 0.866025
vn -0.129410 -0.482963 0.866025
vn -0.250000 -0.433013 0.866025
vn -0.353553 -0.353553 0.866025
vn -0.433013 -0.250000 0.866025
vn -0.482963 -0.129410 0.866025
vn -0.965926 -0.258819 0.000000
vn -1.000000 -0.000000 0.000000
vn -0.965926 0.258819 -0.000000
vn -0.866025 0.500000 -0.000000
vn -0.707107 0.707107 -0.000000
vn -0.500000 0.866025 -0.000000
vn -0.258819 0.965926 -0.000000
vn -0.000000 1.000000 -0.000000
vn 0.258819 0.965926 -0.000000
vn 0.500000 0.866025 -0.000000
vn 0.707107 0.707107 -0.000000
vn 0.866025 0.500000 -0.000000
vn 0.965926 0.258819 -0.000000
vn 1.000000 0.000000 -0.000000
vn 0.965926 -0.258819 -0.000000
vn 0.866025 -0.500000 -0.000000
vn 0.707107 -0.707107 -0.000000
vn 0.500000 -0.866025 -0.000000
vn 0.258819 -0.965926 -0.000000
vn -0.000000 -1.000000 0.000000
vn -0.258819 -0.965926 0.000000
vn -0.500000 -0.866025 0.000000
vn -0.707107 -0.707107 0.000000
vn -0.866025 -0.500000 0.000000
vn -0.362222 -0.097057 -0.927025
vn -0.562554 -0.150736 -0.812903
vn -0.375000 -0.000000 -0.927025
vn -0.582399 -0.000000 -0.812903
vn -0.362222 0.097057 -0.927025
vn -0.562554 0.150736 -0.812903
vn -0.324759 0.187500 -0.927025
vn -0.504372 0.291199 -0.812903
vn -0.265165 0.265165 -0.927025
vn -0.411818 0.411818 -0.812903
vn -0.187500 0.324759 -0.927025
vn -0.291199 0.504372 -0.812903
vn -0.097057 0.362222 -0.927025
vn -0.150736 0.562554 -0.812903
vn 0.000000 0.375000 -0.927025
vn 0.000000 0.582399 -0.812903
vn 0.097057 0.362222 -0.927025
vn 0.150736 0.562554 -0.812903
vn 0.187500 0.324759 -0.927025
vn 0.291199 0.504372 -0.812903
vn 0.265165 0.265165 -0.927025
vn 0.411818 0.411818 -0.812903
vn 0.324759 0.187500 -0.927025
vn 0.504372 0.291199 -0.812903
vn 0.362222 0.097057 -0.927025
vn 0.562554 0.150736 -0.812903
vn 0.375000 0.000000 -0.927025
vn 0.582399 0.000000 -0.812903
vn 0.362222 -0.097057 -0.927025
vn 0.562554 -0.150736 -0.812903
vn 0.324759 -0.187500 -0.927025
vn 0.504372 -0.291199 -0.812903
vn 0.265165 -0.265165 -0.927025
vn 0.411818 -0.411818 -0.812903
vn 0.187500 -0.324759 -0.927025
vn 0.291199 -0.504372 -0.812903
vn 0.097057 -0.362222 -0.927025
vn 0.150736 -0.562554 -0.812903
vn 0.000000 -0.375000 -0.927025
vn 0.000000 -0.582399 -0.812903
vn -0.097057 -0.362222 -0.927025
vn -0.150736 -0.562554 -0.812903
vn -0.187500 -0.324759 -0.927025
vn -0.291199 -0.504372 -0.812903
vn -0.265165 -0.265165 -0.927025
vn -0.411818 -0.411818 -0.812903
vn -0.324759 -0.187500 -0.927025
vn -0.504372 -0.291199 -0.812903
vn -0.938862 0.251567 -0.235060
vn -0.971981 0.000000 -0.235060
vn -0.938862 -0.251567 -0.235060
vn -0.841760 -0.485990 -0.235060
vn -0.687294 -0.687294 -0.235060
vn -0.485990 -0.841760 -0.235060
vn -0.251567 -0.938862 -0.235060
vn 0.000000 -0.971981 -0.235060
vn 0.251567 -0.938862 -0.235060
vn 0.485990 -0.841760 -0.235060
vn 0.687294 -0.687294 -0.235060
vn 0.841760 -0.485990 -0.235060
vn 0.938862 -0.251567 -0.235060
vn 0.971981 0.000000 -0.235060
vn 0.938862 0.251567 -0.235060
vn 0.841760 0.485990 -0.235060
vn 0.687294 0.687294 -0.235060
vn 0.485990 0.841760 -0.235060
vn 0.251567 0.938862 -0.235060
vn 0.000000 0.971981 -0.235060
vn -0.251567 0.938862 -0.235060
vn -0.485990 0.841760 -0.235060
vn -0.687294 0.687294 -0.235060
vn -0.841760 0.485990 -0.235060
vn -0.757161 0.000000 -0.653228
vn -0.731362 0.195968 -0.653228
vn -0.655721 0.378581 -0.653228
vn -0.535394 0.535394 -0.653228
vn -0.378581 0.655721 -0.653228
vn -0.195968 0.731362 -0.653228
vn 0.000000 0.757161 -0.653228
vn 0.195968 0.731362 -0.653228
vn 0.378581 0.655721 -0.653228
vn 0.535394 0.535394 -0.653228
vn 0.655721 0.378581 -0.653228
vn 0.731362 0.195968 -0.653228
vn 0.757161 0.000000 -0.653228
vn 0.731362 -0.195968 -0.653228
vn 0.655721 -0.378581 -0.653228
vn 0.535394 -0.535394 -0.653228
vn 0.378581 -0.655721 -0.653228
vn 0.195968 -0.731362 -0.653228
vn 0.000000 -0.757161 -0.653228
vn -0.195968 -0.731362 -0.653228
vn -0.378581 -0.655721 -0.653228
vn -0.535394 -0.535394 -0.653228
vn -0.655721 -0.378581 -0.653228
vn -0.731362 -0.195968 -0.653228
vn -0.889494 0.000000 -0.456947
vn -0.859185 0.230218 -0.456947
vn -0.770324 0.444747 -0.456947
vn -0.628967 0.628967 -0.456947
vn -0.444747 0.770324 -0.456947
vn -0.230218 0.859185 -0.456947
vn 0.000000 0.889494 -0.456947
vn 0.230218 0.859185 -0.456947
vn 0.444747 0.770324 -0.456947
vn 0.628967 0.628967 -0.456947
vn 0.770324 0.444747 -0.456947
vn 0.859185 0.230218 -0.456947
vn 0.889494 0.000000 -0.456947
vn 0.859185 -0.230218 -0.456947
vn 0.770324 -0.444747 -0.456947
vn 0.628967 -0.628967 -0.456947
vn 0.444747 -0.770324 -0.456947
vn 0.230218 -0.859185 -0.456947
vn 0.000000 -0.889494 -0.456947
vn -0.230218 -0.859185 -0.456947
vn -0.444747 -0.770324 -0.456947
vn -0.628967 -0.628967 -0.456947
vn -0.770324 -0.444747 -0.456947
vn -0.859185 -0.230218 -0.456947
vn 0.965926 0.258819 -0.000000
vn 0.933013 0.250000 0.258819
vn 1.000000 -0.000000 -0.000000
vn 0.965926 -0.000000 0.258819
vn 0.965926 -0.258819 -0.000000
vn 0.933013 -0.250000 0.258819
vn 0.866025 -0.500000 -0.000000
vn 0.836516 -0.482963 0.258819
vn 0.707107 -0.707107 -0.000000
vn 0.683013 -0.683013 0.258819
vn 0.500000 -0.866025 -0.000000
vn 0.482963 -0.836516 0.258819
vn 0.258819 -0.965926 -0.000000
vn 0.250000 -0.933013 0.258819
vn 0.000000 -1.000000 -0.000000
vn 0.000000 -0.965926 0.258819
vn -0.258819 -0.965926 0.000000
vn -0.250000 -0.933013 0.258819
vn -0.500000 -0.866025 0.000000
vn -0.482963 -0.836516 0.258819
vn -0.707107 -0.707107 0.000000
vn -0.683013 -0.683013 0.258819
vn -0.866025 -0.500000 0.000000
vn -0.836516 -0.482963 0.258819
vn -0.965926 -0.258819 0.000000
vn -0.933013 -0.250000 0.258819
vn -1.000000 -0.000000 0.000000
vn -0.965926 -0.000000 0.258819
vn -0.965926 0.258819 -0.000000
vn -0.933013 0.250000 0.258819
vn -0.866025 0.500000 -0.000000
vn -0.836516 0.482963 0.258819
vn -0.707107 0.707107 -0.000000
vn -0.683013 0.683013 0.258819
vn -0.500000 0.866025 -0.000000
vn -0.482963 0.836516 0.258819
vn -0.258819 0.965926 -0.000000
vn -0.250000 0.933013 0.258819
vn 0.000000 1.000000 -0.000000
vn 0.000000 0.965926 0.258819
vn 0.258819 0.965926 -0.000000
vn 0.250000 0.933013 0.258819
vn 0.500000 0.866025 -0.000000
vn 0.482963 0.836516 0.258819
vn 0.707107 0.707107 -0.000000
vn 0.683013 0.683013 0.258819
vn 0.866025 0.500000 -0.000000
vn 0.836516 0.482963 0.258819
vn -0.000000 0.000000 1.000000
vn 0.250000 -0.066987 0.965926
vn -0.000000 -0.000000 1.000000
vn 0.258819 -0.000000 0.965926
vn -0.000000 -0.000000 1.000000
vn 0.250000 0.066987 0.965926
vn -0.000000 -0.000000 1.000000
vn 0.224144 0.129410 0.965926
vn 0.000000 0.000000 1.000000
vn 0.183013 0.183013 0.965926
vn -0.000000 -0.000000 1.000000
vn 0.129410 0.224144 0.965926
vn 0.000000 0.000000 1.000000
vn 0.066987 0.250000 0.965926
vn -0.000000 -0.000000 1.000000
vn 0.000000 0.258819 0.965926
vn -0.000000 0.000000 1.000000
vn -0.066987 0.250000 0.965926
vn -0.000000 0.000000 1.000000
vn -0.129410 0.224144 0.965926
vn -0.000000 0.000000 1.000000
vn -0.183013 0.183013 0.965926
vn 0.000000 -0.000000 1.000000
vn -0.224144 0.129410 0.965926
vn 0.000000 -0.000000 1.000000
vn -0.250000 0.066987 0.965926
vn 0.000000 -0.000000 1.000000
vn -0.258819 0.000000 0.965926
vn 0.000000 0.000000 1.000000
vn -0.250000 -0.066987 0.965926
vn 0.000000 0.000000 1.000000
vn -0.224144 -0.129410 0.965926
vn -0.000000 -0.000000 1.000000
vn -0.183013 -0.183013 0.965926
vn -0.000000 -0.000000 1.000000
vn -0.129410 -0.224144 0.965926
vn -0.000000 -0.000000 1.000000
vn -0.066987 -0.250000 0.965926
vn -0.000000 0.000000 1.000000
vn 0.000000 -0.258819 0.965926
vn 0.000000 -0.000000 1.000000
vn 0.066987 -0.250000 0.965926
vn 0.000000 -0.000000 1.000000
vn 0.129410 -0.224144 0.965926
vn 0.000000 -0.000000 1.000000
vn 0.183013 -0.183013 0.965926
vn -0.000000 0.000000 1.000000
vn 0.224144 -0.129410 0.965926
vn -0.866025 0.000000 0.500000
vn -0.836516 0.224144 0.500000
vn -0.750000 0.433013 0.500000
vn -0.612372 0.612372 0.500000
vn -0.433013 0.750000 0.500000
vn -0.224144 0.836516 0.500000
vn 0.000000 0.866025 0.500000
vn 0.224144 0.836516 0.500000
vn 0.433013 0.750000 0.500000
vn 0.612372 0.612372 0.500000
vn 0.750000 0.433013 0.500000
vn 0.836516 0.224144 0.500000
vn 0.866025 -0.000000 0.500000
vn 0.836516 -0.224144 0.500000
vn 0.750000 -0.433013 0.500000
vn 0.612372 -0.612372 0.500000
vn 0.433013 -0.750000 0.500000
vn 0.224144 -0.836516 0.500000
vn 0.000000 -0.866025 0.500000
vn -0.224144 -0.836516 0.500000
vn -0.433013 -0.750000 0.500000
vn -0.612372 -0.612372 0.500000
vn -0.750000 -0.433013 0.500000
vn -0.836516 -0.224144 0.500000
vn -0.707107 0.000000 0.707107
vn -0.683013 0.183013 0.707107
vn -0.612372 0.353553 0.707107
vn -0.500000 0.500000 0.707107
vn -0.353553 0.612372 0.707107
vn -0.183013 0.683013 0.707107
vn 0.000000 0.707107 0.707107
vn 0.183013 0.683013 0.707107
vn 0.353553 0.612372 0.707107
vn 0.500000 0.500000 0.707107
vn 0.612372 0.353553 0.707107
vn 0.683013 0.183013 0.707107
vn 0.707107 -0.000000 0.707107
vn 0.683013 -0.183013 0.707107
vn 0.612372 -0.353553 0.707107
vn 0.500000 -0.500000 0.707107
vn 0.353553 -0.612372 0.707107
vn 0.183013 -0.683013 0.707107
vn 0.000000 -0.707107 0.707107
vn -0.183013 -0.683013 0.707107
vn -0.353553 -0.612372 0.707107
vn -0.500000 -0.500000 0.707107
vn -0.612372 -0.353553 0.707107
vn -0.683013 -0.183013 0.707107
vn -0.500000 0.000000 0.866025
vn -0.482963 0.129410 0.866025
vn -0.433013 0.250000 0.866025
vn -0.353553 0.353553 0.866025
vn -0.250000 0.433013 0.866025
vn -0.129410 0.482963 0.866025
vn 0.000000 0.500000 0.866025
vn 0.129410 0.482963 0.866025
vn 0.250000 0.433013 0.866025
vn 0.353553 0.353553 0.866025
vn 0.433013 0.250000 0.866025
vn 0.482963 0.129410 0.866025
vn 0.500000 -0.000000 0.866025
vn 0.482963 -0.129410 0.866025
vn 0.433013 -0.250000 0.866025
vn 0.353553 -0.353553 0.866025
vn 0.250000 -0.433013 0.866025
vn 0.129410 -0.482963 0.866025
vn 0.000000 -0.500000 0.866025
vn -0.129410 -0.482963 0.866025
vn -0.250000 -0.433013 0.866025
vn -0.353553 -0.353553 0.866025
vn -0.433013 -0.250000 0.866025
vn -0.482963 -0.129410 0.866025
vn -0.965926 -0.258819 0.000000
vn -1.000000 -0.000000 0.000000
vn -0.965926 0.258819 -0.000000
vn -0.866025 0.500000 -0.000000
vn -0.707107 0.707107 -0.000000
vn -0.500000 0.866025 -0.000000
vn -0.258819 0.965926 -0.000000
vn -0.000000 1.000000 -0.000000
vn 0.258819 0.965926 -0.000000
vn 0.500000 0.866025 -0.000000
vn 0.707107 0.707107 -0.000000
vn 0.866025 0.500000 -0.000000
vn 0.965926 0.258819 -0.000000
vn 1.000000 0.000000 -0.000000
vn 0.965926 -0.258819 -0.000000
vn 0.866025 -0.500000 -0.000000
vn 0.707107 -0.707107 -0.000000
vn 0.500000 -0.866025 -0.000000
vn 0.258819 -0.965926 -0.000000
vn -0.000000 -1.000000 0.000000
vn -0.258819 -0.965926 0.000000
vn -0.500000 -0.866025 0.000000
vn -0.707107 -0.707107 0.000000
vn -0.866025 -0.500000 0.000000
vn -0.362222 -0.097057 -0.927025
vn -0.562554 -0.150736 -0.812903
vn -0.375000 -0.000000 -0.927025
vn -0.582399 -0.000000 -0.812903
vn -0.362222 0.097057 -0.927025
vn -0.562554 0.150736 -0.812903
vn -0.324759 0.187500 -0.927025
vn -0.504372 0.291199 -0.812903
vn -0.265165 0.265165 -0.927025
vn -0.411818 0.411818 -0.812903
vn -0.187500 0.324759 -0.927025
vn -0.291199 0.504372 -0.812903
vn -0.097057 0.362222 -0.927025
vn -0.150736 0.562554 -0.812903
vn 0.000000 0.375000 -0.927025
vn 0.000000 0.582399 -0.812903
vn 0.097057 0.362222 -0.927025
vn 0.150736 0.562554 -0.812903
vn 0.187500 0.324759 -0.927025
vn 0.291199 0.504372 -0.812903
vn 0.265165 0.265165 -0.927025
vn 0.411818 0.411818 -0.812903
vn 0.324759 0.187500 -0.927025
vn 0.504372 0.291199 -0.812903
vn 0.362222 0.097057 -0.927025
vn 0.562554 0.150736 -0.812903
vn 0.375000 0.000000 -0.927025
vn 0.582399 0.000000 -0.812903
vn 0.362222 -0.097057 -0.927025
vn 0.562554 -0.150736 -0.812903
vn 0.324759 -0.187500 -0.927025
vn 0.504372 -0.291199 -0.812903
vn 0.265165 -0.265165 -0.927025
vn 0.411818 -0.411818 -0.812903
vn 0.187500 -0.324759 -0.927025
vn 0.291199 -0.504372 -0.812903
vn 0.097057 -0.362222 -0.927025
vn 0.150736 -0.562554 -0.812903
vn 0.000000 -0.375000 -0.927025
vn 0.000000 -0.582399 -0.812903
vn -0.097057 -0.362222 -0.927025
vn -0.150736 -0.562554 -0.812903
vn -0.187500 -0.324759 -0.927025
vn -0.291199 -0.504372 -0.812903
vn -0.265165 -0.265165 -0.927025
vn -0.411818 -0.411818 -0.812903
vn -0.324759 -0.187500 -0.927025
vn -0.504372 -0.291199 -0.812903
vn -0.938862 0.251567 -0.235060
vn -0.971981 0.000000 -0.235060
vn -0.938862 -0.251567 -0.235060
vn -0.841760 -0.485990 -0.235060
vn -0.687294 -0.687294 -0.235060
vn -0.485990 -0.841760 -0.235060
vn -0.251567 -0.938862 -0.235060
vn 0.000000 -0.971981 -0.235060
vn 0.251567 -0.938862 -0.235060
vn 0.485990 -0.841760 -0.235060
vn 0.687294 -0.687294 -0.235060
vn 0.841760 -0.485990 -0.235060
vn 0.938862 -0.251567 -0.235060
vn 0.971981 0.000000 -0.235060
vn 0.938862 0.251567 -0.235060
vn 0.841760 0.485990 -0.235060
vn 0.687294 0.687294 -0.235060
vn 0.485990 0.841760 -0.235060
vn 0.251567 0.938862 -0.235060
vn 0.000000 0.971981 -0.235060
vn -0.251567 0.938862 -0.235060
vn -0.485990 0.841760 -0.235060
vn -0.687294 0.687294 -0.235060
vn -0.841760 0.485990 -0.235060
vn -0.757161 0.000000 -0.653228
vn -0.731362 0.195968 -0.653228
vn -0.655721 0.378581 -0.653228
vn -0.535394 0.535394 -0.653228
vn -0.378581 0.655721 -0.653228
vn -0.195968 0.731362 -0.653228
vn 0.000000 0.757161 -0.653228
vn 0.195968 0.731362 -0.653228
vn 0.378581 0.655721 -0.653228
vn 0.535394 0.535394 -0.653228
vn 0.655721 0.378581 -0.653228
vn 0.731362 0.195968 -0.653228
vn 0.757161 0.000000 -0.653228
vn 0.731362 -0.195968 -0.653228
vn 0.655721 -0.378581 -0.653228
vn 0.535394 -0.535394 -0.653228
vn 0.378581 -0.655721 -0.653228
vn 0.195968 -0.731362 -0.653228
vn 0.000000 -0.757161 -0.653228
vn -0.195968 -0.731362 -0.653228
vn -0.378581 -0.655721 -0.653228
vn -0.535394 -0.535394 -0.653228
vn -0.655721 -0.378581 -0.653228
vn -0.731362 -0.195968 -0.653228
vn -0.889494 0.000000 -0.456947
vn -0.859185 0.230218 -0.456947
vn -0.770324 0.444747 -0.456947
vn -0.628967 0.628967 -0.456947
vn -0.444747 0.770324 -0.456947
vn -0.230218 0.859185 -0.456947
vn 0.000000 0.889494 -0.456947
vn 0.230218 0.859185 -0.456947
vn 0.444747 0.770324 -0.456947
vn 0.628967 0.628967 -0.456947
vn 0.770324 0.444747 -0.456947
vn 0.859185 0.230218 -0.456947
vn 0.889494 0.000000 -0.456947
vn 0.859185 -0.230218 -0.456947
vn 0.770324 -0.444747 -0.456947
vn 0.628967 -0.628967 -0.456947
vn 0.444747 -0.770324 -0.456947
vn 0.230218 -0.859185 -0.456947
vn 0.000000 -0.889494 -0.456947
vn -0.230218 -0.859185 -0.456947
vn -0.444747 -0.770324 -0.456947
vn -0.628967 -0.628967 -0.456947
vn -0.770324 -0.444747 -0.456947
vn -0.859185 -0.230218 -0.456947
vn -0.965926 0.258819 -0.000000
vn -0.965926 0.258819 -0.000000
vn -1.000000 -0.000000 0.000000
vn -1.000000 -0.000000 0.000000
vn -0.965926 -0.258819 0.000000
vn -0.965926 -0.258819 0.000000
vn -0.866025 -0.500000 0.000000
vn -0.866025 -0.500000 0.000000
vn -0.707107 -0.707107 0.000000
vn -0.707107 -0.707107 0.000000
vn -0.500000 -0.866025 0.000000
vn -0.500000 -0.866025 0.000000
vn -0.258819 -0.965926 0.000000
vn -0.258819 -0.965926 0.000000
vn -0.000000 -1.000000 0.000000
vn -0.000000 -1.000000 0.000000
vn 0.258819 -0.965926 -0.000000
vn 0.258819 -0.965926 -0.000000
vn 0.500000 -0.866025 -0.000000
vn 0.500000 -0.866025 -0.000000
vn 0.707107 -0.707107 -0.000000
vn 0.707107 -0.707107 -0.000000
vn 0.866025 -0.500000 -0.000000
vn 0.866025 -0.500000 -0.000000
vn 0.965926 -0.258819 -0.000000
vn 0.965926 -0.258819 -0.000000
vn 1.000000 -0.000000 -0.000000
vn 1.000000 -0.000000 -0.000000
vn 0.965926 0.258819 -0.000000
vn 0.965926 0.258819 -0.000000
vn 0.866025 0.500000 -0.000000
vn 0.866025 0.500000 -0.000000
vn 0.707107 0.707107 -0.000000
vn 0.707107 0.707107 -0.000000
vn 0.500000 0.866025 -0.000000
vn 0.500000 0.866025 -0.000000
vn 0.258819 0.965926 -0.000000
vn 0.258819 0.965926 -0.000000
vn -0.000000 1.000000 -0.000000
vn -0.000000 1.000000 -0.000000
vn -0.258819 0.965926 -0.000000
vn -0.258819 0.965926 -0.000000
vn -0.500000 0.866025 -0.000000
vn -0.500000 0.866025 -0.000000
vn -0.707107 0.707107 -0.000000
vn -0.707107 0.707107 -0.000000
vn -0.866025 0.500000 -0.000000
vn -0.866025 0.500000 -0.000000
vn 0.965926 0.258819 -0.000000
vn 1.000000 0.000000 -0.000000
vn 0.965926 -0.258819 -0.000000
vn 0.866025 -0.500000 -0.000000
vn 0.707107 -0.707107 -0.000000
vn 0.500000 -0.866025 -0.000000
vn 0.258819 -0.965926 -0.000000
vn -0.000000 -1.000000 0.000000
vn -0.258819 -0.965926 0.000000
vn -0.500000 -0.866025 0.000000
vn -0.707107 -0.707107 0.000000
vn -0.866025 -0.500000 0.000000
vn -0.965926 -0.258819 0.000000
vn -1.000000 -0.000000 0.000000
vn -0.965926 0.258819 -0.000000
vn -0.866025 0.500000 -0.000000
vn -0.707107 0.707107 -0.000000
vn -0.500000 0.866025 -0.000000
vn -0.258819 0.965926 -0.000000
vn -0.000000 1.000000 -0.000000
vn 0.258819 0.965926 -0.000000
vn 0.500000 0.866025 -0.000000
vn 0.707107 0.707107 -0.000000
vn 0.866025 0.500000 -0.000000
vn -0.965926 0.258819 -0.000000
vn -0.965926 0.258819 -0.000000
vn -1.000000 -0.000000 0.000000
vn -1.000000 -0.000000 0.000000
vn -0.965926 -0.258819 0.000000
vn -0.965926 -0.258819 0.000000
vn -0.866025 -0.500000 0.000000
vn -0.866025 -0.500000 0.000000
vn -0.707107 -0.707107 0.000000
vn -0.707107 -0.707107 0.000000
vn -0.500000 -0.866025 0.000000
vn -0.500000 -0.866025 0.000000
vn -0.258819 -0.965926 0.000000
vn -0.258819 -0.965926 0.000000
vn -0.000000 -1.000000 0.000000
vn -0.000000 -1.000000 0.000000
vn 0.258819 -0.965926 -0.000000
vn 0.258819 -0.965926 -0.000000
vn 0.500000 -0.866025 -0.000000
vn 0.500000 -0.866025 -0.000000
vn 0.707107 -0.707107 -0.000000
vn 0.707107 -0.707107 -0.000000
vn 0.866025 -0.500000 -0.000000
vn 0.866025 -0.500000 -0.000000
vn 0.965926 -0.258819 -0.000000
vn 0.965926 -0.258819 -0.000000
vn 1.000000 -0.000000 -0.000000
vn 1.000000 -0.000000 -0.000000
vn 0.965926 0.258819 -0.000000
vn 0.965926 0.258819 -0.000000
vn 0.866025 0.500000 -0.000000
vn 0.866025 0.500000 -0.000000
vn 0.707107 0.707107 -0.000000
vn 0.707107 0.707107 -0.000000
vn 0.500000 0.866025 -0.000000
vn 0.500000 0.866025 -0.000000
vn 0.258819 0.965926 -0.000000
vn 0.258819 0.965926 -0.000000
vn -0.000000 1.000000 -0.000000
vn -0.000000 1.000000 -0.000000
vn -0.258819 0.965926 -0.000000
vn -0.258819 0.965926 -0.000000
vn -0.500000 0.866025 -0.000000
vn -0.500000 0.866025 -0.000000
vn -0.707107 0.707107 -0.000000
vn -0.707107 0.707107 -0.000000
vn -0.866025 0.500000 -0.000000
vn -0.866025 0.500000 -0.000000
vn 0.965926 0.258819 -0.000000
vn 1.000000 0.000000 -0.000000
vn 0.965926 -0.258819 -0.000000
vn 0.866025 -0.500000 -0.000000
vn 0.707107 -0.707107 -0.000000
vn 0.500000 -0.866025 -0.000000
vn 0.258819 -0.965926 -0.000000
vn -0.000000 -1.000000 0.000000
vn -0.258819 -0.965926 0.000000
vn -0.500000 -0.866025 0.000000
vn -0.707107 -0.707107 0.000000
vn -0.866025 -0.500000 0.000000
vn -0.965926 -0.258819 0.000000
vn -1.000000 -0.000000 0.000000
vn -0.965926 0.258819 -0.000000
vn -0.866025 0.500000 -0.000000
vn -0.707107 0.707107 -0.000000
vn -0.500000 0.866025 -0.000000
vn -0.258819 0.965926 -0.000000
vn -0.000000 1.000000 -0.000000
vn 0.258819 0.965926 -0.000000
vn 0.500000 0.866025 -0.000000
vn 0.707107 0.707107 -0.000000
vn 0.866025 0.500000 -0.000000
vn -0.965926 0.258819 -0.000000
vn -0.965926 0.258819 -0.000000
vn -1.000000 -0.000000 0.000000
vn -1.000000 -0.000000 0.000000
vn -0.965926 -0.258819 0.000000
vn -0.965926 -0.258819 0.000000
vn -0.866025 -0.500000 0.000000
vn -0.866025 -0.500000 0.000000
vn -0.707107 -0.707107 0.000000
vn -0.707107 -0.707107 0.000000
vn -0.500000 -0.866025 0.000000
vn -0.500000 -0.866025 0.000000
vn -0.258819 -0.965926 0.000000
vn -0.258819 -0.965926 0.000000
vn -0.000000 -1.000000 0.000000
vn -0.000000 -1.000000 0.000000
vn 0.258819 -0.965926 -0.000000
vn 0.258819 -0.965926 -0.000000
vn 0.500000 -0.866025 -0.000000
vn 0.500000 -0.866025 -0.000000
vn 0.707107 -0.707107 -0.000000
vn 0.707107 -0.707107 -0.000000
vn 0.866025 -0.500000 -0.000000
vn 0.866025 -0.500000 -0.000000
vn 0.965926 -0.258819 -0.000000
vn 0.965926 -0.258819 -0.000000
vn 1.000000 -0.000000 -0.000000
vn 1.000000 -0.000000 -0.000000
vn 0.965926 0.258819 -0.000000
vn 0.965926 0.258819 -0.000000
vn 0.866025 0.500000 -0.000000
vn 0.866025 0.500000 -0.000000
vn 0.707107 0.707107 -0.000000
vn 0.707107 0.707107 -0.000000
vn 0.500000 0.866025 -0.000000
vn 0.500000 0.866025 -0.000000
vn 0.258819 0.965926 -0.000000
vn 0.258819 0.965926 -0.000000
vn -0.000000 1.000000 -0.000000
vn -0.000000 1.000000 -0.000000
vn -0.258819 0.965926 -0.000000
vn -0.258819 0.965926 -0.000000
vn -0.500000 0.866025 -0.000000
vn -0.500000 0.866025 -0.000000
vn -0.707107 0.707107 -0.000000
vn -0.707107 0.707107 -0.000000
vn -0.866025 0.500000 -0.000000
vn -0.866025 0.500000 -0.000000
vn 0.965926 0.258819 -0.000000
vn 1.000000 0.000000 -0.000000
vn 0.965926 -0.258819 -0.000000
vn 0.866025 -0.500000 -0.000000
vn 0.707107 -0.707107 -0.000000
vn 0.500000 -0.866025 -0.000000
vn 0.258819 -0.965926 -0.000000
vn -0.000000 -1.000000 0.000000
vn -0.258819 -0.965926 0.000000
vn -0.500000 -0.866025 0.000000
vn -0.707107 -0.707107 0.000000
vn -0.866025 -0.500000 0.000000
vn -0.965926 -0.258819 0.000000
vn -1.000000 -0.000000 0.000000
vn -0.965926 0.258819 -0.000000
vn -0.866025 0.500000 -0.000000
vn -0.707107 0.707107 -0.000000
vn -0.500000 0.866025 -0.000000
vn -0.258819 0.965926 -0.000000
vn -0.000000 1.000000 -0.000000
vn 0.258819 0.965926 -0.000000
vn 0.500000 0.866025 -0.000000
vn 0.707107 0.707107 -0.000000
vn 0.866025 0.500000 -0.000000
vn -0.965926 0.258819 -0.000000
vn -0.965926 0.258819 -0.000000
vn -1.000000 -0.000000 0.000000
vn -1.000000 -0.000000 0.000000
vn -0.965926 -0.258819 0.000000
vn -0.965926 -0.258819 0.000000
vn -0.866025 -0.500000 0.000000
vn -0.866025 -0.500000 0.000000
vn -0.707107 -0.707107 0.000000
vn -0.707107 -0.707107 0.000000
vn -0.500000 -0.866025 0.000000
vn -0.500000 -0.866025 0.000000
vn -0.258819 -0.965926 0.000000
vn -0.258819 -0.965926 0.000000
vn -0.000000 -1.000000 0.000000
vn -0.000000 -1.000000 0.000000
vn 0.258819 -0.965926 -0.000000
vn 0.258819 -0.965926 -0.000000
vn 0.500000 -0.866025 -0.000000
vn 0.500000 -0.866025 -0.000000
vn 0.707107 -0.707107 -0.000000
vn 0.707107 -0.707107 -0.000000
vn 0.866025 -0.500000 -0.000000
vn 0.866025 -0.500000 -0.000000
vn 0.965926 -0.258819 -0.000000
vn 0.965926 -0.258819 -0.000000
vn 1.000000 -0.000000 -0.000000
vn 1.000000 -0.000000 -0.000000
vn 0.965926 0.258819 -0.000000
vn 0.965926 0.258819 -0.000000
vn 0.866025 0.500000 -0.000000
vn 0.866025 0.500000 -0.000000
vn 0.707107 0.707107 -0.000000
vn 0.707107 0.707107 -0.000000
vn 0.500000 0.866025 -0.000000
vn 0.500000 0.866025 -0.000000
vn 0.258819 0.965926 -0.000000
vn 0.258819 0.965926 -0.000000
vn -0.000000 1.000000 -0.000000
vn -0.000000 1.000000 -0.000000
vn -0.258819 0.965926 -0.000000
vn -0.258819 0.965926 -0.000000
vn -0.500000 0.866025 -0.000000
vn -0.500000 0.866025 -0.000000
vn -0.707107 0.707107 -0.000000
vn -0.707107 0.707107 -0.000000
vn -0.866025 0.500000 -0.000000
vn -0.866025 0.500000 -0.000000
vn 0.965926 0.258819 -0.000000
vn 1.000000 0.000000 -0.000000
vn 0.965926 -0.258819 -0.000000
vn 0.866025 -0.500000 -0.000000
vn 0.707107 -0.707107 -0.000000
vn 0.500000 -0.866025 -0.000000
vn 0.258819 -0.965926 -0.000000
vn -0.000000 -1.000000 0.000000
vn -0.258819 -0.965926 0.000000
vn -0.500000 -0.866025 0.000000
vn -0.707107 -0.707107 0.000000
vn -0.866025 -0.500000 0.000000
vn -0.965926 -0.258819 0.000000
vn -1.000000 -0.000000 0.000000
vn -0.965926 0.258819 -0.000000
vn -0.866025 0.500000 -0.000000
vn -0.707107 0.707107 -0.000000
vn -0.500000 0.866025 -0.000000
vn -0.258819 0.965926 -0.000000
vn -0.000000 1.000000 -0.000000
vn 0.258819 0.965926 -0.000000
vn 0.500000 0.866025 -0.000000
vn 0.707107 0.707107 -0.000000
vn 0.866025 0.500000 -0.000000
vn 0.615460 0.340815 0.710672
vn 0.547723 0.547723 0.632456
vn 0.436081 0.436081 0.787190
vn 0.340815 0.615460 0.710672
vn 0.308356 0.534088 0.787190
vn 0.159617 0.595697 0.787190
vn 0.110952 0.414079 0.903453
vn 0.000000 0.428687 0.903453
vn 0.000000 0.219712 0.975565
vn -0.056866 0.212226 0.975565
vn -0.000000 0.000000 1.000000
vn 0.115668 0.650260 0.750855
vn 0.000000 0.616711 0.787190
vn -0.110952 0.414079 0.903453
vn -0.109856 0.190276 0.975565
vn -0.115668 0.650260 0.750855
vn -0.159617 0.595697 0.787190
vn -0.214343 0.371254 0.903453
vn -0.155360 0.155360 0.975565
vn -0.340815 0.615460 0.710672
vn -0.308356 0.534088 0.787190
vn -0.303127 0.303127 0.903453
vn -0.190276 0.109856 0.975565
vn -0.436081 0.436081 0.787190
vn -0.547723 0.547723 0.632456
vn -0.615460 0.340815 0.710672
vn -0.650260 0.115668 0.750855
vn -0.595697 0.159617 0.787190
vn -0.534088 0.308356 0.787190
vn -0.371254 0.214343 0.903453
vn -0.616711 0.000000 0.787190
vn -0.650260 -0.115668 0.750855
vn -0.595697 -0.159617 0.787190
vn -0.615460 -0.340815 0.710672
vn -0.534088 -0.308356 0.787190
vn -0.436081 -0.436081 0.787190
vn -0.303127 -0.303127 0.903453
vn -0.214343 -0.371254 0.903453
vn -0.109856 -0.190276 0.975565
vn -0.056866 -0.212226 0.975565
vn -0.547723 -0.547723 0.632456
vn -0.340815 -0.615460 0.710672
vn -0.308356 -0.534088 0.787190
vn -0.159617 -0.595697 0.787190
vn -0.110952 -0.414079 0.903453
vn 0.000000 -0.428687 0.903453
vn 0.000000 -0.219712 0.975565
vn 0.056866 -0.212226 0.975565
vn -0.115668 -0.650260 0.750855
vn 0.000000 -0.616711 0.787190
vn 0.110952 -0.414079 0.903453
vn 0.109856 -0.190276 0.975565
vn 0.115668 -0.650260 0.750855
vn 0.159617 -0.595697 0.787190
vn 0.214343 -0.371254 0.903453
vn 0.155360 -0.155360 0.975565
vn 0.340815 -0.615460 0.710672
vn 0.308356 -0.534088 0.787190
vn 0.303127 -0.303127 0.903453
vn 0.190276 -0.109856 0.975565
vn 0.436081 -0.436081 0.787190
vn 0.547723 -0.547723 0.632456
vn 0.615460 -0.340815 0.710672
vn 0.650260 -0.115668 0.750855
vn 0.595697 -0.159617 0.787190
vn 0.534088 -0.308356 0.787190
vn 0.371254 -0.214343 0.903453
vn 0.616711 0.000000 0.787190
vn 0.650260 0.115668 0.750855
vn 0.595697 0.159617 0.787190
vn 0.534088 0.308356 0.787190
vn 0.303127 0.303127 0.903453
vn 0.214343 0.371254 0.903453
vn 0.109856 0.190276 0.975565
vn 0.056866 0.212226 0.975565
vn -0.219712 0.000000 0.975565
vn -0.212226 0.056866 0.975565
vn 0.155360 0.155360 0.975565
vn 0.190276 0.109856 0.975565
vn 0.212226 0.056866 0.975565
vn 0.219712 0.000000 0.975565
vn 0.212226 -0.056866 0.975565
vn -0.155360 -0.155360 0.975565
vn -0.190276 -0.109856 0.975565
vn -0.212226 -0.056866 0.975565
vn -0.428687 0.000000 0.903453
vn -0.414079 0.110952 0.903453
vn -0.414079 -0.110952 0.903453
vn -0.371254 -0.214343 0.903453
vn 0.371254 0.214343 0.903453
vn 0.414079 -0.110952 0.903453
vn 0.428687 0.000000 0.903453
vn 0.414079 0.110952 0.903453
vn -0.615171 -0.341134 0.710769
vn -0.636256 -0.323058 0.700579
vn -0.547322 -0.549139 0.631574
vn -0.739022 -0.214012 0.638784
vn -0.747023 -0.289613 0.598398
vn -0.866022 -0.000008 0.500006
vn -0.663425 -0.165275 0.729761
vn -0.650289 -0.117763 0.750504
vn -0.672894 0.000000 0.739739
vn -0.650289 0.117763 0.750504
vn -0.662886 0.169901 0.729189
vn -0.615171 0.341134 0.710769
vn -0.629551 0.350742 0.693286
vn -0.547322 0.549139 0.631574
vn -0.747023 0.289613 0.598398
vn -0.866022 0.000009 0.500006
vn -0.735747 0.232902 0.635950
vn -0.866022 0.000004 0.500006
vn -0.751899 0.111113 0.649847
vn -0.866022 -0.000000 0.500006
vn -0.756621 0.000000 0.653854
vn -0.866022 -0.000004 0.500006
vn -0.752157 -0.108047 0.650067
vn 0.341134 -0.615171 0.710769
vn 0.323058 -0.636256 0.700579
vn 0.549139 -0.547322 0.631574
vn 0.214012 -0.739022 0.638784
vn 0.289613 -0.747023 0.598398
vn 0.000008 -0.866022 0.500006
vn 0.165275 -0.663425 0.729761
vn 0.117763 -0.650289 0.750504
vn 0.000000 -0.672894 0.739739
vn -0.117763 -0.650289 0.750504
vn -0.169901 -0.662886 0.729189
vn -0.341134 -0.615171 0.710769
vn -0.350742 -0.629551 0.693286
vn -0.549139 -0.547322 0.631574
vn -0.289613 -0.747023 0.598398
vn -0.000009 -0.866022 0.500006
vn -0.232902 -0.735747 0.635950
vn -0.000004 -0.866022 0.500006
vn -0.111113 -0.751899 0.649847
vn -0.000000 -0.866022 0.500006
vn 0.000000 -0.756621 0.653854
vn 0.000004 -0.866022 0.500006
vn 0.108047 -0.752157 0.650067
vn 0.747023 0.289613 0.598398
vn 0.547322 0.549139 0.631574
vn 0.628409 0.355220 0.692041
vn 0.615171 0.341134 0.710769
vn 0.661738 0.179340 0.727970
vn 0.650289 0.117763 0.750504
vn 0.672894 -0.000000 0.739739
vn 0.650289 -0.117763 0.750504
vn 0.664141 -0.158927 0.730520
vn 0.615171 -0.341134 0.710769
vn 0.639006 -0.310924 0.703561
vn 0.547322 -0.549139 0.631574
vn 0.747023 -0.289613 0.598398
vn 0.866022 0.000014 0.500006
vn 0.866022 -0.000008 0.500006
vn 0.866022 -0.000004 0.500006
vn 0.866022 0.000000 0.500006
vn 0.866022 0.000004 0.500006
vn 0.866022 0.000009 0.500006
vn -0.289613 0.747023 0.598398
vn -0.549139 0.547322 0.631574
vn -0.355220 0.628409 0.692041
vn -0.341134 0.615171 0.710769
vn -0.179340 0.661738 0.727970
vn -0.117763 0.650289 0.750504
vn 0.000000 0.672894 0.739739
vn 0.117763 0.650289 0.750504
vn 0.158927 0.664141 0.730520
vn 0.341134 0.615171 0.710769
vn 0.310924 0.639006 0.703561
vn 0.549139 0.547322 0.631574
vn 0.289613 0.747023 0.598398
vn -0.000014 0.866022 0.500006
vn 0.000008 0.866022 0.500006
vn 0.000004 0.866022 0.500006
vn -0.000000 0.866022 0.500006
vn -0.000004 0.866022 0.500006
vn -0.000009 0.866022 0.500006
vn -0.747070 0.289434 0.598426
vn -0.777839 0.233070 0.583648
vn -0.866025 0.000000 0.500000
vn -0.777839 0.233070 0.583648
vn -0.817621 0.146704 0.556753
vn -0.747070 0.289434 0.598426
vn -0.635907 0.450036 0.626969
vn -0.656284 0.424325 0.623890
vn -0.547723 0.547723 0.632456
vn -0.450036 0.635907 0.626969
vn -0.424325 0.656284 0.623890
vn -0.289434 0.747070 0.598426
vn -0.233070 0.777839 0.583648
vn -0.146704 0.817621 0.556753
vn 0.000000 0.866025 0.500000
vn -0.000000 0.866025 0.500000
vn -0.233070 0.777839 0.583648
vn -0.289434 0.747070 0.598426
vn -0.450036 0.635907 0.626969
vn -0.635907 0.450036 0.626969
vn -0.866025 -0.000000 0.500000
vn 0.289434 0.747070 0.598426
vn 0.233070 0.777839 0.583648
vn 0.233070 0.777839 0.583648
vn 0.146704 0.817621 0.556753
vn 0.289434 0.747070 0.598426
vn 0.450036 0.635907 0.626969
vn 0.424325 0.656284 0.623890
vn 0.547723 0.547723 0.632456
vn 0.635907 0.450036 0.626969
vn 0.656284 0.424325 0.623890
vn 0.747070 0.289434 0.598426
vn 0.777839 0.233070 0.583648
vn 0.817621 0.146704 0.556753
vn 0.866025 -0.000000 0.500000
vn 0.866025 0.000000 0.500000
vn 0.777839 0.233070 0.583648
vn 0.747070 0.289434 0.598426
vn 0.635907 0.450036 0.626969
vn 0.450036 0.635907 0.626969
vn -0.000000 0.866025 0.500000
vn -0.747070 -0.289434 0.598426
vn -0.635907 -0.450036 0.626969
vn -0.450036 -0.635907 0.626969
vn -0.289434 -0.747070 0.598426
vn -0.233070 -0.777839 0.583648
vn -0.000000 -0.866025 0.500000
vn -0.233070 -0.777839 0.583648
vn -0.146704 -0.817621 0.556753
vn -0.289434 -0.747070 0.598426
vn -0.450036 -0.635907 0.626969
vn -0.424325 -0.656284 0.623890
vn -0.547723 -0.547723 0.632456
vn -0.635907 -0.450036 0.626969
vn -0.656284 -0.424325 0.623890
vn -0.747070 -0.289434 0.598426
vn -0.777839 -0.233070 0.583648
vn -0.817621 -0.146704 0.556753
vn -0.866025 0.000000 0.500000
vn -0.777839 -0.233070 0.583648
vn 0.000000 -0.866025 0.500000
vn 0.866025 0.000000 0.500000
vn 0.289434 -0.747070 0.598426
vn 0.450036 -0.635907 0.626969
vn 0.635907 -0.450036 0.626969
vn 0.747070 -0.289434 0.598426
vn 0.777839 -0.233070 0.583648
vn 0.777839 -0.233070 0.583648
vn 0.817621 -0.146704 0.556753
vn 0.747070 -0.289434 0.598426
vn 0.635907 -0.450036 0.626969
vn 0.656284 -0.424325 0.623890
vn 0.547723 -0.547723 0.632456
vn 0.450036 -0.635907 0.626969
vn 0.424325 -0.656284 0.623890
vn 0.289434 -0.747070 0.598426
vn 0.233070 -0.777839 0.583648
vn 0.146704 -0.817621 0.556753
vn -0.000000 -0.866025 0.500000
vn 0.233070 -0.777839 0.583648
vn 0.000000 1.000000 0.000000
vn 0.000000 1.000000 0.000000
vn 0.000000 1.000000 0.000000
vn 0.000000 1.000000 0.000000
vn 0.000000 1.000000 0.000000
vn 0.000000 1.000000 0.000000
vn 0.000000 1.000000 0.000000
vn 0.000000 1.000000 0.000000
vn 0.000000 1.000000 0.000000
vn 0.000000 1.000000 0.000000
vn 0.000000 1.000000 0.000000
vn 0.000000 1.000000 0.000000
vn 1.000000 0.000000 0.000000
vn 1.000000 0.000000 0.000000
vn 1.000000 0.000000 0.000000
vn 1.000000 0.000000 0.000000
vn 1.000000 0.000000 0.000000
vn 1.000000 0.000000 0.000000
vn 1.000000 0.000000 0.000000
vn 1.000000 0.000000 0.000000
vn 1.000000 0.000000 0.000000
vn 1.000000 0.000000 0.000000
vn 1.000000 0.000000 0.000000
vn 1.000000 0.000000 0.000000
vn 0.000000 -1.000000 0.000000
vn 0.000000 -1.000000 0.000000
vn 0.000000 -1.000000 0.000000
vn 0.000000 -1.000000 0.000000
vn -1.000000 0.000000 0.000000
vn -1.000000 0.000000 0.000000
vn -1.000000 0.000000 0.000000
vn -1.000000 0.000000 0.000000
vn 0.000000 1.000000 0.000000
vn 0.000000 1.000000 0.000000
vn 0.000000 1.000000 0.000000
vn 0.000000 1.000000 0.000000
vn 1.000000 0.000000 0.000000
vn 1.000000 0.000000 0.000000
vn 1.000000 0.000000 0.000000
vn 1.000000 0.000000 0.000000
vn 0.000000 1.000000 0.000000
vn 0.000000 1.000000 0.000000
vn 0.000000 1.000000 0.000000
vn 0.000000 1.000000 0.000000
vn 1.000000 0.000000 0.000000
vn 1.000000 0.000000 0.000000
vn 1.000000 0.000000 0.000000
vn 1.000000 0.000000 0.000000
vn 0.000000 0.000000 1.000000
vn 0.000000 0.000000 1.000000
vn 0.000000 0.000000 1.000000
vn 0.000000 0.000000 1.000000
vn 0.000000 0.000000 1.000000
vn 0.000000 0.000000 1.000000
vn 0.000000 0.000000 1.000000
vn 0.000000 0.000000 1.000000
vn -1.000000 0.000000 0.000000
vn -1.000000 0.000000 0.000000
vn -1.000000 0.000000 0.000000
vn -1.000000 0.000000 0.000000
vn 0.000000 1.000000 0.000000
vn 0.000000 1.000000 0.000000
vn 0.000000 1.000000 0.000000
vn 0.000000 1.000000 0.000000
vn 1.000000 0.000000 0.000000
vn 1.000000 0.000000 0.000000
vn 1.000000 0.000000 0.000000
vn 1.000000 0.000000 0.000000
vn 0.000000 -1.000000 0.000000
vn 0.000000 -1.000000 0.000000
vn 0.000000 -1.000000 0.000000
vn 0.000000 -1.000000 0.000000
vn 0.000000 1.000000 0.000000
vn 0.000000 1.000000 0.000000
vn 0.000000 1.000000 0.000000
vn 0.000000 1.000000 0.000000
vn 1.000000 0.000000 0.000000
vn 1.000000 0.000000 0.000000
vn 1.000000 0.000000 0.000000
vn 1.000000 0.000000 0.000000
vn 0.000000 -1.000000 0.000000
vn 0.000000 -1.000000 0.000000
vn 0.000000 -1.000000 0.000000
vn 0.000000 -1.000000 0.000000
vn -1.000000 0.000000 0.000000
vn -1.000000 0.000000 0.000000
vn -1.000000 0.000000 0.000000
vn -1.000000 0.000000 0.000000
vn 0.000000 0.000000 1.000000
vn 0.000000 0.000000 1.000000
vn 0.000000 0.000000 1.000000
vn 0.000000 0.000000 1.000000
vn 0.000000 0.000000 1.000000
vn 0.000000 0.000000 1.000000
vn 0.000000 0.000000 1.000000
vn 0.000000 0.000000 1.000000
vn 0.000000 0.000000 1.000000
vn 0.000000 0.000000 1.000000
vn 0.000000 0.000000 1.000000
vn 0.000000 0.000000 1.000000
vn 0.000000 0.000000 1.000000
vn 0.000000 0.000000 1.000000
vn 0.000000 0.000000 1.000000
vn 0.000000 0.000000 1.000000
vn 0.000000 0.000000 1.000000
vn 0.000000 0.000000 1.000000
vn 0.000000 0.000000 1.000000
vn 0.000000 0.000000 1.000000
vn 0.000000 0.000000 1.000000
vn 0.000000 0.000000 1.000000
vn 0.000000 0.000000 1.000000
vn 0.000000 0.000000 1.000000
vn 0.000000 0.000000 1.000000
vn 0.000000 0.000000 1.000000
vn 0.000000 0.000000 1.000000
vn 0.000000 0.000000 1.000000
vn 0.000000 0.000000 1.000000
vn 0.000000 0.000000 1.000000
vn 0.000000 0.000000 1.000000
vn 0.000000 0.000000 1.000000
vn 0.000000 0.000000 1.000000
vn 0.000000 0.000000 1.000000
vn 0.000000 0.000000 1.000000
vn 0.000000 0.000000 1.000000
vn -1.000000 0.000000 0.000000
vn -1.000000 0.000000 0.000000
vn -1.000000 0.000000 0.000000
vn -1.000000 0.000000 0.000000
vn 0.000000 1.000000 0.000000
vn 0.000000 1.000000 0.000000
vn 0.000000 1.000000 0.000000
vn 0.000000 1.000000 0.000000
vn 1.000000 0.000000 0.000000
vn 1.000000 0.000000 0.000000
vn 1.000000 0.000000 0.000000
vn 1.000000 0.000000 0.000000
vn 0.000000 -1.000000 0.000000
vn 0.000000 -1.000000 0.000000
vn 0.000000 -1.000000 0.000000
vn 0.000000 -1.000000 0.000000
vn 0.000000 0.000000 1.000000
vn 0.000000 0.000000 1.000000
vn 0.000000 0.000000 1.000000
vn 0.000000 0.000000 1.000000
vn 0.000000 0.000000 1.000000
vn 0.000000 0.000000 1.000000
vn 0.000000 0.000000 1.000000
vn 0.000000 0.000000 1.000000
vn 0.000000 0.000000 1.000000
vn 0.000000 0.000000 1.000000
vn 0.000000 0.000000 1.000000
vn 0.000000 0.000000 1.000000
vn 0.000000 0.000000 1.000000
vn 0.000000 0.000000 1.000000
vn 0.000000 0.000000 1.000000
vn 0.000000 0.000000 1.000000
vn 0.000000 0.000000 1.000000
vn 0.000000 0.000000 1.000000
vn 0.000000 0.000000 1.000000
vn 0.000000 0.000000 1.000000
vn 0.000000 0.000000 1.000000
vn 0.000000 0.000000 1.000000
vn 0.000000 0.000000 1.000000
vn 0.000000 0.000000 1.000000
vn 0.000000 0.000000 1.000000
vn 0.000000 0.000000 1.000000
vn 0.000000 0.000000 1.000000
vn 0.000000 0.000000 1.000000
vn 1.000000 0.000000 0.000000
vn 1.000000 0.000000 0.000000
vn 1.000000 0.000000 0.000000
vn 1.000000 0.000000 0.000000
vn 0.000000 -1.000000 0.000000
vn 0.000000 -1.000000 0.000000
vn 0.000000 -1.000000 0.000000
vn 0.000000 -1.000000 0.000000
vn -1.000000 0.000000 0.000000
vn -1.000000 0.000000 0.000000
vn -1.000000 0.000000 0.000000
vn -1.000000 0.000000 0.000000
vn 0.000000 1.000000 0.000000
vn 0.000000 1.000000 0.000000
vn 0.000000 1.000000 0.000000
vn 0.000000 1.000000 0.000000
vn 0.000000 0.000000 1.000000
vn 0.000000 0.000000 1.000000
vn 0.000000 0.000000 1.000000
vn 0.000000 0.000000 1.000000
vn 0.000000 0.000000 1.000000
vn 0.000000 0.000000 1.000000
vn 0.000000 0.000000 1.000000
vn 0.000000 0.000000 1.000000
vn 0.000000 0.000000 1.000000
vn 0.000000 0.000000 1.000000
vn 0.000000 0.000000 1.000000
vn 0.000000 0.000000 1.000000
vn 0.000000 0.000000 1.000000
vn 0.000000 0.000000 1.000000
vn 0.000000 0.000000 1.000000
vn 0.000000 0.000000 1.000000
vn 0.000000 0.000000 1.000000
vn 0.000000 0.000000 1.000000
vn 0.000000 0.000000 1.000000
vn 0.000000 0.000000 1.000000
vn 0.000000 0.000000 1.000000
vn 0.000000 0.000000 1.000000
vn 0.000000 0.000000 1.000000
vn 0.000000 0.000000 1.000000
vn 0.000000 0.000000 1.000000
vn 0.000000 0.000000 1.000000
vn 0.000000 0.000000 1.000000
vn 0.000000 0.000000 1.000000
vn 0.000000 -1.000000 0.000000
vn 0.000000 -1.000000 0.000000
vn 0.000000 -1.000000 0.000000
vn 0.000000 -1.000000 0.000000
vn -1.000000 0.000000 0.000000
vn -1.000000 0.000000 0.000000
vn -1.000000 0.000000 0.000000
vn -1.000000 0.000000 0.000000
vn 0.000000 1.000000 0.000000
vn 0.000000 1.000000 0.000000
vn 0.000000 1.000000 0.000000
vn 0.000000 1.000000 0.000000
vn 1.000000 0.000000 0.000000
vn 1.000000 0.000000 0.000000
vn 1.000000 0.000000 0.000000
vn 1.000000 0.000000 0.000000
vn 0.000000 0.000000 1.000000
vn 0.000000 0.000000 1.000000
vn 0.000000 0.000000 1.000000
vn 0.000000 0.000000 1.000000
vn 0.000000 0.000000 1.000000
vn 0.000000 0.000000 1.000000
vn 0.000000 0.000000 1.000000
vn 0.000000 0.000000 1.000000
vn 0.000000 0.000000 1.000000
vn 0.000000 0.000000 1.000000
vn 0.000000 0.000000 1.000000
vn 0.000000 0.000000 1.000000
vn 0.000000 0.000000 1.000000
vn 0.000000 0.000000 1.000000
vn 0.000000 0.000000 1.000000
vn 0.000000 0.000000 1.000000
vn 0.000000 0.000000 1.000000
vn 0.000000 0.000000 1.000000
vn 0.000000 0.000000 1.000000
vn 0.000000 0.000000 1.000000
vn 0.000000 0.000000 1.000000
vn 0.000000 0.000000 1.000000
vn 0.000000 0.000000 1.000000
vn 0.000000 0.000000 1.000000
vn 0.000000 0.000000 1.000000
vn 0.000000 0.000000 1.000000
vn 0.000000 0.000000 1.000000
vn 0.000000 0.000000 1.000000
vn 0.000000 0.000000 1.000000
vn 0.000000 0.000000 1.000000
vn 0.000000 0.000000 1.000000
vn 0.000000 0.000000 1.000000
vn 0.000000 0.000000 1.000000
vn 0.000000 0.000000 1.000000
vn 0.000000 0.000000 1.000000
vn 0.000000 0.000000 1.000000
vn -1.000000 -0.000000 -0.000000
vn -1.000000 -0.000000 -0.000000
vn -0.980785 -0.000000 0.195090
vn -0.965926 -0.000000 0.258819
vn -0.923880 -0.000000 0.382683
vn -0.866025 -0.000000 0.500000
vn -0.831470 -0.000000 0.555570
vn -0.707107 -0.000000 0.707107
vn -0.707107 -0.000000 0.707107
vn -0.555570 -0.000000 0.831470
vn -0.500000 -0.000000 0.866025
vn -0.382683 -0.000000 0.923880
vn -0.258819 -0.000000 0.965926
vn -0.195090 -0.000000 0.980785
vn -0.098017 -0.000000 0.995185
vn 0.000000 0.000000 1.000000
vn 0.000000 0.000000 1.000000
vn -1.000000 0.000000 0.000000
vn -0.000000 -0.000000 1.000000
vn -0.000000 -0.000000 1.000000
vn 0.098017 -0.000000 0.995185
vn 0.258819 -0.000000 0.965926
vn 0.195090 -0.000000 0.980785
vn 0.382683 -0.000000 0.923880
vn 0.500000 -0.000000 0.866025
vn 0.555570 -0.000000 0.831470
vn 0.707107 -0.000000 0.707107
vn 0.707107 -0.000000 0.707107
vn 0.831470 -0.000000 0.555570
vn 0.866025 -0.000000 0.500000
vn 0.923880 -0.000000 0.382683
vn 0.965926 -0.000000 0.258819
vn 0.980785 -0.000000 0.195090
vn 1.000000 -0.000000 -0.000000
vn 1.000000 -0.000000 -0.000000
vn 1.000000 0.000000 0.000000
vn 0.000000 -0.707107 0.707107
vn 0.000000 -0.707107 0.707107
vn 0.000000 -0.707107 0.707107
vn 0.000000 -0.707107 0.707107
vn 0.000000 -0.707107 0.707107
vn 0.000000 -0.707107 0.707107
vn 0.000000 -0.707107 0.707107
vn 0.000000 -0.707107 0.707107
vn 0.000000 -0.707107 0.707107
vn 0.000000 -0.707107 0.707107
vn 0.000000 -0.707107 0.707107
vn 0.000000 -0.707107 0.707107
vn 0.000000 -0.707107 0.707107
vn 0.000000 -0.707107 0.707107
vn 0.000000 -0.707107 0.707107
vn 0.000000 -0.707107 0.707107
vn 0.000000 -0.707107 0.707107
vn 0.000000 -0.707107 0.707107
vn 0.000000 -0.707107 0.707107
vn 0.000000 -0.707107 0.707107
vn 0.000000 -0.707107 0.707107
vn 0.000000 -0.707107 0.707107
vn 0.000000 -0.707107 0.707107
vn 0.000000 -0.707107 0.707107
vn 0.000000 -0.707107 0.707107
vn 0.000000 -0.707107 0.707107
vn -1.000000 -0.000000 -0.000000
vn -1.000000 -0.000000 -0.000000
vn -1.000000 -0.000000 -0.000000
vn -1.000000 -0.000000 -0.000000
vn -0.316228 0.000000 -0.948683
vn -0.316228 0.000000 -0.948683
vn -0.314330 0.000000 -0.949314
vn -0.301647 0.000000 -0.953420
vn -0.303246 0.000000 -0.952912
vn -0.288729 0.000000 -0.957411
vn -0.288729 0.000000 -0.957411
vn -0.280899 0.000000 -0.959737
vn -0.282666 0.000000 -0.959218
vn -0.282666 0.000000 -0.959218
vn -0.241079 0.000000 -0.970506
vn -0.216930 0.000000 -0.976187
vn -0.182770 0.000000 -0.983156
vn -0.022173 0.000000 -0.999754
vn -0.022173 0.000000 -0.999754
vn 0.000000 -0.000000 -1.000000
vn 0.022173 -0.000000 -0.999754
vn 0.216930 -0.000000 -0.976187
vn 0.182770 -0.000000 -0.983156
vn 0.241079 -0.000000 -0.970506
vn 0.280899 -0.000000 -0.959737
vn 0.282666 -0.000000 -0.959218
vn 0.288729 -0.000000 -0.957411
vn 0.301647 -0.000000 -0.953420
vn 0.288729 -0.000000 -0.957411
vn 0.303246 -0.000000 -0.952912
vn 0.314330 -0.000000 -0.949314
vn 0.314330 -0.000000 -0.949314
vn 0.316228 -0.000000 -0.948683
vn 0.316228 -0.000000 -0.948683
vn 0.282666 -0.000000 -0.959218
vn 0.022173 -0.000000 -0.999754
vn -0.314330 0.000000 -0.949314
vn 0.000000 -1.000000 0.000000
vn 0.000000 -1.000000 0.000000
vn 0.000000 -1.000000 0.000000
vn 0.000000 -1.000000 0.000000
vn 0.000000 -1.000000 0.000000
vn 1.000000 0.000000 0.000000
vn 1.000000 0.000000 0.000000
vn 1.000000 0.000000 0.000000
vn 1.000000 0.000000 0.000000
vn -0.000000 -1.000000 -0.000000
vn -0.000000 -1.000000 -0.000000
vn -0.000000 -1.000000 -0.000000
vn -0.000000 -1.000000 -0.000000
vn -1.000000 -0.000000 -0.000000
vn -1.000000 -0.000000 -0.000000
vn -1.000000 -0.000000 -0.000000
vn -1.000000 -0.000000 -0.000000
vn -0.000000 -0.000000 1.000000
vn -0.000000 -0.000000 1.000000
vn -0.000000 -0.000000 1.000000
vn -0.000000 -0.000000 1.000000
vn -0.000000 -0.000000 1.000000
vn -0.000000 -0.000000 1.000000
vn -0.000000 -0.000000 1.000000
vn -0.000000 -0.000000 1.000000
vn 1.000000 0.000000 0.000000
vn 1.000000 0.000000 0.000000
vn 1.000000 0.000000 0.000000
vn 1.000000 0.000000 0.000000
vn -0.000000 -1.000000 -0.000000
vn -0.000000 -1.000000 -0.000000
vn -0.000000 -1.000000 -0.000000
vn -0.000000 -1.000000 -0.000000
vn -1.000000 -0.000000 -0.000000
vn -1.000000 -0.000000 -0.000000
vn -1.000000 -0.000000 -0.000000
vn -1.000000 -0.000000 -0.000000
vn -0.000000 -0.000000 1.000000
vn -0.000000 -0.000000 1.000000
vn -0.000000 -0.000000 1.000000
vn -0.000000 -0.000000 1.000000
vn -0.000000 -0.000000 1.000000
vn -0.000000 -0.000000 1.000000
vn -0.000000 -0.000000 1.000000
vn -0.000000 -0.000000 1.000000
vn 1.000000 0.000000 0.000000
vn 1.000000 0.000000 0.000000
vn 1.000000 0.000000 0.000000
vn 1.000000 0.000000 0.000000
vn -0.000000 -1.000000 -0.000000
vn -0.000000 -1.000000 -0.000000
vn -0.000000 -1.000000 -0.000000
vn -0.000000 -1.000000 -0.000000
vn -1.000000 -0.000000 -0.000000
vn -1.000000 -0.000000 -0.000000
vn -1.000000 -0.000000 -0.000000
vn -1.000000 -0.000000 -0.000000
vn -0.000000 -0.000000 1.000000
vn -0.000000 -0.000000 1.000000
vn -0.000000 -0.000000 1.000000
vn -0.000000 -0.000000 1.000000
vn -0.000000 -0.000000 1.000000
vn -0.000000 -0.000000 1.000000
vn -0.000000 -0.000000 1.000000
vn -0.000000 -0.000000 1.000000
vn 1.000000 0.000000 0.000000
vn 1.000000 0.000000 0.000000
vn 1.000000 0.000000 0.000000
vn 1.000000 0.000000 0.000000
vn 1.000000 0.000000 0.000000
vn 1.000000 0.000000 0.000000
vn 1.000000 0.000000 0.000000
vn 1.000000 0.000000 0.000000
vn 1.000000 0.000000 0.000000
vn 1.000000 0.000000 0.000000
vn 0.000000 -1.000000 0.000000
vn 0.000000 -1.000000 0.000000
vn 0.000000 -1.000000 0.000000
vn 0.000000 -1.000000 0.000000
vn -1.000000 0.000000 0.000000
vn -1.000000 0.000000 0.000000
vn -1.000000 0.000000 0.000000
vn -1.000000 0.000000 0.000000
vn -1.000000 0.000000 0.000000
vn -1.000000 0.000000 0.000000
vn -1.000000 0.000000 0.000000
vn -1.000000 0.000000 0.000000
vn -1.000000 0.000000 0.000000
vn -1.000000 0.000000 0.000000
vn 0.000000 0.707107 0.707107
vn 0.000000 0.707107 0.707107
vn 0.000000 0.707107 0.707107
vn 0.000000 0.707107 0.707107
vn 0.000000 0.707107 0.707107
vn 0.707107 0.000000 0.707107
vn 0.707107 0.000000 0.707107
vn 0.707107 0.000000 0.707107
vn 0.707107 0.000000 0.707107
vn 0.707107 0.000000 0.707107
vn 0.707107 0.000000 0.707107
vn 0.000000 -0.707107 0.707107
vn 0.000000 -0.707107 0.707107
vn 0.000000 -0.707107 0.707107
vn 0.000000 -0.707107 0.707107
vn 0.000000 -0.707107 0.707107
vn 0.000000 -0.707107 0.707107
vn 0.000000 -0.707107 0.707107
vn 0.000000 -0.707107 0.707107
vn 0.000000 -0.707107 0.707107
vn 0.000000 -0.707107 0.707107
vn 0.000000 -0.707107 0.707107
vn 0.000000 1.000000 0.000000
vn 0.000000 1.000000 0.000000
vn 0.000000 1.000000 0.000000
vn 0.000000 1.000000 0.000000
vn 0.000000 1.000000 0.000000
vn 0.000000 1.000000 0.000000
vn 0.000000 1.000000 0.000000
vn 0.000000 1.000000 0.000000
vn 0.000000 1.000000 0.000000
vn 1.000000 0.000000 0.000000
vn 1.000000 0.000000 0.000000
vn 1.000000 0.000000 0.000000
vn 1.000000 0.000000 0.000000
vn 0.000000 -1.000000 0.000000
vn 0.000000 -1.000000 0.000000
vn 0.000000 -1.000000 0.000000
vn 0.000000 -1.000000 0.000000
vn 0.000000 -0.707107 0.707107
vn 0.000000 -0.707107 0.707107
vn 0.000000 -0.707107 0.707107
vn 0.000000 -0.707107 0.707107
vn 0.000000 -0.707107 0.707107
vn 0.000000 -0.707107 0.707107
vn 0.000000 -0.707107 0.707107
vn 0.000000 -0.707107 0.707107
vn 0.000000 -0.707107 0.707107
vn 0.000000 -0.707107 0.707107
vn 0.000000 -0.707107 0.707107
vn -0.707107 0.000000 0.707107
vn -0.707107 0.000000 0.707107
vn -0.707107 0.000000 0.707107
vn -0.707107 0.000000 0.707107
vn -0.707107 0.000000 0.707107
vn -0.707107 0.000000 0.707107
vn 0.000000 0.707107 0.707107
vn 0.000000 0.707107 0.707107
vn 0.000000 0.707107 0.707107
vn 0.000000 0.707107 0.707107
vn 0.000000 0.707107 0.707107
vn 0.000000 -1.000000 0.000000
vn 0.000000 -1.000000 0.000000
vn 0.000000 -1.000000 0.000000
vn 0.000000 -1.000000 0.000000
vn -1.000000 0.000000 0.000000
vn -1.000000 0.000000 0.000000
vn -1.000000 0.000000 0.000000
vn -1.000000 0.000000 0.000000
vn -0.707107 0.000000 0.707107
vn -0.707107 0.000000 0.707107
vn -0.707107 0.000000 0.707107
vn -0.707107 0.000000 0.707107
vn 0.000000 0.707107 0.707107
vn 0.000000 0.707107 0.707107
vn 0.000000 0.707107 0.707107
vn 0.000000 0.707107 0.707107
vn 0.707107 0.000000 0.707107
vn 0.707107 0.000000 0.707107
vn 0.707107 0.000000 0.707107
vn 0.707107 0.000000 0.707107
vn 0.000000 0.000000 1.000000
vn 0.000000 0.000000 1.000000
vn 0.000000 0.000000 1.000000
vn 0.000000 0.000000 1.000000
vn 0.000000 0.000000 1.000000
vn 0.000000 0.000000 1.000000
vn 0.000000 0.000000 1.000000
vn 0.000000 0.000000 1.000000
vn -0.000000 -0.000000 -1.000000
vn -0.000000 -0.000000 -1.000000
vn -0.000000 -0.000000 -1.000000
vn -0.000000 -0.000000 -1.000000
vn -0.000000 -0.000000 -1.000000
vn -0.000000 -0.000000 -1.000000
vn -0.000000 -0.000000 -1.000000
vn -0.000000 -0.000000 -1.000000
vn -0.000000 -0.000000 -1.000000
usemtl Acier_-_Satiné
f 1/1/1 2/2/2 8/3/3
f 8/3/3 2/2/2 7/4/4
f 7/4/4 2/2/2 3/5/5
f 7/4/4 3/5/5 6/6/6
f 6/6/6 3/5/5 5/7/7
f 5/7/7 3/5/5 4/8/8
f 10/9/9 11/10/10 9/11/11
f 9/11/11 11/10/10 12/12/12
f 9/11/11 12/12/12 15/13/13
f 15/13/13 12/12/12 7/14/14
f 7/14/14 12/12/12 13/15/15
f 7/14/14 13/15/15 8/16/16
f 8/16/16 13/15/15 14/17/17
f 9/11/11 15/13/13 18/18/18
f 18/18/18 15/13/13 16/19/19
f 18/18/18 16/19/19 17/20/20
f 20/21/21 16/22/22 19/23/23
f 19/23/23 16/22/22 15/24/24
f 19/23/23 15/24/24 21/25/25
f 19/23/23 21/25/25 24/26/26
f 24/26/26 21/25/25 22/27/27
f 24/26/26 22/27/27 23/28/28
f 26/29/29 22/30/30 25/31/31
f 25/31/31 22/30/30 21/32/32
f 25/31/31 21/32/32 32/33/33
f 32/33/33 21/32/32 6/34/34
f 32/33/33 6/34/34 29/35/35
f 29/35/35 6/34/34 28/36/36
f 28/36/36 6/34/34 5/37/37
f 28/36/36 5/37/37 27/38/38
f 30/39/39 31/40/40 29/35/35
f 29/35/35 31/40/40 32/33/33
f 33/41/41 34/42/42 36/43/43
f 36/43/43 34/42/42 35/44/44
f 37/45/45 33/46/46 38/47/47
f 38/47/47 33/46/46 36/48/48
f 39/49/49 37/50/50 40/51/51
f 40/51/51 37/50/50 38/52/52
f 34/53/53 39/54/54 35/55/55
f 35/55/55 39/54/54 40/56/56
f 7/57/57 6/58/58 35/59/59
f 35/59/59 6/58/58 21/60/60
f 35/59/59 21/60/60 36/61/61
f 36/61/61 21/60/60 15/62/62
f 36/61/61 15/62/62 38/63/63
f 38/63/63 15/62/62 7/57/57
f 38/63/63 7/57/57 40/64/64
f 40/64/64 7/57/57 35/59/59
f 30/65/65 41/66/66 31/67/67
f 31/67/67 41/66/66 42/68/68
f 23/69/69 22/70/70 43/71/71
f 43/71/71 22/70/70 26/72/72
f 5/73/73 4/74/74 27/75/75
f 27/75/75 4/74/74 44/76/76
f 16/77/77 20/78/78 17/79/79
f 17/79/79 20/78/78 45/80/80
f 14/81/81 46/82/82 8/83/83
f 8/83/83 46/82/82 1/84/84
f 48/85/85 84/86/86 47/87/87
f 47/87/87 84/86/86 85/88/88
f 47/87/87 85/88/88 34/89/89
f 34/89/89 85/88/88 86/90/90
f 34/89/89 86/90/90 87/91/91
f 49/92/92 76/93/93 48/85/85
f 48/85/85 76/93/93 77/94/94
f 48/85/85 77/94/94 84/86/86
f 84/86/86 77/94/94 79/95/95
f 84/86/86 79/95/95 81/96/96
f 81/96/96 79/95/95 80/97/97
f 76/93/93 49/92/92 75/98/98
f 75/98/98 49/92/92 50/99/99
f 75/98/98 50/99/99 33/100/100
f 33/100/100 50/99/99 34/89/89
f 34/89/89 50/99/99 47/87/87
f 52/101/101 115/102/102 51/103/103
f 51/103/103 115/102/102 116/104/104
f 51/103/103 116/104/104 117/105/105
f 53/106/106 72/107/107 52/101/101
f 52/101/101 72/107/107 73/108/108
f 52/101/101 73/108/108 74/109/109
f 72/107/107 53/106/106 71/110/110
f 71/110/110 53/106/106 54/111/111
f 71/110/110 54/111/111 55/112/112
f 55/112/112 56/113/113 71/110/110
f 71/110/110 56/113/113 70/114/114
f 70/114/114 56/113/113 57/115/115
f 70/114/114 57/115/115 58/116/116
f 70/114/114 58/116/116 69/117/117
f 69/117/117 58/116/116 59/118/118
f 69/117/117 59/118/118 68/119/119
f 68/119/119 59/118/118 60/120/120
f 68/119/119 60/120/120 108/121/121
f 108/121/121 60/120/120 61/122/122
f 108/121/121 61/122/122 107/123/123
f 107/123/123 61/122/122 62/124/124
f 107/123/123 62/124/124 106/125/125
f 106/125/125 62/124/124 63/126/126
f 106/125/125 63/126/126 64/127/127
f 106/125/125 64/127/127 105/128/128
f 105/128/128 64/127/127 65/129/129
f 105/128/128 65/129/129 66/130/130
f 66/130/130 67/131/131 105/128/128
f 105/128/128 67/131/131 104/132/132
f 104/132/132 67/131/131 51/103/103
f 104/132/132 51/103/103 103/133/133
f 103/133/133 51/103/103 102/134/134
f 102/134/134 51/103/103 101/135/135
f 101/135/135 51/103/103 122/136/136
f 101/135/135 122/136/136 123/137/137
f 74/109/109 75/98/98 52/101/101
f 52/101/101 75/98/98 132/138/138
f 52/101/101 132/138/138 109/139/139
f 77/94/94 78/140/140 79/95/95
f 82/141/141 83/142/142 81/96/96
f 81/96/96 83/142/142 84/86/86
f 87/91/91 88/143/143 34/89/89
f 34/89/89 88/143/143 39/144/144
f 39/144/144 88/143/143 89/145/145
f 39/144/144 89/145/145 90/146/146
f 90/146/146 91/147/147 39/144/144
f 39/144/144 91/147/147 133/148/148
f 39/144/144 133/148/148 37/149/149
f 37/149/149 133/148/148 134/150/150
f 37/149/149 134/150/150 101/135/135
f 101/135/135 134/150/150 100/151/151
f 100/151/151 134/150/150 135/152/152
f 100/151/151 135/152/152 136/153/153
f 91/147/147 92/154/154 133/148/148
f 133/148/148 92/154/154 136/153/153
f 136/153/153 92/154/154 99/155/155
f 136/153/153 99/155/155 100/151/151
f 93/156/156 95/157/157 92/154/154
f 92/154/154 95/157/157 97/158/158
f 92/154/154 97/158/158 99/155/155
f 99/155/155 97/158/158 98/159/159
f 93/156/156 94/160/160 95/157/157
f 95/157/157 96/161/161 97/158/158
f 109/139/139 110/162/162 52/101/101
f 52/101/101 110/162/162 111/163/163
f 52/101/101 111/163/163 112/164/164
f 112/164/164 113/165/165 52/101/101
f 52/101/101 113/165/165 114/166/166
f 52/101/101 114/166/166 115/102/102
f 117/105/105 118/167/167 51/103/103
f 51/103/103 118/167/167 119/168/168
f 51/103/103 119/168/168 120/169/169
f 120/169/169 121/170/170 51/103/103
f 51/103/103 121/170/170 122/136/136
f 123/137/137 124/171/171 101/135/135
f 101/135/135 124/171/171 37/149/149
f 124/171/171 125/172/172 37/149/149
f 37/149/149 125/172/172 126/173/173
f 37/149/149 126/173/173 127/174/174
f 37/149/149 127/174/174 33/100/100
f 33/100/100 127/174/174 128/175/175
f 33/100/100 128/175/175 129/176/176
f 129/176/176 130/177/177 33/100/100
f 33/100/100 130/177/177 131/178/178
f 33/100/100 131/178/178 75/98/98
f 75/98/98 131/178/178 132/138/138
f 42/179/179 41/180/180 138/181/181
f 138/181/181 41/180/180 137/182/182
f 31/183/183 42/184/184 32/185/185
f 32/185/185 42/184/184 138/186/186
f 43/187/187 26/188/188 139/189/189
f 139/189/189 26/188/188 25/190/190
f 23/191/191 43/192/192 24/193/193
f 24/193/193 43/192/192 139/194/194
f 45/195/195 20/196/196 140/197/197
f 140/197/197 20/196/196 19/198/198
f 17/199/199 45/200/200 18/201/201
f 18/201/201 45/200/200 140/202/202
f 141/203/203 10/204/204 142/205/205
f 142/205/205 10/204/204 9/206/206
f 143/207/207 141/208/208 144/209/209
f 144/209/209 141/208/208 142/210/210
f 11/211/211 143/212/212 12/213/213
f 12/213/213 143/212/212 144/214/214
f 46/215/215 14/216/216 145/217/217
f 145/217/217 14/216/216 13/218/218
f 1/219/219 46/220/220 2/221/221
f 2/221/221 46/220/220 145/222/222
f 44/223/223 4/224/224 146/225/225
f 146/225/225 4/224/224 3/226/226
f 27/227/227 44/228/228 28/229/229
f 28/229/229 44/228/228 146/230/230
f 41/231/231 30/232/232 137/233/233
f 137/233/233 30/232/232 29/234/234
f 29/235/235 28/236/236 137/237/237
f 137/237/237 28/236/236 146/238/238
f 137/237/237 146/238/238 144/239/239
f 144/239/239 146/238/238 145/240/240
f 144/239/239 145/240/240 12/241/241
f 12/241/241 145/240/240 13/242/242
f 146/238/238 3/243/243 145/240/240
f 145/240/240 3/243/243 2/244/244
f 144/239/239 142/245/245 137/237/237
f 137/237/237 142/245/245 138/246/246
f 138/246/246 142/245/245 140/247/247
f 138/246/246 140/247/247 139/248/248
f 139/248/248 140/247/247 19/249/249
f 139/248/248 19/249/249 24/250/250
f 9/251/251 18/252/252 142/245/245
f 142/245/245 18/252/252 140/247/247
f 25/253/253 32/254/254 139/248/248
f 139/248/248 32/254/254 138/246/246
f 147/255/255 148/256/256 150/257/257
f 150/257/257 148/256/256 149/258/258
f 162/259/259 151/260/260 161/261/261
f 161/261/261 151/260/260 152/262/262
f 161/261/261 152/262/262 160/263/263
f 160/263/263 152/262/262 153/264/264
f 160/263/263 153/264/264 159/265/265
f 159/265/265 153/264/264 154/266/266
f 159/265/265 154/266/266 158/267/267
f 158/267/267 154/266/266 155/268/268
f 158/267/267 155/268/268 157/269/269
f 157/269/269 155/268/268 156/270/270
f 157/269/269 156/270/270 150/271/271
f 150/271/271 156/270/270 147/272/272
f 163/273/273 151/274/274 164/275/275
f 164/275/275 151/274/274 162/276/276
f 176/277/277 165/278/278 175/279/279
f 175/279/279 165/278/278 166/280/280
f 175/279/279 166/280/280 174/281/281
f 174/281/281 166/280/280 167/282/282
f 174/281/281 167/282/282 173/283/283
f 173/283/283 167/282/282 168/284/284
f 173/283/283 168/284/284 172/285/285
f 172/285/285 168/284/284 169/286/286
f 172/285/285 169/286/286 171/287/287
f 171/287/287 169/286/286 170/288/288
f 171/287/287 170/288/288 164/289/289
f 164/289/289 170/288/288 163/290/290
f 177/291/291 165/292/292 178/293/293
f 178/293/293 165/292/292 176/294/294
f 190/295/295 179/296/296 189/297/297
f 189/297/297 179/296/296 180/298/298
f 189/297/297 180/298/298 188/299/299
f 188/299/299 180/298/298 181/300/300
f 188/299/299 181/300/300 187/301/301
f 187/301/301 181/300/300 182/302/302
f 187/301/301 182/302/302 186/303/303
f 186/303/303 182/302/302 183/304/304
f 186/303/303 183/304/304 185/305/305
f 185/305/305 183/304/304 184/306/306
f 185/305/305 184/306/306 178/307/307
f 178/307/307 184/306/306 177/308/308
f 191/309/309 179/310/310 192/311/311
f 192/311/311 179/310/310 190/312/312
f 149/313/313 148/314/314 202/315/315
f 202/315/315 148/314/314 193/316/316
f 202/315/315 193/316/316 201/317/317
f 201/317/317 193/316/316 194/318/318
f 201/317/317 194/318/318 200/319/319
f 200/319/319 194/318/318 195/320/320
f 200/319/319 195/320/320 199/321/321
f 199/321/321 195/320/320 196/322/322
f 199/321/321 196/322/322 198/323/323
f 198/323/323 196/322/322 197/324/324
f 198/323/323 197/324/324 192/325/325
f 192/325/325 197/324/324 191/326/326
f 48/327/327 47/328/328 204/329/329
f 204/329/329 47/328/328 203/330/330
f 49/331/331 48/332/332 205/333/333
f 205/333/333 48/332/332 204/334/334
f 50/335/335 49/336/336 206/337/337
f 206/337/337 49/336/336 205/338/338
f 47/339/339 50/340/340 203/341/341
f 203/341/341 50/340/340 206/342/342
f 202/343/343 201/344/344 149/345/345
f 149/345/345 201/344/344 200/346/346
f 149/345/345 200/346/346 199/347/347
f 199/347/347 198/348/348 149/345/345
f 149/345/345 198/348/348 192/349/349
f 149/345/345 192/349/349 206/350/350
f 206/350/350 192/349/349 203/351/351
f 203/351/351 192/349/349 190/352/352
f 203/351/351 190/352/352 178/353/353
f 178/353/353 190/352/352 189/354/354
f 178/353/353 189/354/354 188/355/355
f 188/355/355 187/356/356 178/353/353
f 178/353/353 187/356/356 186/357/357
f 178/353/353 186/357/357 185/358/358
f 178/353/353 176/359/359 203/351/351
f 203/351/351 176/359/359 204/360/360
f 204/360/360 176/359/359 164/361/361
f 204/360/360 164/361/361 162/362/362
f 175/363/363 174/364/364 176/359/359
f 176/359/359 174/364/364 173/365/365
f 176/359/359 173/365/365 172/366/366
f 172/366/366 171/367/367 176/359/359
f 176/359/359 171/367/367 164/361/361
f 161/368/368 150/369/369 162/362/362
f 162/362/362 150/369/369 205/370/370
f 162/362/362 205/370/370 204/360/360
f 161/368/368 160/371/371 150/369/369
f 150/369/369 160/371/371 159/372/372
f 150/369/369 159/372/372 158/373/373
f 158/373/373 157/374/374 150/369/369
f 150/369/369 149/345/345 205/370/370
f 205/370/370 149/345/345 206/350/350
f 10/375/375 141/376/376 11/377/377
f 11/377/377 141/376/376 143/378/378
f 220/379/379 207/380/380 219/381/381
f 219/381/381 207/380/380 208/382/382
f 219/381/381 208/382/382 218/383/383
f 218/383/383 208/382/382 209/384/384
f 218/383/383 209/384/384 217/385/385
f 217/385/385 209/384/384 210/386/386
f 217/385/385 210/386/386 216/387/387
f 216/387/387 210/386/386 211/388/388
f 216/387/387 211/388/388 215/389/389
f 215/389/389 211/388/388 212/390/390
f 215/389/389 212/390/390 214/391/391
f 214/391/391 212/390/390 213/392/392
f 221/393/393 207/394/394 222/395/395
f 222/395/395 207/394/394 220/396/396
f 234/397/397 223/398/398 233/399/399
f 233/399/399 223/398/398 224/400/400
f 233/399/399 224/400/400 232/401/401
f 232/401/401 224/400/400 225/402/402
f 232/401/401 225/402/402 231/403/403
f 231/403/403 225/402/402 226/404/404
f 231/403/403 226/404/404 230/405/405
f 230/405/405 226/404/404 227/406/406
f 230/405/405 227/406/406 229/407/407
f 229/407/407 227/406/406 228/408/408
f 229/407/407 228/408/408 222/409/409
f 222/409/409 228/408/408 221/410/410
f 235/411/411 223/412/412 236/413/413
f 236/413/413 223/412/412 234/414/414
f 248/415/415 237/416/416 247/417/417
f 247/417/417 237/416/416 238/418/418
f 247/417/417 238/418/418 246/419/419
f 246/419/419 238/418/418 239/420/420
f 246/419/419 239/420/420 245/421/421
f 245/421/421 239/420/420 240/422/422
f 245/421/421 240/422/422 244/423/423
f 244/423/423 240/422/422 241/424/424
f 244/423/423 241/424/424 243/425/425
f 243/425/425 241/424/424 242/426/426
f 243/425/425 242/426/426 236/427/427
f 236/427/427 242/426/426 235/428/428
f 249/429/429 237/430/430 250/431/431
f 250/431/431 237/430/430 248/432/432
f 262/433/433 251/434/434 261/435/435
f 261/435/435 251/434/434 252/436/436
f 261/435/435 252/436/436 260/437/437
f 260/437/437 252/436/436 253/438/438
f 260/437/437 253/438/438 259/439/439
f 259/439/439 253/438/438 254/440/440
f 259/439/439 254/440/440 258/441/441
f 258/441/441 254/440/440 255/442/442
f 258/441/441 255/442/442 257/443/443
f 257/443/443 255/442/442 256/444/444
f 257/443/443 256/444/444 250/445/445
f 250/445/445 256/444/444 249/446/446
f 213/447/447 251/448/448 214/449/449
f 214/449/449 251/448/448 262/450/450
f 134/451/451 133/452/452 264/453/453
f 264/453/453 133/452/452 263/454/454
f 135/455/455 134/456/456 265/457/457
f 265/457/457 134/456/456 264/458/458
f 136/459/459 135/460/460 266/461/461
f 266/461/461 135/460/460 265/462/462
f 133/463/463 136/464/464 263/465/465
f 263/465/465 136/464/464 266/466/466
f 262/467/467 266/468/468 214/469/469
f 214/469/469 266/468/468 265/470/470
f 214/469/469 265/470/470 220/471/471
f 220/471/471 265/470/470 264/472/472
f 220/471/471 264/472/472 222/473/473
f 222/473/473 264/472/472 234/474/474
f 222/473/473 234/474/474 233/475/475
f 266/468/468 262/467/467 250/476/476
f 250/476/476 262/467/467 261/477/477
f 250/476/476 261/477/477 260/478/478
f 260/478/478 259/479/479 250/476/476
f 250/476/476 259/479/479 258/480/480
f 250/476/476 258/480/480 257/481/481
f 250/476/476 248/482/482 266/468/468
f 266/468/468 248/482/482 263/483/483
f 263/483/483 248/482/482 236/484/484
f 263/483/483 236/484/484 234/474/474
f 247/485/485 246/486/486 248/482/482
f 248/482/482 246/486/486 245/487/487
f 248/482/482 245/487/487 244/488/488
f 244/488/488 243/489/489 248/482/482
f 248/482/482 243/489/489 236/484/484
f 233/475/475 232/490/490 222/473/473
f 222/473/473 232/490/490 231/491/491
f 222/473/473 231/491/491 230/492/492
f 230/492/492 229/493/493 222/473/473
f 219/494/494 218/495/495 220/471/471
f 220/471/471 218/495/495 217/496/496
f 220/471/471 217/496/496 216/497/497
f 216/497/497 215/498/498 220/471/471
f 220/471/471 215/498/498 214/469/469
f 264/472/472 263/483/483 234/474/474
f 148/499/499 147/500/500 193/501/501
f 193/501/501 147/500/500 156/502/502
f 193/501/501 156/502/502 184/503/503
f 184/503/503 156/502/502 166/504/504
f 184/503/503 166/504/504 177/505/505
f 177/505/505 166/504/504 165/506/506
f 166/504/504 156/502/502 167/507/507
f 167/507/507 156/502/502 155/508/508
f 167/507/507 155/508/508 168/509/509
f 168/509/509 155/508/508 154/510/510
f 168/509/509 154/510/510 169/511/511
f 169/511/511 154/510/510 153/512/512
f 169/511/511 153/512/512 170/513/513
f 170/513/513 153/512/512 152/514/514
f 170/513/513 152/514/514 163/515/515
f 163/515/515 152/514/514 151/516/516
f 184/503/503 183/517/517 193/501/501
f 193/501/501 183/517/517 194/518/518
f 194/518/518 183/517/517 182/519/519
f 194/518/518 182/519/519 195/520/520
f 195/520/520 182/519/519 181/521/521
f 195/520/520 181/521/521 196/522/522
f 196/522/522 181/521/521 180/523/523
f 196/522/522 180/523/523 197/524/524
f 197/524/524 180/523/523 179/525/525
f 197/524/524 179/525/525 191/526/526
f 267/527/527 268/528/528 270/529/529
f 270/529/529 268/528/528 269/530/530
f 271/531/531 267/532/532 272/533/533
f 272/533/533 267/532/532 270/534/534
f 273/535/535 274/536/536 276/537/537
f 276/537/537 274/536/536 275/538/538
f 277/539/539 273/540/540 278/541/541
f 278/541/541 273/540/540 276/542/542
f 279/543/543 280/544/544 282/545/545
f 282/545/545 280/544/544 281/546/546
f 283/547/547 279/548/548 284/549/549
f 284/549/549 279/548/548 282/550/550
f 285/551/551 286/552/552 288/553/553
f 288/553/553 286/552/552 287/554/554
f 289/555/555 285/556/556 290/557/557
f 290/557/557 285/556/556 288/558/558
f 290/559/559 288/560/560 269/561/561
f 269/561/561 288/560/560 270/562/562
f 270/562/562 288/560/560 282/563/563
f 270/562/562 282/563/563 276/564/564
f 276/564/564 282/563/563 281/565/565
f 276/564/564 281/565/565 278/566/566
f 287/567/567 284/568/568 288/560/560
f 288/560/560 284/568/568 282/563/563
f 275/569/569 272/570/570 276/564/564
f 276/564/564 272/570/570 270/562/562
f 271/571/571 272/572/572 294/573/573
f 294/573/573 272/572/572 293/574/574
f 293/574/574 272/572/572 275/575/575
f 293/574/574 275/575/575 292/576/576
f 292/576/576 275/575/575 291/577/577
f 291/577/577 275/575/575 274/578/578
f 277/579/579 278/580/580 291/581/581
f 291/581/581 278/580/580 292/582/582
f 292/582/582 278/580/580 281/583/583
f 292/582/582 281/583/583 296/584/584
f 296/584/584 281/583/583 295/585/585
f 295/585/585 281/583/583 280/586/586
f 279/587/587 283/588/588 280/589/589
f 280/589/589 283/588/588 295/590/590
f 274/591/591 273/592/592 291/593/593
f 291/593/593 273/592/592 277/594/594
f 289/595/595 297/596/596 285/597/597
f 285/597/597 297/596/596 286/598/598
f 298/599/599 299/600/600 301/601/601
f 301/601/601 299/600/600 300/602/602
f 302/603/603 298/604/604 303/605/605
f 303/605/605 298/604/604 301/606/606
f 304/607/607 305/608/608 307/609/609
f 307/609/609 305/608/608 306/610/610
f 308/611/611 304/612/612 309/613/613
f 309/613/613 304/612/612 307/614/614
f 310/615/615 311/616/616 313/617/617
f 313/617/617 311/616/616 312/618/618
f 314/619/619 310/620/620 315/621/621
f 315/621/621 310/620/620 313/622/622
f 316/623/623 317/624/624 319/625/625
f 319/625/625 317/624/624 318/626/626
f 320/627/627 316/628/628 321/629/629
f 321/629/629 316/628/628 319/630/630
f 321/631/631 319/632/632 300/633/633
f 300/633/633 319/632/632 301/634/634
f 301/634/634 319/632/632 313/635/635
f 301/634/634 313/635/635 307/636/636
f 307/636/636 313/635/635 312/637/637
f 307/636/636 312/637/637 309/638/638
f 318/639/639 315/640/640 319/632/632
f 319/632/632 315/640/640 313/635/635
f 306/641/641 303/642/642 307/636/636
f 307/636/636 303/642/642 301/634/634
f 302/643/643 303/644/644 325/645/645
f 325/645/645 303/644/644 324/646/646
f 324/646/646 303/644/644 323/647/647
f 323/647/647 303/644/644 306/648/648
f 323/647/647 306/648/648 322/649/649
f 322/649/649 306/648/648 305/650/650
f 308/651/651 309/652/652 322/653/653
f 322/653/653 309/652/652 323/654/654
f 323/654/654 309/652/652 312/655/655
f 323/654/654 312/655/655 327/656/656
f 327/656/656 312/655/655 326/657/657
f 326/657/657 312/655/655 311/658/658
f 310/659/659 314/660/660 311/661/661
f 311/661/661 314/660/660 326/662/662
f 305/663/663 304/664/664 322/665/665
f 322/665/665 304/664/664 308/666/666
f 320/667/667 328/668/668 316/669/669
f 316/669/669 328/668/668 317/670/670
f 329/671/671 330/672/672 332/673/673
f 332/673/673 330/672/672 331/674/674
f 333/675/675 329/676/676 334/677/677
f 334/677/677 329/676/676 332/678/678
f 335/679/679 336/680/680 338/681/681
f 338/681/681 336/680/680 337/682/682
f 339/683/683 335/684/684 340/685/685
f 340/685/685 335/684/684 338/686/686
f 341/687/687 342/688/688 344/689/689
f 344/689/689 342/688/688 343/690/690
f 345/691/691 341/692/692 346/693/693
f 346/693/693 341/692/692 344/694/694
f 347/695/695 348/696/696 350/697/697
f 350/697/697 348/696/696 349/698/698
f 351/699/699 347/700/700 352/701/701
f 352/701/701 347/700/700 350/702/702
f 331/703/703 352/704/704 332/705/705
f 332/705/705 352/704/704 350/706/706
f 332/705/705 350/706/706 338/707/707
f 338/707/707 350/706/706 344/708/708
f 338/707/707 344/708/708 340/709/709
f 340/709/709 344/708/708 343/710/710
f 350/706/706 349/711/711 344/708/708
f 344/708/708 349/711/711 346/712/712
f 338/707/707 337/713/713 332/705/705
f 332/705/705 337/713/713 334/714/714
f 333/715/715 334/716/716 356/717/717
f 356/717/717 334/716/716 355/718/718
f 355/718/718 334/716/716 337/719/719
f 355/718/718 337/719/719 354/720/720
f 354/720/720 337/719/719 353/721/721
f 353/721/721 337/719/719 336/722/722
f 339/723/723 340/724/724 353/725/725
f 353/725/725 340/724/724 354/726/726
f 354/726/726 340/724/724 358/727/727
f 358/727/727 340/724/724 343/728/728
f 358/727/727 343/728/728 357/729/729
f 357/729/729 343/728/728 342/730/730
f 342/731/731 341/732/732 357/733/733
f 357/733/733 341/732/732 345/734/734
f 335/735/735 339/736/736 336/737/737
f 336/737/737 339/736/736 353/738/738
f 347/739/739 351/740/740 348/741/741
f 348/741/741 351/740/740 359/742/742
f 360/743/743 361/744/744 363/745/745
f 363/745/745 361/744/744 362/746/746
f 364/747/747 360/748/748 365/749/749
f 365/749/749 360/748/748 363/750/750
f 366/751/751 367/752/752 369/753/753
f 369/753/753 367/752/752 368/754/754
f 370/755/755 366/756/756 371/757/757
f 371/757/757 366/756/756 369/758/758
f 372/759/759 373/760/760 375/761/761
f 375/761/761 373/760/760 374/762/762
f 376/763/763 372/764/764 377/765/765
f 377/765/765 372/764/764 375/766/766
f 378/767/767 379/768/768 381/769/769
f 381/769/769 379/768/768 380/770/770
f 382/771/771 378/772/772 383/773/773
f 383/773/773 378/772/772 381/774/774
f 362/775/775 383/776/776 363/777/777
f 363/777/777 383/776/776 381/778/778
f 363/777/777 381/778/778 369/779/779
f 369/779/779 381/778/778 375/780/780
f 369/779/779 375/780/780 371/781/781
f 371/781/781 375/780/780 374/782/782
f 381/778/778 380/783/783 375/780/780
f 375/780/780 380/783/783 377/784/784
f 369/779/779 368/785/785 363/777/777
f 363/777/777 368/785/785 365/786/786
f 364/787/787 365/788/788 387/789/789
f 387/789/789 365/788/788 386/790/790
f 386/790/790 365/788/788 368/791/791
f 386/790/790 368/791/791 385/792/792
f 385/792/792 368/791/791 384/793/793
f 384/793/793 368/791/791 367/794/794
f 370/795/795 371/796/796 384/797/797
f 384/797/797 371/796/796 385/798/798
f 385/798/798 371/796/796 389/799/799
f 389/799/799 371/796/796 374/800/800
f 389/799/799 374/800/800 388/801/801
f 388/801/801 374/800/800 373/802/802
f 373/803/803 372/804/804 388/805/805
f 388/805/805 372/804/804 376/806/806
f 366/807/807 370/808/808 367/809/809
f 367/809/809 370/808/808 384/810/810
f 378/811/811 382/812/812 379/813/813
f 379/813/813 382/812/812 390/814/814
f 391/815/815 392/816/816 394/817/817
f 394/817/817 392/816/816 393/818/818
f 395/819/819 391/820/820 396/821/821
f 396/821/821 391/820/820 394/822/822
f 397/823/823 398/824/824 400/825/825
f 400/825/825 398/824/824 399/826/826
f 401/827/827 397/828/828 402/829/829
f 402/829/829 397/828/828 400/830/830
f 403/831/831 404/832/832 406/833/833
f 406/833/833 404/832/832 405/834/834
f 407/835/835 403/836/836 408/837/837
f 408/837/837 403/836/836 406/838/838
f 409/839/839 410/840/840 412/841/841
f 412/841/841 410/840/840 411/842/842
f 413/843/843 409/844/844 414/845/845
f 414/845/845 409/844/844 412/846/846
f 414/847/847 412/848/848 393/849/849
f 393/849/849 412/848/848 394/850/850
f 394/850/850 412/848/848 406/851/851
f 394/850/850 406/851/851 400/852/852
f 400/852/852 406/851/851 405/853/853
f 400/852/852 405/853/853 402/854/854
f 411/855/855 408/856/856 412/848/848
f 412/848/848 408/856/856 406/851/851
f 399/857/857 396/858/858 400/852/852
f 400/852/852 396/858/858 394/850/850
f 395/859/859 396/860/860 418/861/861
f 418/861/861 396/860/860 417/862/862
f 417/862/862 396/860/860 399/863/863
f 417/862/862 399/863/863 416/864/864
f 416/864/864 399/863/863 415/865/865
f 415/865/865 399/863/863 398/866/866
f 401/867/867 402/868/868 415/869/869
f 415/869/869 402/868/868 416/870/870
f 416/870/870 402/868/868 420/871/871
f 420/871/871 402/868/868 405/872/872
f 420/871/871 405/872/872 419/873/873
f 419/873/873 405/872/872 404/874/874
f 403/875/875 407/876/876 404/877/877
f 404/877/877 407/876/876 419/878/878
f 398/879/879 397/880/880 415/881/881
f 415/881/881 397/880/880 401/882/882
f 413/883/883 421/884/884 409/885/885
f 409/885/885 421/884/884 410/886/886
f 422/887/887 423/888/888 425/889/889
f 425/889/889 423/888/888 424/890/890
f 426/891/891 427/892/892 429/893/893
f 429/893/893 427/892/892 428/894/894
f 430/895/895 426/896/896 431/897/897
f 431/897/897 426/896/896 429/898/898
f 432/899/899 433/900/900 435/901/901
f 435/901/901 433/900/900 434/902/902
f 436/903/903 432/904/904 437/905/905
f 437/905/905 432/904/904 435/906/906
f 438/907/907 439/908/908 441/909/909
f 441/909/909 439/908/908 440/910/910
f 442/911/911 438/912/912 443/913/913
f 443/913/913 438/912/912 441/914/914
f 423/915/915 444/916/916 424/917/917
f 424/917/917 444/916/916 445/918/918
f 445/919/919 443/920/920 424/921/921
f 424/921/921 443/920/920 441/922/922
f 424/921/921 441/922/922 429/923/923
f 429/923/923 441/922/922 435/924/924
f 429/923/923 435/924/924 431/925/925
f 431/925/925 435/924/924 434/926/926
f 441/922/922 440/927/927 435/924/924
f 435/924/924 440/927/927 437/928/928
f 429/923/923 428/929/929 424/921/921
f 424/921/921 428/929/929 425/930/930
f 430/931/931 431/932/932 449/933/933
f 449/933/933 431/932/932 448/934/934
f 448/934/934 431/932/932 447/935/935
f 447/935/935 431/932/932 434/936/936
f 447/935/935 434/936/936 446/937/937
f 446/937/937 434/936/936 433/938/938
f 436/939/939 437/940/940 446/941/941
f 446/941/941 437/940/940 447/942/942
f 447/942/942 437/940/940 440/943/943
f 447/942/942 440/943/943 451/944/944
f 451/944/944 440/943/943 450/945/945
f 450/945/945 440/943/943 439/946/946
f 438/947/947 442/948/948 439/949/949
f 439/949/949 442/948/948 450/950/950
f 433/951/951 432/952/952 446/953/953
f 446/953/953 432/952/952 436/954/954
f 422/955/955 452/956/956 423/957/957
f 423/957/957 452/956/956 444/958/958
f 453/959/959 454/960/960 456/961/961
f 456/961/961 454/960/960 455/962/962
f 457/963/963 453/964/964 458/965/965
f 458/965/965 453/964/964 456/966/966
f 459/967/967 460/968/968 462/969/969
f 462/969/969 460/968/968 461/970/970
f 463/971/971 459/972/972 464/973/973
f 464/973/973 459/972/972 462/974/974
f 465/975/975 466/976/976 468/977/977
f 468/977/977 466/976/976 467/978/978
f 469/979/979 465/980/980 470/981/981
f 470/981/981 465/980/980 468/982/982
f 471/983/983 472/984/984 474/985/985
f 474/985/985 472/984/984 473/986/986
f 475/987/987 471/988/988 476/989/989
f 476/989/989 471/988/988 474/990/990
f 476/991/991 474/992/992 455/993/993
f 455/993/993 474/992/992 456/994/994
f 456/994/994 474/992/992 468/995/995
f 456/994/994 468/995/995 462/996/996
f 462/996/996 468/995/995 467/997/997
f 462/996/996 467/997/997 464/998/998
f 474/992/992 473/999/999 468/995/995
f 468/995/995 473/999/999 470/1000/1000
f 461/1001/1001 458/1002/1002 462/996/996
f 462/996/996 458/1002/1002 456/994/994
f 463/1003/1003 464/1004/1004 480/1005/1005
f 480/1005/1005 464/1004/1004 479/1006/1006
f 479/1006/1006 464/1004/1004 467/1007/1007
f 479/1006/1006 467/1007/1007 478/1008/1008
f 478/1008/1008 467/1007/1007 477/1009/1009
f 477/1009/1009 467/1007/1007 466/1010/1010
f 469/1011/1011 470/1012/1012 477/1013/1013
f 477/1013/1013 470/1012/1012 478/1014/1014
f 478/1014/1014 470/1012/1012 482/1015/1015
f 482/1015/1015 470/1012/1012 473/1016/1016
f 482/1015/1015 473/1016/1016 481/1017/1017
f 481/1017/1017 473/1016/1016 472/1018/1018
f 471/1019/1019 475/1020/1020 472/1021/1021
f 472/1021/1021 475/1020/1020 481/1022/1022
f 465/1023/1023 469/1024/1024 466/1025/1025
f 466/1025/1025 469/1024/1024 477/1026/1026
f 453/1027/1027 457/1028/1028 454/1029/1029
f 454/1029/1029 457/1028/1028 483/1030/1030
f 484/1031/1031 485/1032/1032 487/1033/1033
f 487/1033/1033 485/1032/1032 486/1034/1034
f 488/1035/1035 484/1036/1036 489/1037/1037
f 489/1037/1037 484/1036/1036 487/1038/1038
f 490/1039/1039 491/1040/1040 493/1041/1041
f 493/1041/1041 491/1040/1040 492/1042/1042
f 494/1043/1043 490/1044/1044 495/1045/1045
f 495/1045/1045 490/1044/1044 493/1046/1046
f 496/1047/1047 497/1048/1048 499/1049/1049
f 499/1049/1049 497/1048/1048 498/1050/1050
f 500/1051/1051 496/1052/1052 501/1053/1053
f 501/1053/1053 496/1052/1052 499/1054/1054
f 502/1055/1055 503/1056/1056 505/1057/1057
f 505/1057/1057 503/1056/1056 504/1058/1058
f 506/1059/1059 502/1060/1060 507/1061/1061
f 507/1061/1061 502/1060/1060 505/1062/1062
f 507/1063/1063 505/1064/1064 486/1065/1065
f 486/1065/1065 505/1064/1064 487/1066/1066
f 487/1066/1066 505/1064/1064 499/1067/1067
f 487/1066/1066 499/1067/1067 493/1068/1068
f 493/1068/1068 499/1067/1067 498/1069/1069
f 493/1068/1068 498/1069/1069 495/1070/1070
f 505/1064/1064 504/1071/1071 499/1067/1067
f 499/1067/1067 504/1071/1071 501/1072/1072
f 493/1068/1068 492/1073/1073 487/1066/1066
f 487/1066/1066 492/1073/1073 489/1074/1074
f 494/1075/1075 495/1076/1076 511/1077/1077
f 511/1077/1077 495/1076/1076 510/1078/1078
f 510/1078/1078 495/1076/1076 498/1079/1079
f 510/1078/1078 498/1079/1079 509/1080/1080
f 509/1080/1080 498/1079/1079 508/1081/1081
f 508/1081/1081 498/1079/1079 497/1082/1082
f 500/1083/1083 501/1084/1084 508/1085/1085
f 508/1085/1085 501/1084/1084 509/1086/1086
f 509/1086/1086 501/1084/1084 513/1087/1087
f 513/1087/1087 501/1084/1084 504/1088/1088
f 513/1087/1087 504/1088/1088 512/1089/1089
f 512/1089/1089 504/1088/1088 503/1090/1090
f 502/1091/1091 506/1092/1092 503/1093/1093
f 503/1093/1093 506/1092/1092 512/1094/1094
f 496/1095/1095 500/1096/1096 497/1097/1097
f 497/1097/1097 500/1096/1096 508/1098/1098
f 488/1099/1099 514/1100/1100 484/1101/1101
f 484/1101/1101 514/1100/1100 485/1102/1102
f 515/1103/1103 516/1104/1104 518/1105/1105
f 518/1105/1105 516/1104/1104 517/1106/1106
f 519/1107/1107 515/1108/1108 520/1109/1109
f 520/1109/1109 515/1108/1108 518/1110/1110
f 521/1111/1111 522/1112/1112 524/1113/1113
f 524/1113/1113 522/1112/1112 523/1114/1114
f 525/1115/1115 521/1116/1116 526/1117/1117
f 526/1117/1117 521/1116/1116 524/1118/1118
f 527/1119/1119 528/1120/1120 530/1121/1121
f 530/1121/1121 528/1120/1120 529/1122/1122
f 531/1123/1123 527/1124/1124 532/1125/1125
f 532/1125/1125 527/1124/1124 530/1126/1126
f 533/1127/1127 534/1128/1128 536/1129/1129
f 536/1129/1129 534/1128/1128 535/1130/1130
f 537/1131/1131 533/1132/1132 538/1133/1133
f 538/1133/1133 533/1132/1132 536/1134/1134
f 538/1135/1135 536/1136/1136 517/1137/1137
f 517/1137/1137 536/1136/1136 518/1138/1138
f 518/1138/1138 536/1136/1136 530/1139/1139
f 518/1138/1138 530/1139/1139 524/1140/1140
f 524/1140/1140 530/1139/1139 529/1141/1141
f 524/1140/1140 529/1141/1141 526/1142/1142
f 535/1143/1143 532/1144/1144 536/1136/1136
f 536/1136/1136 532/1144/1144 530/1139/1139
f 523/1145/1145 520/1146/1146 524/1140/1140
f 524/1140/1140 520/1146/1146 518/1138/1138
f 525/1147/1147 526/1148/1148 542/1149/1149
f 542/1149/1149 526/1148/1148 541/1150/1150
f 541/1150/1150 526/1148/1148 540/1151/1151
f 540/1151/1151 526/1148/1148 529/1152/1152
f 540/1151/1151 529/1152/1152 539/1153/1153
f 539/1153/1153 529/1152/1152 528/1154/1154
f 531/1155/1155 532/1156/1156 539/1157/1157
f 539/1157/1157 532/1156/1156 540/1158/1158
f 540/1158/1158 532/1156/1156 544/1159/1159
f 544/1159/1159 532/1156/1156 535/1160/1160
f 544/1159/1159 535/1160/1160 543/1161/1161
f 543/1161/1161 535/1160/1160 534/1162/1162
f 534/1163/1163 533/1164/1164 543/1165/1165
f 543/1165/1165 533/1164/1164 537/1166/1166
f 527/1167/1167 531/1168/1168 528/1169/1169
f 528/1169/1169 531/1168/1168 539/1170/1170
f 515/1171/1171 519/1172/1172 516/1173/1173
f 516/1173/1173 519/1172/1172 545/1174/1174
f 546/1175/1175 547/1176/1176 549/1177/1177
f 549/1177/1177 547/1176/1176 548/1178/1178
f 550/1179/1179 546/1180/1180 551/1181/1181
f 551/1181/1181 546/1180/1180 549/1182/1182
f 552/1183/1183 553/1184/1184 555/1185/1185
f 555/1185/1185 553/1184/1184 554/1186/1186
f 556/1187/1187 552/1188/1188 557/1189/1189
f 557/1189/1189 552/1188/1188 555/1190/1190
f 558/1191/1191 559/1192/1192 561/1193/1193
f 561/1193/1193 559/1192/1192 560/1194/1194
f 562/1195/1195 558/1196/1196 563/1197/1197
f 563/1197/1197 558/1196/1196 561/1198/1198
f 564/1199/1199 565/1200/1200 567/1201/1201
f 567/1201/1201 565/1200/1200 566/1202/1202
f 568/1203/1203 564/1204/1204 569/1205/1205
f 569/1205/1205 564/1204/1204 567/1206/1206
f 569/1207/1207 567/1208/1208 548/1209/1209
f 548/1209/1209 567/1208/1208 549/1210/1210
f 549/1210/1210 567/1208/1208 561/1211/1211
f 549/1210/1210 561/1211/1211 555/1212/1212
f 555/1212/1212 561/1211/1211 560/1213/1213
f 555/1212/1212 560/1213/1213 557/1214/1214
f 566/1215/1215 563/1216/1216 567/1208/1208
f 567/1208/1208 563/1216/1216 561/1211/1211
f 554/1217/1217 551/1218/1218 555/1212/1212
f 555/1212/1212 551/1218/1218 549/1210/1210
f 556/1219/1219 557/1220/1220 573/1221/1221
f 573/1221/1221 557/1220/1220 572/1222/1222
f 572/1222/1222 557/1220/1220 560/1223/1223
f 572/1222/1222 560/1223/1223 571/1224/1224
f 571/1224/1224 560/1223/1223 570/1225/1225
f 570/1225/1225 560/1223/1223 559/1226/1226
f 562/1227/1227 563/1228/1228 570/1229/1229
f 570/1229/1229 563/1228/1228 571/1230/1230
f 571/1230/1230 563/1228/1228 575/1231/1231
f 575/1231/1231 563/1228/1228 566/1232/1232
f 575/1231/1231 566/1232/1232 574/1233/1233
f 574/1233/1233 566/1232/1232 565/1234/1234
f 565/1235/1235 564/1236/1236 574/1237/1237
f 574/1237/1237 564/1236/1236 568/1238/1238
f 558/1239/1239 562/1240/1240 559/1241/1241
f 559/1241/1241 562/1240/1240 570/1242/1242
f 546/1243/1243 550/1244/1244 547/1245/1245
f 547/1245/1245 550/1244/1244 576/1246/1246
f 577/1247/1247 578/1248/1248 580/1249/1249
f 580/1249/1249 578/1248/1248 579/1250/1250
f 581/1251/1251 582/1252/1252 584/1253/1253
f 584/1253/1253 582/1252/1252 583/1254/1254
f 585/1255/1255 581/1256/1256 586/1257/1257
f 586/1257/1257 581/1256/1256 584/1258/1258
f 587/1259/1259 588/1260/1260 590/1261/1261
f 590/1261/1261 588/1260/1260 589/1262/1262
f 591/1263/1263 587/1264/1264 592/1265/1265
f 592/1265/1265 587/1264/1264 590/1266/1266
f 593/1267/1267 594/1268/1268 596/1269/1269
f 596/1269/1269 594/1268/1268 595/1270/1270
f 597/1271/1271 593/1272/1272 598/1273/1273
f 598/1273/1273 593/1272/1272 596/1274/1274
f 578/1275/1275 599/1276/1276 579/1277/1277
f 579/1277/1277 599/1276/1276 600/1278/1278
f 600/1279/1279 598/1280/1280 579/1281/1281
f 579/1281/1281 598/1280/1280 596/1282/1282
f 579/1281/1281 596/1282/1282 584/1283/1283
f 584/1283/1283 596/1282/1282 590/1284/1284
f 584/1283/1283 590/1284/1284 586/1285/1285
f 586/1285/1285 590/1284/1284 589/1286/1286
f 596/1282/1282 595/1287/1287 590/1284/1284
f 590/1284/1284 595/1287/1287 592/1288/1288
f 584/1283/1283 583/1289/1289 579/1281/1281
f 579/1281/1281 583/1289/1289 580/1290/1290
f 585/1291/1291 586/1292/1292 604/1293/1293
f 604/1293/1293 586/1292/1292 603/1294/1294
f 603/1294/1294 586/1292/1292 602/1295/1295
f 602/1295/1295 586/1292/1292 589/1296/1296
f 602/1295/1295 589/1296/1296 601/1297/1297
f 601/1297/1297 589/1296/1296 588/1298/1298
f 591/1299/1299 592/1300/1300 601/1301/1301
f 601/1301/1301 592/1300/1300 602/1302/1302
f 602/1302/1302 592/1300/1300 595/1303/1303
f 602/1302/1302 595/1303/1303 606/1304/1304
f 606/1304/1304 595/1303/1303 605/1305/1305
f 605/1305/1305 595/1303/1303 594/1306/1306
f 593/1307/1307 597/1308/1308 594/1309/1309
f 594/1309/1309 597/1308/1308 605/1310/1310
f 588/1311/1311 587/1312/1312 601/1313/1313
f 601/1313/1313 587/1312/1312 591/1314/1314
f 577/1315/1315 607/1316/1316 578/1317/1317
f 578/1317/1317 607/1316/1316 599/1318/1318
f 608/1319/1319 609/1320/1320 611/1321/1321
f 611/1321/1321 609/1320/1320 610/1322/1322
f 612/1323/1323 608/1324/1324 613/1325/1325
f 613/1325/1325 608/1324/1324 611/1326/1326
f 614/1327/1327 615/1328/1328 617/1329/1329
f 617/1329/1329 615/1328/1328 616/1330/1330
f 618/1331/1331 614/1332/1332 619/1333/1333
f 619/1333/1333 614/1332/1332 617/1334/1334
f 620/1335/1335 621/1336/1336 623/1337/1337
f 623/1337/1337 621/1336/1336 622/1338/1338
f 624/1339/1339 620/1340/1340 625/1341/1341
f 625/1341/1341 620/1340/1340 623/1342/1342
f 626/1343/1343 627/1344/1344 629/1345/1345
f 629/1345/1345 627/1344/1344 628/1346/1346
f 630/1347/1347 626/1348/1348 631/1349/1349
f 631/1349/1349 626/1348/1348 629/1350/1350
f 631/1351/1351 629/1352/1352 610/1353/1353
f 610/1353/1353 629/1352/1352 611/1354/1354
f 611/1354/1354 629/1352/1352 623/1355/1355
f 611/1354/1354 623/1355/1355 617/1356/1356
f 617/1356/1356 623/1355/1355 622/1357/1357
f 617/1356/1356 622/1357/1357 619/1358/1358
f 628/1359/1359 625/1360/1360 629/1352/1352
f 629/1352/1352 625/1360/1360 623/1355/1355
f 616/1361/1361 613/1362/1362 617/1356/1356
f 617/1356/1356 613/1362/1362 611/1354/1354
f 612/1363/1363 613/1364/1364 635/1365/1365
f 635/1365/1365 613/1364/1364 634/1366/1366
f 634/1366/1366 613/1364/1364 633/1367/1367
f 633/1367/1367 613/1364/1364 616/1368/1368
f 633/1367/1367 616/1368/1368 632/1369/1369
f 632/1369/1369 616/1368/1368 615/1370/1370
f 618/1371/1371 619/1372/1372 632/1373/1373
f 632/1373/1373 619/1372/1372 633/1374/1374
f 633/1374/1374 619/1372/1372 622/1375/1375
f 633/1374/1374 622/1375/1375 637/1376/1376
f 637/1376/1376 622/1375/1375 636/1377/1377
f 636/1377/1377 622/1375/1375 621/1378/1378
f 620/1379/1379 624/1380/1380 621/1381/1381
f 621/1381/1381 624/1380/1380 636/1382/1382
f 615/1383/1383 614/1384/1384 632/1385/1385
f 632/1385/1385 614/1384/1384 618/1386/1386
f 630/1387/1387 638/1388/1388 626/1389/1389
f 626/1389/1389 638/1388/1388 627/1390/1390
f 639/1391/1391 640/1392/1392 642/1393/1393
f 642/1393/1393 640/1392/1392 641/1394/1394
f 643/1395/1395 644/1396/1396 646/1397/1397
f 646/1397/1397 644/1396/1396 645/1398/1398
f 647/1399/1399 643/1400/1400 648/1401/1401
f 648/1401/1401 643/1400/1400 646/1402/1402
f 649/1403/1403 650/1404/1404 652/1405/1405
f 652/1405/1405 650/1404/1404 651/1406/1406
f 653/1407/1407 649/1408/1408 654/1409/1409
f 654/1409/1409 649/1408/1408 652/1410/1410
f 655/1411/1411 656/1412/1412 658/1413/1413
f 658/1413/1413 656/1412/1412 657/1414/1414
f 659/1415/1415 655/1416/1416 660/1417/1417
f 660/1417/1417 655/1416/1416 658/1418/1418
f 640/1419/1419 661/1420/1420 641/1421/1421
f 641/1421/1421 661/1420/1420 662/1422/1422
f 662/1423/1423 660/1424/1424 641/1425/1425
f 641/1425/1425 660/1424/1424 658/1426/1426
f 641/1425/1425 658/1426/1426 646/1427/1427
f 646/1427/1427 658/1426/1426 652/1428/1428
f 646/1427/1427 652/1428/1428 648/1429/1429
f 648/1429/1429 652/1428/1428 651/1430/1430
f 658/1426/1426 657/1431/1431 652/1428/1428
f 652/1428/1428 657/1431/1431 654/1432/1432
f 646/1427/1427 645/1433/1433 641/1425/1425
f 641/1425/1425 645/1433/1433 642/1434/1434
f 647/1435/1435 648/1436/1436 666/1437/1437
f 666/1437/1437 648/1436/1436 665/1438/1438
f 665/1438/1438 648/1436/1436 664/1439/1439
f 664/1439/1439 648/1436/1436 651/1440/1440
f 664/1439/1439 651/1440/1440 663/1441/1441
f 663/1441/1441 651/1440/1440 650/1442/1442
f 653/1443/1443 654/1444/1444 663/1445/1445
f 663/1445/1445 654/1444/1444 664/1446/1446
f 664/1446/1446 654/1444/1444 657/1447/1447
f 664/1446/1446 657/1447/1447 668/1448/1448
f 668/1448/1448 657/1447/1447 667/1449/1449
f 667/1449/1449 657/1447/1447 656/1450/1450
f 655/1451/1451 659/1452/1452 656/1453/1453
f 656/1453/1453 659/1452/1452 667/1454/1454
f 650/1455/1455 649/1456/1456 663/1457/1457
f 663/1457/1457 649/1456/1456 653/1458/1458
f 639/1459/1459 669/1460/1460 640/1461/1461
f 640/1461/1461 669/1460/1460 661/1462/1462
f 670/1463/1463 671/1464/1464 673/1465/1465
f 673/1465/1465 671/1464/1464 672/1466/1466
f 674/1467/1467 670/1468/1468 675/1469/1469
f 675/1469/1469 670/1468/1468 673/1470/1470
f 676/1471/1471 677/1472/1472 679/1473/1473
f 679/1473/1473 677/1472/1472 678/1474/1474
f 680/1475/1475 676/1476/1476 681/1477/1477
f 681/1477/1477 676/1476/1476 679/1478/1478
f 682/1479/1479 683/1480/1480 685/1481/1481
f 685/1481/1481 683/1480/1480 684/1482/1482
f 686/1483/1483 682/1484/1484 687/1485/1485
f 687/1485/1485 682/1484/1484 685/1486/1486
f 688/1487/1487 689/1488/1488 691/1489/1489
f 691/1489/1489 689/1488/1488 690/1490/1490
f 692/1491/1491 688/1492/1492 693/1493/1493
f 693/1493/1493 688/1492/1492 691/1494/1494
f 693/1495/1495 691/1496/1496 672/1497/1497
f 672/1497/1497 691/1496/1496 673/1498/1498
f 673/1498/1498 691/1496/1496 685/1499/1499
f 673/1498/1498 685/1499/1499 679/1500/1500
f 679/1500/1500 685/1499/1499 684/1501/1501
f 679/1500/1500 684/1501/1501 681/1502/1502
f 690/1503/1503 687/1504/1504 691/1496/1496
f 691/1496/1496 687/1504/1504 685/1499/1499
f 678/1505/1505 675/1506/1506 679/1500/1500
f 679/1500/1500 675/1506/1506 673/1498/1498
f 680/1507/1507 681/1508/1508 697/1509/1509
f 697/1509/1509 681/1508/1508 696/1510/1510
f 696/1510/1510 681/1508/1508 684/1511/1511
f 696/1510/1510 684/1511/1511 695/1512/1512
f 695/1512/1512 684/1511/1511 694/1513/1513
f 694/1513/1513 684/1511/1511 683/1514/1514
f 686/1515/1515 687/1516/1516 694/1517/1517
f 694/1517/1517 687/1516/1516 695/1518/1518
f 695/1518/1518 687/1516/1516 699/1519/1519
f 699/1519/1519 687/1516/1516 690/1520/1520
f 699/1519/1519 690/1520/1520 698/1521/1521
f 698/1521/1521 690/1520/1520 689/1522/1522
f 689/1523/1523 688/1524/1524 698/1525/1525
f 698/1525/1525 688/1524/1524 692/1526/1526
f 682/1527/1527 686/1528/1528 683/1529/1529
f 683/1529/1529 686/1528/1528 694/1530/1530
f 670/1531/1531 674/1532/1532 671/1533/1533
f 671/1533/1533 674/1532/1532 700/1534/1534
f 701/1535/1535 702/1536/1536 704/1537/1537
f 704/1537/1537 702/1536/1536 703/1538/1538
f 705/1539/1539 706/1540/1540 708/1541/1541
f 708/1541/1541 706/1540/1540 707/1542/1542
f 709/1543/1543 705/1544/1544 710/1545/1545
f 710/1545/1545 705/1544/1544 708/1546/1546
f 711/1547/1547 712/1548/1548 714/1549/1549
f 714/1549/1549 712/1548/1548 713/1550/1550
f 715/1551/1551 711/1552/1552 716/1553/1553
f 716/1553/1553 711/1552/1552 714/1554/1554
f 717/1555/1555 718/1556/1556 720/1557/1557
f 720/1557/1557 718/1556/1556 719/1558/1558
f 721/1559/1559 717/1560/1560 722/1561/1561
f 722/1561/1561 717/1560/1560 720/1562/1562
f 702/1563/1563 723/1564/1564 703/1565/1565
f 703/1565/1565 723/1564/1564 724/1566/1566
f 724/1567/1567 722/1568/1568 703/1569/1569
f 703/1569/1569 722/1568/1568 720/1570/1570
f 703/1569/1569 720/1570/1570 708/1571/1571
f 708/1571/1571 720/1570/1570 714/1572/1572
f 708/1571/1571 714/1572/1572 710/1573/1573
f 710/1573/1573 714/1572/1572 713/1574/1574
f 720/1570/1570 719/1575/1575 714/1572/1572
f 714/1572/1572 719/1575/1575 716/1576/1576
f 708/1571/1571 707/1577/1577 703/1569/1569
f 703/1569/1569 707/1577/1577 704/1578/1578
f 709/1579/1579 710/1580/1580 728/1581/1581
f 728/1581/1581 710/1580/1580 727/1582/1582
f 727/1582/1582 710/1580/1580 726/1583/1583
f 726/1583/1583 710/1580/1580 713/1584/1584
f 726/1583/1583 713/1584/1584 725/1585/1585
f 725/1585/1585 713/1584/1584 712/1586/1586
f 715/1587/1587 716/1588/1588 725/1589/1589
f 725/1589/1589 716/1588/1588 726/1590/1590
f 726/1590/1590 716/1588/1588 719/1591/1591
f 726/1590/1590 719/1591/1591 730/1592/1592
f 730/1592/1592 719/1591/1591 729/1593/1593
f 729/1593/1593 719/1591/1591 718/1594/1594
f 717/1595/1595 721/1596/1596 718/1597/1597
f 718/1597/1597 721/1596/1596 729/1598/1598
f 712/1599/1599 711/1600/1600 725/1601/1601
f 725/1601/1601 711/1600/1600 715/1602/1602
f 701/1603/1603 731/1604/1604 702/1605/1605
f 702/1605/1605 731/1604/1604 723/1606/1606
f 732/1607/1607 733/1608/1608 735/1609/1609
f 735/1609/1609 733/1608/1608 734/1610/1610
f 736/1611/1611 732/1612/1612 737/1613/1613
f 737/1613/1613 732/1612/1612 735/1614/1614
f 738/1615/1615 739/1616/1616 741/1617/1617
f 741/1617/1617 739/1616/1616 740/1618/1618
f 742/1619/1619 738/1620/1620 743/1621/1621
f 743/1621/1621 738/1620/1620 741/1622/1622
f 744/1623/1623 745/1624/1624 747/1625/1625
f 747/1625/1625 745/1624/1624 746/1626/1626
f 748/1627/1627 744/1628/1628 749/1629/1629
f 749/1629/1629 744/1628/1628 747/1630/1630
f 750/1631/1631 751/1632/1632 753/1633/1633
f 753/1633/1633 751/1632/1632 752/1634/1634
f 754/1635/1635 750/1636/1636 755/1637/1637
f 755/1637/1637 750/1636/1636 753/1638/1638
f 734/1639/1639 755/1640/1640 735/1641/1641
f 735/1641/1641 755/1640/1640 753/1642/1642
f 735/1641/1641 753/1642/1642 741/1643/1643
f 741/1643/1643 753/1642/1642 747/1644/1644
f 741/1643/1643 747/1644/1644 743/1645/1645
f 743/1645/1645 747/1644/1644 746/1646/1646
f 753/1642/1642 752/1647/1647 747/1644/1644
f 747/1644/1644 752/1647/1647 749/1648/1648
f 741/1643/1643 740/1649/1649 735/1641/1641
f 735/1641/1641 740/1649/1649 737/1650/1650
f 742/1651/1651 743/1652/1652 759/1653/1653
f 759/1653/1653 743/1652/1652 758/1654/1654
f 758/1654/1654 743/1652/1652 757/1655/1655
f 757/1655/1655 743/1652/1652 746/1656/1656
f 757/1655/1655 746/1656/1656 756/1657/1657
f 756/1657/1657 746/1656/1656 745/1658/1658
f 748/1659/1659 749/1660/1660 756/1661/1661
f 756/1661/1661 749/1660/1660 757/1662/1662
f 757/1662/1662 749/1660/1660 761/1663/1663
f 761/1663/1663 749/1660/1660 752/1664/1664
f 761/1663/1663 752/1664/1664 760/1665/1665
f 760/1665/1665 752/1664/1664 751/1666/1666
f 751/1667/1667 750/1668/1668 760/1669/1669
f 760/1669/1669 750/1668/1668 754/1670/1670
f 744/1671/1671 748/1672/1672 745/1673/1673
f 745/1673/1673 748/1672/1672 756/1674/1674
f 736/1675/1675 762/1676/1676 732/1677/1677
f 732/1677/1677 762/1676/1676 733/1678/1678
f 763/1679/1679 764/1680/1680 766/1681/1681
f 766/1681/1681 764/1680/1680 765/1682/1682
f 767/1683/1683 763/1684/1684 768/1685/1685
f 768/1685/1685 763/1684/1684 766/1686/1686
f 769/1687/1687 770/1688/1688 772/1689/1689
f 772/1689/1689 770/1688/1688 771/1690/1690
f 773/1691/1691 769/1692/1692 774/1693/1693
f 774/1693/1693 769/1692/1692 772/1694/1694
f 775/1695/1695 776/1696/1696 778/1697/1697
f 778/1697/1697 776/1696/1696 777/1698/1698
f 779/1699/1699 775/1700/1700 780/1701/1701
f 780/1701/1701 775/1700/1700 778/1702/1702
f 781/1703/1703 782/1704/1704 784/1705/1705
f 784/1705/1705 782/1704/1704 783/1706/1706
f 785/1707/1707 781/1708/1708 786/1709/1709
f 786/1709/1709 781/1708/1708 784/1710/1710
f 765/1711/1711 786/1712/1712 766/1713/1713
f 766/1713/1713 786/1712/1712 784/1714/1714
f 766/1713/1713 784/1714/1714 772/1715/1715
f 772/1715/1715 784/1714/1714 778/1716/1716
f 772/1715/1715 778/1716/1716 774/1717/1717
f 774/1717/1717 778/1716/1716 777/1718/1718
f 784/1714/1714 783/1719/1719 778/1716/1716
f 778/1716/1716 783/1719/1719 780/1720/1720
f 772/1715/1715 771/1721/1721 766/1713/1713
f 766/1713/1713 771/1721/1721 768/1722/1722
f 773/1723/1723 774/1724/1724 790/1725/1725
f 790/1725/1725 774/1724/1724 789/1726/1726
f 789/1726/1726 774/1724/1724 788/1727/1727
f 788/1727/1727 774/1724/1724 777/1728/1728
f 788/1727/1727 777/1728/1728 787/1729/1729
f 787/1729/1729 777/1728/1728 776/1730/1730
f 779/1731/1731 780/1732/1732 787/1733/1733
f 787/1733/1733 780/1732/1732 788/1734/1734
f 788/1734/1734 780/1732/1732 792/1735/1735
f 792/1735/1735 780/1732/1732 783/1736/1736
f 792/1735/1735 783/1736/1736 791/1737/1737
f 791/1737/1737 783/1736/1736 782/1738/1738
f 782/1739/1739 781/1740/1740 791/1741/1741
f 791/1741/1741 781/1740/1740 785/1742/1742
f 775/1743/1743 779/1744/1744 776/1745/1745
f 776/1745/1745 779/1744/1744 787/1746/1746
f 767/1747/1747 793/1748/1748 763/1749/1749
f 763/1749/1749 793/1748/1748 764/1750/1750
f 794/1751/1751 795/1752/1752 797/1753/1753
f 797/1753/1753 795/1752/1752 796/1754/1754
f 798/1755/1755 794/1756/1756 799/1757/1757
f 799/1757/1757 794/1756/1756 797/1758/1758
f 800/1759/1759 801/1760/1760 803/1761/1761
f 803/1761/1761 801/1760/1760 802/1762/1762
f 804/1763/1763 800/1764/1764 805/1765/1765
f 805/1765/1765 800/1764/1764 803/1766/1766
f 806/1767/1767 807/1768/1768 809/1769/1769
f 809/1769/1769 807/1768/1768 808/1770/1770
f 810/1771/1771 806/1772/1772 811/1773/1773
f 811/1773/1773 806/1772/1772 809/1774/1774
f 812/1775/1775 813/1776/1776 815/1777/1777
f 815/1777/1777 813/1776/1776 814/1778/1778
f 816/1779/1779 812/1780/1780 817/1781/1781
f 817/1781/1781 812/1780/1780 815/1782/1782
f 817/1783/1783 815/1784/1784 796/1785/1785
f 796/1785/1785 815/1784/1784 797/1786/1786
f 797/1786/1786 815/1784/1784 809/1787/1787
f 797/1786/1786 809/1787/1787 803/1788/1788
f 803/1788/1788 809/1787/1787 808/1789/1789
f 803/1788/1788 808/1789/1789 805/1790/1790
f 814/1791/1791 811/1792/1792 815/1784/1784
f 815/1784/1784 811/1792/1792 809/1787/1787
f 802/1793/1793 799/1794/1794 803/1788/1788
f 803/1788/1788 799/1794/1794 797/1786/1786
f 804/1795/1795 805/1796/1796 821/1797/1797
f 821/1797/1797 805/1796/1796 820/1798/1798
f 820/1798/1798 805/1796/1796 808/1799/1799
f 820/1798/1798 808/1799/1799 819/1800/1800
f 819/1800/1800 808/1799/1799 818/1801/1801
f 818/1801/1801 808/1799/1799 807/1802/1802
f 810/1803/1803 811/1804/1804 818/1805/1805
f 818/1805/1805 811/1804/1804 819/1806/1806
f 819/1806/1806 811/1804/1804 823/1807/1807
f 823/1807/1807 811/1804/1804 814/1808/1808
f 823/1807/1807 814/1808/1808 822/1809/1809
f 822/1809/1809 814/1808/1808 813/1810/1810
f 813/1811/1811 812/1812/1812 822/1813/1813
f 822/1813/1813 812/1812/1812 816/1814/1814
f 806/1815/1815 810/1816/1816 807/1817/1817
f 807/1817/1817 810/1816/1816 818/1818/1818
f 794/1819/1819 798/1820/1820 795/1821/1821
f 795/1821/1821 798/1820/1820 824/1822/1822
f 627/1823/1823 638/1824/1824 628/1825/1825
f 628/1825/1825 638/1824/1824 825/1826/1826
f 628/1825/1825 825/1826/1826 637/1827/1827
f 628/1825/1825 637/1827/1827 625/1828/1828
f 625/1828/1828 637/1827/1827 636/1829/1829
f 625/1828/1828 636/1829/1829 624/1830/1830
f 609/1831/1831 635/1832/1832 610/1833/1833
f 610/1833/1833 635/1832/1832 634/1834/1834
f 610/1833/1833 634/1834/1834 825/1835/1835
f 610/1833/1833 825/1835/1835 631/1836/1836
f 631/1836/1836 825/1835/1835 638/1837/1837
f 631/1836/1836 638/1837/1837 630/1838/1838
f 826/1839/1839 827/1840/1840 829/1841/1841
f 829/1841/1841 827/1840/1840 828/1842/1842
f 830/1843/1843 826/1844/1844 831/1845/1845
f 831/1845/1845 826/1844/1844 829/1846/1846
f 832/1847/1847 830/1848/1848 833/1849/1849
f 833/1849/1849 830/1848/1848 831/1850/1850
f 827/1851/1851 832/1852/1852 828/1853/1853
f 828/1853/1853 832/1852/1852 833/1854/1854
f 634/1855/1855 831/1856/1856 825/1857/1857
f 825/1857/1857 831/1856/1856 829/1858/1858
f 825/1857/1857 829/1858/1858 828/1859/1859
f 634/1855/1855 633/1860/1860 831/1856/1856
f 831/1856/1856 633/1860/1860 833/1861/1861
f 833/1861/1861 633/1860/1860 637/1862/1862
f 833/1861/1861 637/1862/1862 828/1859/1859
f 828/1859/1859 637/1862/1862 825/1857/1857
f 835/1863/1863 862/1864/1864 834/1865/1865
f 834/1865/1865 862/1864/1864 855/1866/1866
f 834/1865/1865 855/1866/1866 837/1867/1867
f 837/1867/1867 855/1866/1866 836/1868/1868
f 836/1868/1868 855/1866/1866 868/1869/1869
f 836/1868/1868 868/1869/1869 835/1863/1863
f 835/1863/1863 868/1869/1869 869/1870/1870
f 835/1863/1863 869/1870/1870 865/1871/1871
f 865/1871/1871 869/1870/1870 858/1872/1872
f 865/1871/1871 858/1872/1872 864/1873/1873
f 864/1873/1873 858/1872/1872 859/1874/1874
f 864/1873/1873 859/1874/1874 848/1875/1875
f 848/1875/1875 859/1874/1874 847/1876/1876
f 847/1876/1876 859/1874/1874 860/1877/1877
f 847/1876/1876 860/1877/1877 844/1878/1878
f 844/1878/1878 860/1877/1877 839/1879/1879
f 844/1878/1878 839/1879/1879 843/1880/1880
f 843/1880/1880 839/1879/1879 840/1881/1881
f 843/1880/1880 840/1881/1881 857/1882/1882
f 857/1882/1882 840/1881/1881 841/1883/1883
f 857/1882/1882 841/1883/1883 856/1884/1884
f 856/1884/1884 841/1883/1883 827/1885/1885
f 856/1884/1884 827/1885/1885 826/1886/1886
f 839/1879/1879 860/1877/1877 838/1887/1887
f 838/1887/1887 860/1877/1877 861/1888/1888
f 838/1887/1887 861/1888/1888 832/1889/1889
f 832/1889/1889 861/1888/1888 866/1890/1890
f 832/1889/1889 866/1890/1890 830/1891/1891
f 830/1891/1891 866/1890/1890 867/1892/1892
f 830/1891/1891 867/1892/1892 856/1884/1884
f 856/1884/1884 867/1892/1892 868/1869/1869
f 856/1884/1884 868/1869/1869 855/1866/1866
f 841/1883/1883 838/1887/1887 827/1885/1885
f 827/1885/1885 838/1887/1887 832/1889/1889
f 842/1893/1893 843/1880/1880 857/1882/1882
f 845/1894/1894 846/1895/1895 844/1878/1878
f 844/1878/1878 846/1895/1895 847/1876/1876
f 849/1896/1896 850/1897/1897 848/1875/1875
f 848/1875/1875 850/1897/1897 851/1898/1898
f 848/1875/1875 851/1898/1898 864/1873/1873
f 864/1873/1873 851/1898/1898 863/1899/1899
f 863/1899/1899 851/1898/1898 852/1900/1900
f 863/1899/1899 852/1900/1900 854/1901/1901
f 854/1901/1901 852/1900/1900 853/1902/1902
f 863/1899/1899 854/1901/1901 862/1864/1864
f 862/1864/1864 854/1901/1901 855/1866/1866
f 861/1888/1888 858/1872/1872 866/1890/1890
f 866/1890/1890 858/1872/1872 869/1870/1870
f 865/1871/1871 862/1864/1864 835/1863/1863
f 826/1886/1886 830/1891/1891 856/1884/1884
f 764/1903/1903 793/1904/1904 765/1905/1905
f 765/1905/1905 793/1904/1904 870/1906/1906
f 765/1905/1905 870/1906/1906 792/1907/1907
f 765/1905/1905 792/1907/1907 786/1908/1908
f 786/1908/1908 792/1907/1907 791/1909/1909
f 786/1908/1908 791/1909/1909 785/1910/1910
f 770/1911/1911 790/1912/1912 771/1913/1913
f 771/1913/1913 790/1912/1912 789/1914/1914
f 771/1913/1913 789/1914/1914 870/1915/1915
f 771/1913/1913 870/1915/1915 768/1916/1916
f 768/1916/1916 870/1915/1915 793/1917/1917
f 768/1916/1916 793/1917/1917 767/1918/1918
f 835/1919/1919 834/1920/1920 872/1921/1921
f 872/1921/1921 834/1920/1920 871/1922/1922
f 836/1923/1923 835/1924/1924 873/1925/1925
f 873/1925/1925 835/1924/1924 872/1926/1926
f 837/1927/1927 836/1928/1928 874/1929/1929
f 874/1929/1929 836/1928/1928 873/1930/1930
f 834/1931/1931 837/1932/1932 871/1933/1933
f 871/1933/1933 837/1932/1932 874/1934/1934
f 789/1935/1935 873/1936/1936 870/1937/1937
f 870/1937/1937 873/1936/1936 872/1938/1938
f 870/1937/1937 872/1938/1938 792/1939/1939
f 792/1939/1939 872/1938/1938 788/1940/1940
f 788/1940/1940 872/1938/1938 871/1941/1941
f 788/1940/1940 871/1941/1941 789/1935/1935
f 789/1935/1935 871/1941/1941 874/1942/1942
f 789/1935/1935 874/1942/1942 873/1936/1936
f 608/1943/1943 612/1944/1944 609/1945/1945
f 609/1945/1945 612/1944/1944 635/1946/1946
f 801/1947/1947 821/1948/1948 802/1949/1949
f 802/1949/1949 821/1948/1948 820/1950/1950
f 802/1949/1949 820/1950/1950 875/1951/1951
f 802/1949/1949 875/1951/1951 799/1952/1952
f 799/1952/1952 875/1951/1951 824/1953/1953
f 799/1952/1952 824/1953/1953 798/1954/1954
f 795/1955/1955 824/1956/1956 796/1957/1957
f 796/1957/1957 824/1956/1956 875/1958/1958
f 796/1957/1957 875/1958/1958 823/1959/1959
f 796/1957/1957 823/1959/1959 817/1960/1960
f 817/1960/1960 823/1959/1959 822/1961/1961
f 817/1960/1960 822/1961/1961 816/1962/1962
f 845/1963/1963 844/1964/1964 877/1965/1965
f 877/1965/1965 844/1964/1964 876/1966/1966
f 842/1967/1967 845/1968/1968 878/1969/1969
f 878/1969/1969 845/1968/1968 877/1970/1970
f 843/1971/1971 842/1972/1972 879/1973/1973
f 879/1973/1973 842/1972/1972 878/1974/1974
f 844/1975/1975 843/1976/1976 876/1977/1977
f 876/1977/1977 843/1976/1976 879/1978/1978
f 819/1979/1979 823/1980/1980 877/1981/1981
f 877/1981/1981 823/1980/1980 875/1982/1982
f 877/1981/1981 875/1982/1982 878/1983/1983
f 878/1983/1983 875/1982/1982 820/1984/1984
f 878/1983/1983 820/1984/1984 879/1985/1985
f 879/1985/1985 820/1984/1984 876/1986/1986
f 876/1986/1986 820/1984/1984 819/1979/1979
f 876/1986/1986 819/1979/1979 877/1981/1981
f 769/1987/1987 773/1988/1988 770/1989/1989
f 770/1989/1989 773/1988/1988 790/1990/1990
f 286/1991/1991 297/1992/1992 287/1993/1993
f 287/1993/1993 297/1992/1992 880/1994/1994
f 287/1993/1993 880/1994/1994 284/1995/1995
f 284/1995/1995 880/1994/1994 296/1996/1996
f 284/1995/1995 296/1996/1996 295/1997/1997
f 295/1997/1997 283/1998/1998 284/1995/1995
f 268/1999/1999 294/2000/2000 269/2001/2001
f 269/2001/2001 294/2000/2000 293/2002/2002
f 269/2001/2001 293/2002/2002 880/2003/2003
f 269/2001/2001 880/2003/2003 290/2004/2004
f 290/2004/2004 880/2003/2003 297/2005/2005
f 290/2004/2004 297/2005/2005 289/2006/2006
f 881/2007/2007 882/2008/2008 884/2009/2009
f 884/2009/2009 882/2008/2008 883/2010/2010
f 885/2011/2011 881/2012/2012 886/2013/2013
f 886/2013/2013 881/2012/2012 884/2014/2014
f 887/2015/2015 885/2016/2016 888/2017/2017
f 888/2017/2017 885/2016/2016 886/2018/2018
f 882/2019/2019 887/2020/2020 883/2021/2021
f 883/2021/2021 887/2020/2020 888/2022/2022
f 293/2023/2023 884/2024/2024 880/2025/2025
f 880/2025/2025 884/2024/2024 883/2026/2026
f 880/2025/2025 883/2026/2026 296/2027/2027
f 296/2027/2027 883/2026/2026 888/2028/2028
f 296/2027/2027 888/2028/2028 886/2029/2029
f 293/2023/2023 292/2030/2030 884/2024/2024
f 884/2024/2024 292/2030/2030 886/2029/2029
f 886/2029/2029 292/2030/2030 296/2027/2027
f 890/2031/2031 910/2032/2032 889/2033/2033
f 889/2033/2033 910/2032/2032 923/2034/2034
f 889/2033/2033 923/2034/2034 892/2035/2035
f 892/2035/2035 923/2034/2034 924/2036/2036
f 892/2035/2035 924/2036/2036 901/2037/2037
f 901/2037/2037 924/2036/2036 906/2038/2038
f 901/2037/2037 906/2038/2038 904/2039/2039
f 904/2039/2039 906/2038/2038 907/2040/2040
f 904/2039/2039 907/2040/2040 919/2041/2041
f 919/2041/2041 907/2040/2040 918/2042/2042
f 918/2042/2042 907/2040/2040 908/2043/2043
f 918/2042/2042 908/2043/2043 915/2044/2044
f 915/2044/2044 908/2043/2043 893/2045/2045
f 915/2044/2044 893/2045/2045 914/2046/2046
f 914/2046/2046 893/2045/2045 894/2047/2047
f 914/2046/2046 894/2047/2047 912/2048/2048
f 912/2048/2048 894/2047/2047 895/2049/2049
f 912/2048/2048 895/2049/2049 911/2050/2050
f 911/2050/2050 895/2049/2049 900/2051/2051
f 911/2050/2050 900/2051/2051 897/2052/2052
f 890/2031/2031 891/2053/2053 910/2032/2032
f 910/2032/2032 891/2053/2053 902/2054/2054
f 910/2032/2032 902/2054/2054 909/2055/2055
f 909/2055/2055 902/2054/2054 903/2056/2056
f 909/2055/2055 903/2056/2056 887/2057/2057
f 887/2057/2057 903/2056/2056 885/2058/2058
f 885/2058/2058 903/2056/2056 904/2039/2039
f 885/2058/2058 904/2039/2039 919/2041/2041
f 891/2053/2053 892/2035/2035 902/2054/2054
f 902/2054/2054 892/2035/2035 901/2037/2037
f 895/2049/2049 896/2059/2059 900/2051/2051
f 900/2051/2051 896/2059/2059 899/2060/2060
f 899/2060/2060 896/2059/2059 905/2061/2061
f 899/2060/2060 905/2061/2061 921/2062/2062
f 921/2062/2062 905/2061/2061 906/2038/2038
f 921/2062/2062 906/2038/2038 924/2036/2036
f 905/2061/2061 896/2059/2059 908/2043/2043
f 908/2043/2043 896/2059/2059 893/2045/2045
f 897/2052/2052 898/2063/2063 911/2050/2050
f 911/2050/2050 898/2063/2063 922/2064/2064
f 911/2050/2050 922/2064/2064 923/2034/2034
f 922/2064/2064 898/2063/2063 921/2062/2062
f 921/2062/2062 898/2063/2063 899/2060/2060
f 920/2065/2065 881/2066/2066 919/2041/2041
f 919/2041/2041 881/2066/2066 885/2058/2058
f 887/2057/2057 882/2067/2067 909/2055/2055
f 910/2032/2032 911/2050/2050 923/2034/2034
f 912/2048/2048 913/2068/2068 914/2046/2046
f 916/2069/2069 917/2070/2070 915/2044/2044
f 915/2044/2044 917/2070/2070 918/2042/2042
f 485/2071/2071 514/2072/2072 486/2073/2073
f 486/2073/2073 514/2072/2072 925/2074/2074
f 486/2073/2073 925/2074/2074 507/2075/2075
f 507/2075/2075 925/2074/2074 513/2076/2076
f 507/2075/2075 513/2076/2076 512/2077/2077
f 512/2077/2077 506/2078/2078 507/2075/2075
f 491/2079/2079 511/2080/2080 492/2081/2081
f 492/2081/2081 511/2080/2080 510/2082/2082
f 492/2081/2081 510/2082/2082 925/2083/2083
f 492/2081/2081 925/2083/2083 489/2084/2084
f 489/2084/2084 925/2083/2083 514/2085/2085
f 489/2084/2084 514/2085/2085 488/2086/2086
f 890/2087/2087 889/2088/2088 927/2089/2089
f 927/2089/2089 889/2088/2088 926/2090/2090
f 891/2091/2091 890/2092/2092 928/2093/2093
f 928/2093/2093 890/2092/2092 927/2094/2094
f 892/2095/2095 891/2096/2096 929/2097/2097
f 929/2097/2097 891/2096/2096 928/2098/2098
f 889/2099/2099 892/2100/2100 926/2101/2101
f 926/2101/2101 892/2100/2100 929/2102/2102
f 513/2103/2103 925/2104/2104 929/2105/2105
f 929/2105/2105 925/2104/2104 510/2106/2106
f 929/2105/2105 510/2106/2106 926/2107/2107
f 926/2107/2107 510/2106/2106 509/2108/2108
f 926/2107/2107 509/2108/2108 927/2109/2109
f 927/2109/2109 509/2108/2108 928/2110/2110
f 928/2110/2110 509/2108/2108 513/2103/2103
f 928/2110/2110 513/2103/2103 929/2105/2105
f 267/2111/2111 271/2112/2112 268/2113/2113
f 268/2113/2113 271/2112/2112 294/2114/2114
f 460/2115/2115 480/2116/2116 461/2117/2117
f 461/2117/2117 480/2116/2116 479/2118/2118
f 461/2117/2117 479/2118/2118 930/2119/2119
f 461/2117/2117 930/2119/2119 458/2120/2120
f 458/2120/2120 930/2119/2119 483/2121/2121
f 458/2120/2120 483/2121/2121 457/2122/2122
f 454/2123/2123 483/2124/2124 455/2125/2125
f 455/2125/2125 483/2124/2124 930/2126/2126
f 455/2125/2125 930/2126/2126 476/2127/2127
f 476/2127/2127 930/2126/2126 482/2128/2128
f 476/2127/2127 482/2128/2128 481/2129/2129
f 481/2129/2129 475/2130/2130 476/2127/2127
f 922/2131/2131 921/2132/2132 932/2133/2133
f 932/2133/2133 921/2132/2132 931/2134/2134
f 923/2135/2135 922/2136/2136 933/2137/2137
f 933/2137/2137 922/2136/2136 932/2138/2138
f 924/2139/2139 923/2140/2140 934/2141/2141
f 934/2141/2141 923/2140/2140 933/2142/2142
f 921/2143/2143 924/2144/2144 931/2145/2145
f 931/2145/2145 924/2144/2144 934/2146/2146
f 930/2147/2147 934/2148/2148 482/2149/2149
f 482/2149/2149 934/2148/2148 933/2150/2150
f 482/2149/2149 933/2150/2150 478/2151/2151
f 478/2151/2151 933/2150/2150 479/2152/2152
f 479/2152/2152 933/2150/2150 932/2153/2153
f 479/2152/2152 932/2153/2153 931/2154/2154
f 934/2148/2148 930/2147/2147 931/2154/2154
f 931/2154/2154 930/2147/2147 479/2152/2152
f 494/2155/2155 511/2156/2156 490/2157/2157
f 490/2157/2157 511/2156/2156 491/2158/2158
f 392/2159/2159 418/2160/2160 393/2161/2161
f 393/2161/2161 418/2160/2160 417/2162/2162
f 393/2161/2161 417/2162/2162 935/2163/2163
f 393/2161/2161 935/2163/2163 414/2164/2164
f 414/2164/2164 935/2163/2163 421/2165/2165
f 414/2164/2164 421/2165/2165 413/2166/2166
f 410/2167/2167 421/2168/2168 411/2169/2169
f 411/2169/2169 421/2168/2168 935/2170/2170
f 411/2169/2169 935/2170/2170 408/2171/2171
f 408/2171/2171 935/2170/2170 420/2172/2172
f 408/2171/2171 420/2172/2172 419/2173/2173
f 419/2173/2173 407/2174/2174 408/2171/2171
f 918/2175/2175 917/2176/2176 937/2177/2177
f 937/2177/2177 917/2176/2176 936/2178/2178
f 919/2179/2179 918/2180/2180 938/2181/2181
f 938/2181/2181 918/2180/2180 937/2182/2182
f 920/2183/2183 919/2184/2184 939/2185/2185
f 939/2185/2185 919/2184/2184 938/2186/2186
f 917/2187/2187 920/2188/2188 936/2189/2189
f 936/2189/2189 920/2188/2188 939/2190/2190
f 420/2191/2191 937/2192/2192 416/2193/2193
f 416/2193/2193 937/2192/2192 936/2194/2194
f 416/2193/2193 936/2194/2194 417/2195/2195
f 417/2195/2195 936/2194/2194 935/2196/2196
f 935/2196/2196 936/2194/2194 939/2197/2197
f 935/2196/2196 939/2197/2197 420/2191/2191
f 420/2191/2191 939/2197/2197 938/2198/2198
f 420/2191/2191 938/2198/2198 937/2192/2192
f 391/2199/2199 395/2200/2200 392/2201/2201
f 392/2201/2201 395/2200/2200 418/2202/2202
f 677/2203/2203 697/2204/2204 678/2205/2205
f 678/2205/2205 697/2204/2204 696/2206/2206
f 678/2205/2205 696/2206/2206 940/2207/2207
f 678/2205/2205 940/2207/2207 675/2208/2208
f 675/2208/2208 940/2207/2207 700/2209/2209
f 675/2208/2208 700/2209/2209 674/2210/2210
f 671/2211/2211 700/2212/2212 672/2213/2213
f 672/2213/2213 700/2212/2212 940/2214/2214
f 672/2213/2213 940/2214/2214 699/2215/2215
f 672/2213/2213 699/2215/2215 693/2216/2216
f 693/2216/2216 699/2215/2215 698/2217/2217
f 693/2216/2216 698/2217/2217 692/2218/2218
f 849/2219/2219 848/2220/2220 942/2221/2221
f 942/2221/2221 848/2220/2220 941/2222/2222
f 846/2223/2223 849/2224/2224 943/2225/2225
f 943/2225/2225 849/2224/2224 942/2226/2226
f 847/2227/2227 846/2228/2228 944/2229/2229
f 944/2229/2229 846/2228/2228 943/2230/2230
f 848/2231/2231 847/2232/2232 941/2233/2233
f 941/2233/2233 847/2232/2232 944/2234/2234
f 695/2235/2235 699/2236/2236 942/2237/2237
f 942/2237/2237 699/2236/2236 940/2238/2238
f 942/2237/2237 940/2238/2238 943/2239/2239
f 943/2239/2239 940/2238/2238 696/2240/2240
f 943/2239/2239 696/2240/2240 944/2241/2241
f 944/2241/2241 696/2240/2240 941/2242/2242
f 941/2242/2242 696/2240/2240 695/2235/2235
f 941/2242/2242 695/2235/2235 942/2237/2237
f 804/2243/2243 821/2244/2244 800/2245/2245
f 800/2245/2245 821/2244/2244 801/2246/2246
f 733/2247/2247 762/2248/2248 734/2249/2249
f 734/2249/2249 762/2248/2248 945/2250/2250
f 734/2249/2249 945/2250/2250 761/2251/2251
f 734/2249/2249 761/2251/2251 755/2252/2252
f 755/2252/2252 761/2251/2251 760/2253/2253
f 755/2252/2252 760/2253/2253 754/2254/2254
f 739/2255/2255 759/2256/2256 740/2257/2257
f 740/2257/2257 759/2256/2256 758/2258/2258
f 740/2257/2257 758/2258/2258 945/2259/2259
f 740/2257/2257 945/2259/2259 737/2260/2260
f 737/2260/2260 945/2259/2259 762/2261/2261
f 737/2260/2260 762/2261/2261 736/2262/2262
f 867/2263/2263 866/2264/2264 947/2265/2265
f 947/2265/2265 866/2264/2264 946/2266/2266
f 868/2267/2267 867/2268/2268 948/2269/2269
f 948/2269/2269 867/2268/2268 947/2270/2270
f 869/2271/2271 868/2272/2272 949/2273/2273
f 949/2273/2273 868/2272/2272 948/2274/2274
f 866/2275/2275 869/2276/2276 946/2277/2277
f 946/2277/2277 869/2276/2276 949/2278/2278
f 758/2279/2279 948/2280/2280 945/2281/2281
f 945/2281/2281 948/2280/2280 947/2282/2282
f 945/2281/2281 947/2282/2282 946/2283/2283
f 758/2279/2279 757/2284/2284 948/2280/2280
f 948/2280/2280 757/2284/2284 949/2285/2285
f 949/2285/2285 757/2284/2284 761/2286/2286
f 949/2285/2285 761/2286/2286 946/2283/2283
f 946/2283/2283 761/2286/2286 945/2281/2281
f 680/2287/2287 697/2288/2288 676/2289/2289
f 676/2289/2289 697/2288/2288 677/2290/2290
f 706/2291/2291 728/2292/2292 707/2293/2293
f 707/2293/2293 728/2292/2292 727/2294/2294
f 707/2293/2293 727/2294/2294 950/2295/2295
f 707/2293/2293 950/2295/2295 704/2296/2296
f 704/2296/2296 950/2295/2295 731/2297/2297
f 704/2296/2296 731/2297/2297 701/2298/2298
f 723/2299/2299 731/2300/2300 724/2301/2301
f 724/2301/2301 731/2300/2300 950/2302/2302
f 724/2301/2301 950/2302/2302 730/2303/2303
f 724/2301/2301 730/2303/2303 722/2304/2304
f 722/2304/2304 730/2303/2303 729/2305/2305
f 722/2304/2304 729/2305/2305 721/2306/2306
f 839/2307/2307 838/2308/2308 952/2309/2309
f 952/2309/2309 838/2308/2308 951/2310/2310
f 840/2311/2311 839/2312/2312 953/2313/2313
f 953/2313/2313 839/2312/2312 952/2314/2314
f 841/2315/2315 840/2316/2316 954/2317/2317
f 954/2317/2317 840/2316/2316 953/2318/2318
f 838/2319/2319 841/2320/2320 951/2321/2321
f 951/2321/2321 841/2320/2320 954/2322/2322
f 950/2323/2323 954/2324/2324 730/2325/2325
f 730/2325/2325 954/2324/2324 953/2326/2326
f 730/2325/2325 953/2326/2326 952/2327/2327
f 954/2324/2324 950/2323/2323 951/2328/2328
f 951/2328/2328 950/2323/2323 727/2329/2329
f 951/2328/2328 727/2329/2329 726/2330/2330
f 951/2328/2328 726/2330/2330 952/2327/2327
f 952/2327/2327 726/2330/2330 730/2325/2325
f 738/2331/2331 742/2332/2332 739/2333/2333
f 739/2333/2333 742/2332/2332 759/2334/2334
f 644/2335/2335 666/2336/2336 645/2337/2337
f 645/2337/2337 666/2336/2336 665/2338/2338
f 645/2337/2337 665/2338/2338 955/2339/2339
f 645/2337/2337 955/2339/2339 642/2340/2340
f 642/2340/2340 955/2339/2339 669/2341/2341
f 642/2340/2340 669/2341/2341 639/2342/2342
f 661/2343/2343 669/2344/2344 662/2345/2345
f 662/2345/2345 669/2344/2344 955/2346/2346
f 662/2345/2345 955/2346/2346 668/2347/2347
f 662/2345/2345 668/2347/2347 660/2348/2348
f 660/2348/2348 668/2347/2347 667/2349/2349
f 660/2348/2348 667/2349/2349 659/2350/2350
f 863/2351/2351 862/2352/2352 957/2353/2353
f 957/2353/2353 862/2352/2352 956/2354/2354
f 864/2355/2355 863/2356/2356 958/2357/2357
f 958/2357/2357 863/2356/2356 957/2358/2358
f 865/2359/2359 864/2360/2360 959/2361/2361
f 959/2361/2361 864/2360/2360 958/2362/2362
f 862/2363/2363 865/2364/2364 956/2365/2365
f 956/2365/2365 865/2364/2364 959/2366/2366
f 955/2367/2367 959/2368/2368 668/2369/2369
f 668/2369/2369 959/2368/2368 958/2370/2370
f 668/2369/2369 958/2370/2370 664/2371/2371
f 664/2371/2371 958/2370/2370 957/2372/2372
f 664/2371/2371 957/2372/2372 956/2373/2373
f 955/2367/2367 665/2374/2374 959/2368/2368
f 959/2368/2368 665/2374/2374 956/2373/2373
f 956/2373/2373 665/2374/2374 664/2371/2371
f 705/2375/2375 709/2376/2376 706/2377/2377
f 706/2377/2377 709/2376/2376 728/2378/2378
f 427/2379/2379 449/2380/2380 428/2381/2381
f 428/2381/2381 449/2380/2380 448/2382/2382
f 428/2381/2381 448/2382/2382 960/2383/2383
f 428/2381/2381 960/2383/2383 425/2384/2384
f 425/2384/2384 960/2383/2383 452/2385/2385
f 425/2384/2384 452/2385/2385 422/2386/2386
f 444/2387/2387 452/2388/2388 445/2389/2389
f 445/2389/2389 452/2388/2388 960/2390/2390
f 445/2389/2389 960/2390/2390 451/2391/2391
f 445/2389/2389 451/2391/2391 443/2392/2392
f 443/2392/2392 451/2391/2391 450/2393/2393
f 443/2392/2392 450/2393/2393 442/2394/2394
f 894/2395/2395 893/2396/2396 962/2397/2397
f 962/2397/2397 893/2396/2396 961/2398/2398
f 895/2399/2399 894/2400/2400 963/2401/2401
f 963/2401/2401 894/2400/2400 962/2402/2402
f 896/2403/2403 895/2404/2404 964/2405/2405
f 964/2405/2405 895/2404/2404 963/2406/2406
f 893/2407/2407 896/2408/2408 961/2409/2409
f 961/2409/2409 896/2408/2408 964/2410/2410
f 960/2411/2411 963/2412/2412 451/2413/2413
f 451/2413/2413 963/2412/2412 962/2414/2414
f 451/2413/2413 962/2414/2414 961/2415/2415
f 963/2412/2412 960/2411/2411 964/2416/2416
f 964/2416/2416 960/2411/2411 448/2417/2417
f 964/2416/2416 448/2417/2417 447/2418/2418
f 964/2416/2416 447/2418/2418 961/2415/2415
f 961/2415/2415 447/2418/2418 451/2413/2413
f 463/2419/2419 480/2420/2420 459/2421/2421
f 459/2421/2421 480/2420/2420 460/2422/2422
f 317/2423/2423 328/2424/2424 318/2425/2425
f 318/2425/2425 328/2424/2424 965/2426/2426
f 318/2425/2425 965/2426/2426 327/2427/2427
f 318/2425/2425 327/2427/2427 315/2428/2428
f 315/2428/2428 327/2427/2427 326/2429/2429
f 315/2428/2428 326/2429/2429 314/2430/2430
f 299/2431/2431 325/2432/2432 300/2433/2433
f 300/2433/2433 325/2432/2432 324/2434/2434
f 300/2433/2433 324/2434/2434 965/2435/2435
f 300/2433/2433 965/2435/2435 321/2436/2436
f 321/2436/2436 965/2435/2435 328/2437/2437
f 321/2436/2436 328/2437/2437 320/2438/2438
f 906/2439/2439 905/2440/2440 967/2441/2441
f 967/2441/2441 905/2440/2440 966/2442/2442
f 907/2443/2443 906/2444/2444 968/2445/2445
f 968/2445/2445 906/2444/2444 967/2446/2446
f 908/2447/2447 907/2448/2448 969/2449/2449
f 969/2449/2449 907/2448/2448 968/2450/2450
f 905/2451/2451 908/2452/2452 966/2453/2453
f 966/2453/2453 908/2452/2452 969/2454/2454
f 324/2455/2455 967/2456/2456 965/2457/2457
f 965/2457/2457 967/2456/2456 966/2458/2458
f 965/2457/2457 966/2458/2458 327/2459/2459
f 327/2459/2459 966/2458/2458 969/2460/2460
f 327/2459/2459 969/2460/2460 323/2461/2461
f 323/2461/2461 969/2460/2460 968/2462/2462
f 323/2461/2461 968/2462/2462 324/2455/2455
f 324/2455/2455 968/2462/2462 967/2456/2456
f 426/2463/2463 430/2464/2464 427/2465/2465
f 427/2465/2465 430/2464/2464 449/2466/2466
f 348/2467/2467 359/2468/2468 349/2469/2469
f 349/2469/2469 359/2468/2468 970/2470/2470
f 349/2469/2469 970/2470/2470 358/2471/2471
f 349/2469/2469 358/2471/2471 346/2472/2472
f 346/2472/2472 358/2471/2471 357/2473/2473
f 346/2472/2472 357/2473/2473 345/2474/2474
f 330/2475/2475 356/2476/2476 331/2477/2477
f 331/2477/2477 356/2476/2476 355/2478/2478
f 331/2477/2477 355/2478/2478 970/2479/2479
f 331/2477/2477 970/2479/2479 352/2480/2480
f 352/2480/2480 970/2479/2479 359/2481/2481
f 352/2480/2480 359/2481/2481 351/2482/2482
f 898/2483/2483 897/2484/2484 972/2485/2485
f 972/2485/2485 897/2484/2484 971/2486/2486
f 899/2487/2487 898/2488/2488 973/2489/2489
f 973/2489/2489 898/2488/2488 972/2490/2490
f 900/2491/2491 899/2492/2492 974/2493/2493
f 974/2493/2493 899/2492/2492 973/2494/2494
f 897/2495/2495 900/2496/2496 971/2497/2497
f 971/2497/2497 900/2496/2496 974/2498/2498
f 355/2499/2499 974/2500/2500 970/2501/2501
f 970/2501/2501 974/2500/2500 973/2502/2502
f 970/2501/2501 973/2502/2502 358/2503/2503
f 358/2503/2503 973/2502/2502 972/2504/2504
f 358/2503/2503 972/2504/2504 354/2505/2505
f 354/2505/2505 972/2504/2504 355/2499/2499
f 355/2499/2499 972/2504/2504 971/2506/2506
f 355/2499/2499 971/2506/2506 974/2500/2500
f 298/2507/2507 302/2508/2508 299/2509/2509
f 299/2509/2509 302/2508/2508 325/2510/2510
f 379/2511/2511 390/2512/2512 380/2513/2513
f 380/2513/2513 390/2512/2512 975/2514/2514
f 380/2513/2513 975/2514/2514 389/2515/2515
f 380/2513/2513 389/2515/2515 377/2516/2516
f 377/2516/2516 389/2515/2515 388/2517/2517
f 377/2516/2516 388/2517/2517 376/2518/2518
f 361/2519/2519 387/2520/2520 362/2521/2521
f 362/2521/2521 387/2520/2520 386/2522/2522
f 362/2521/2521 386/2522/2522 975/2523/2523
f 362/2521/2521 975/2523/2523 383/2524/2524
f 383/2524/2524 975/2523/2523 390/2525/2525
f 383/2524/2524 390/2525/2525 382/2526/2526
f 902/2527/2527 901/2528/2528 977/2529/2529
f 977/2529/2529 901/2528/2528 976/2530/2530
f 903/2531/2531 902/2532/2532 978/2533/2533
f 978/2533/2533 902/2532/2532 977/2534/2534
f 904/2535/2535 903/2536/2536 979/2537/2537
f 979/2537/2537 903/2536/2536 978/2538/2538
f 901/2539/2539 904/2540/2540 976/2541/2541
f 976/2541/2541 904/2540/2540 979/2542/2542
f 386/2543/2543 976/2544/2544 975/2545/2545
f 975/2545/2545 976/2544/2544 979/2546/2546
f 975/2545/2545 979/2546/2546 389/2547/2547
f 389/2547/2547 979/2546/2546 978/2548/2548
f 389/2547/2547 978/2548/2548 385/2549/2549
f 385/2549/2549 978/2548/2548 977/2550/2550
f 385/2549/2549 977/2550/2550 386/2543/2543
f 386/2543/2543 977/2550/2550 976/2544/2544
f 333/2551/2551 356/2552/2552 329/2553/2553
f 329/2553/2553 356/2552/2552 330/2554/2554
f 522/2555/2555 542/2556/2556 523/2557/2557
f 523/2557/2557 542/2556/2556 541/2558/2558
f 523/2557/2557 541/2558/2558 980/2559/2559
f 523/2557/2557 980/2559/2559 520/2560/2560
f 520/2560/2560 980/2559/2559 545/2561/2561
f 520/2560/2560 545/2561/2561 519/2562/2562
f 516/2563/2563 545/2564/2564 517/2565/2565
f 517/2565/2565 545/2564/2564 980/2566/2566
f 517/2565/2565 980/2566/2566 544/2567/2567
f 517/2565/2565 544/2567/2567 538/2568/2568
f 538/2568/2568 544/2567/2567 543/2569/2569
f 538/2568/2568 543/2569/2569 537/2570/2570
f 916/2571/2571 915/2572/2572 982/2573/2573
f 982/2573/2573 915/2572/2572 981/2574/2574
f 913/2575/2575 916/2576/2576 983/2577/2577
f 983/2577/2577 916/2576/2576 982/2578/2578
f 914/2579/2579 913/2580/2580 984/2581/2581
f 984/2581/2581 913/2580/2580 983/2582/2582
f 915/2583/2583 914/2584/2584 981/2585/2585
f 981/2585/2585 914/2584/2584 984/2586/2586
f 980/2587/2587 983/2588/2588 544/2589/2589
f 544/2589/2589 983/2588/2588 982/2590/2590
f 544/2589/2589 982/2590/2590 540/2591/2591
f 540/2591/2591 982/2590/2590 981/2592/2592
f 540/2591/2591 981/2592/2592 984/2593/2593
f 980/2587/2587 541/2594/2594 983/2588/2588
f 983/2588/2588 541/2594/2594 984/2593/2593
f 984/2593/2593 541/2594/2594 540/2591/2591
f 364/2595/2595 387/2596/2596 360/2597/2597
f 360/2597/2597 387/2596/2596 361/2598/2598
f 553/2599/2599 573/2600/2600 554/2601/2601
f 554/2601/2601 573/2600/2600 572/2602/2602
f 554/2601/2601 572/2602/2602 985/2603/2603
f 554/2601/2601 985/2603/2603 551/2604/2604
f 551/2604/2604 985/2603/2603 576/2605/2605
f 551/2604/2604 576/2605/2605 550/2606/2606
f 547/2607/2607 576/2608/2608 548/2609/2609
f 548/2609/2609 576/2608/2608 985/2610/2610
f 548/2609/2609 985/2610/2610 575/2611/2611
f 548/2609/2609 575/2611/2611 569/2612/2612
f 569/2612/2612 575/2611/2611 574/2613/2613
f 569/2612/2612 574/2613/2613 568/2614/2614
f 853/2615/2615 852/2616/2616 987/2617/2617
f 987/2617/2617 852/2616/2616 986/2618/2618
f 850/2619/2619 853/2620/2620 988/2621/2621
f 988/2621/2621 853/2620/2620 987/2622/2622
f 851/2623/2623 850/2624/2624 989/2625/2625
f 989/2625/2625 850/2624/2624 988/2626/2626
f 852/2627/2627 851/2628/2628 986/2629/2629
f 986/2629/2629 851/2628/2628 989/2630/2630
f 985/2631/2631 988/2632/2632 575/2633/2633
f 575/2633/2633 988/2632/2632 987/2634/2634
f 575/2633/2633 987/2634/2634 571/2635/2635
f 571/2635/2635 987/2634/2634 986/2636/2636
f 571/2635/2635 986/2636/2636 989/2637/2637
f 985/2631/2631 572/2638/2638 988/2632/2632
f 988/2632/2632 572/2638/2638 989/2637/2637
f 989/2637/2637 572/2638/2638 571/2635/2635
f 643/2639/2639 647/2640/2640 644/2641/2641
f 644/2641/2641 647/2640/2640 666/2642/2642
f 582/2643/2643 604/2644/2644 583/2645/2645
f 583/2645/2645 604/2644/2644 603/2646/2646
f 583/2645/2645 603/2646/2646 990/2647/2647
f 583/2645/2645 990/2647/2647 580/2648/2648
f 580/2648/2648 990/2647/2647 607/2649/2649
f 580/2648/2648 607/2649/2649 577/2650/2650
f 599/2651/2651 607/2652/2652 600/2653/2653
f 600/2653/2653 607/2652/2652 990/2654/2654
f 600/2653/2653 990/2654/2654 606/2655/2655
f 600/2653/2653 606/2655/2655 598/2656/2656
f 598/2656/2656 606/2655/2655 605/2657/2657
f 598/2656/2656 605/2657/2657 597/2658/2658
f 859/2659/2659 858/2660/2660 992/2661/2661
f 992/2661/2661 858/2660/2660 991/2662/2662
f 860/2663/2663 859/2664/2664 993/2665/2665
f 993/2665/2665 859/2664/2664 992/2666/2666
f 861/2667/2667 860/2668/2668 994/2669/2669
f 994/2669/2669 860/2668/2668 993/2670/2670
f 858/2671/2671 861/2672/2672 991/2673/2673
f 991/2673/2673 861/2672/2672 994/2674/2674
f 990/2675/2675 994/2676/2676 606/2677/2677
f 606/2677/2677 994/2676/2676 993/2678/2678
f 606/2677/2677 993/2678/2678 602/2679/2679
f 602/2679/2679 993/2678/2678 992/2680/2680
f 602/2679/2679 992/2680/2680 991/2681/2681
f 990/2675/2675 603/2682/2682 994/2676/2676
f 994/2676/2676 603/2682/2682 991/2681/2681
f 991/2681/2681 603/2682/2682 602/2679/2679
f 556/2683/2683 573/2684/2684 552/2685/2685
f 552/2685/2685 573/2684/2684 553/2686/2686
f 995/2687/2687 996/2688/2688 998/2689/2689
f 998/2689/2689 996/2688/2688 997/2690/2690
f 999/2691/2691 1000/2692/2692 1002/2693/2693
f 1002/2693/2693 1000/2692/2692 1001/2694/2694
f 998/2695/2695 1001/2696/2696 995/2697/2697
f 995/2697/2697 1001/2696/2696 1000/2698/2698
f 999/2699/2699 1002/2700/2700 996/2701/2701
f 996/2701/2701 1002/2700/2700 997/2702/2702
f 997/2703/2703 1002/2704/2704 1012/2705/2705
f 1012/2705/2705 1002/2704/2704 1003/2706/2706
f 1012/2705/2705 1003/2706/2706 1011/2707/2707
f 1011/2707/2707 1003/2706/2706 1004/2708/2708
f 1011/2707/2707 1004/2708/2708 1010/2709/2709
f 1010/2709/2709 1004/2708/2708 1008/2710/2710
f 1010/2709/2709 1008/2710/2710 1009/2711/2711
f 1004/2708/2708 1005/2712/2712 1008/2710/2710
f 1008/2710/2710 1005/2712/2712 1007/2713/2713
f 1007/2713/2713 1005/2712/2712 1006/2714/2714
f 1002/2715/2715 1001/2716/2716 1003/2717/2717
f 1003/2717/2717 1001/2716/2716 1013/2718/2718
f 1003/2717/2717 1013/2718/2718 1021/2719/2719
f 1021/2719/2719 1013/2718/2718 1014/2720/2720
f 1021/2719/2719 1014/2720/2720 1020/2721/2721
f 1020/2721/2721 1014/2720/2720 1018/2722/2722
f 1020/2721/2721 1018/2722/2722 1019/2723/2723
f 1014/2720/2720 1015/2724/2724 1018/2722/2722
f 1018/2722/2722 1015/2724/2724 1017/2725/2725
f 1017/2725/2725 1015/2724/2724 1016/2726/2726
f 1023/2727/2727 999/2728/2728 1022/2729/2729
f 1022/2729/2729 999/2728/2728 996/2730/2730
f 1022/2729/2729 996/2730/2730 1025/2731/2731
f 1025/2731/2731 996/2730/2730 995/2732/2732
f 1025/2731/2731 995/2732/2732 1024/2733/2733
f 1024/2733/2733 995/2732/2732 1023/2727/2727
f 1023/2727/2727 995/2732/2732 1000/2734/2734
f 1023/2727/2727 1000/2734/2734 999/2728/2728
f 1026/2735/2735 1027/2736/2736 1029/2737/2737
f 1029/2737/2737 1027/2736/2736 1028/2738/2738
f 1030/2739/2739 1031/2740/2740 1033/2741/2741
f 1033/2741/2741 1031/2740/2740 1032/2742/2742
f 1029/2743/2743 1032/2744/2744 1026/2745/2745
f 1026/2745/2745 1032/2744/2744 1031/2746/2746
f 1030/2747/2747 1033/2748/2748 1027/2749/2749
f 1027/2749/2749 1033/2748/2748 1028/2750/2750
f 1028/2751/2751 1033/2752/2752 1035/2753/2753
f 1035/2753/2753 1033/2752/2752 1034/2754/2754
f 1033/2755/2755 1032/2756/2756 1034/2757/2757
f 1034/2757/2757 1032/2756/2756 1036/2758/2758
f 1038/2759/2759 1030/2760/2760 1037/2761/2761
f 1037/2761/2761 1030/2760/2760 1027/2762/2762
f 1037/2761/2761 1027/2762/2762 1040/2763/2763
f 1040/2763/2763 1027/2762/2762 1026/2764/2764
f 1040/2763/2763 1026/2764/2764 1031/2765/2765
f 1038/2759/2759 1039/2766/2766 1030/2760/2760
f 1030/2760/2760 1039/2766/2766 1031/2765/2765
f 1031/2765/2765 1039/2766/2766 1040/2763/2763
f 1041/2767/2767 1042/2768/2768 1044/2769/2769
f 1044/2769/2769 1042/2768/2768 1043/2770/2770
f 1045/2771/2771 1041/2772/2772 1046/2773/2773
f 1046/2773/2773 1041/2772/2772 1044/2774/2774
f 1047/2775/2775 1045/2776/2776 1048/2777/2777
f 1048/2777/2777 1045/2776/2776 1046/2778/2778
f 1042/2779/2779 1047/2780/2780 1043/2781/2781
f 1043/2781/2781 1047/2780/2780 1048/2782/2782
f 1049/2783/2783 1050/2784/2784 1052/2785/2785
f 1052/2785/2785 1050/2784/2784 1051/2786/2786
f 1053/2787/2787 1049/2788/2788 1054/2789/2789
f 1054/2789/2789 1049/2788/2788 1052/2790/2790
f 1055/2791/2791 1053/2792/2792 1056/2793/2793
f 1056/2793/2793 1053/2792/2792 1054/2794/2794
f 1050/2795/2795 1055/2796/2796 1051/2797/2797
f 1051/2797/2797 1055/2796/2796 1056/2798/2798
f 1057/2799/2799 1058/2800/2800 1060/2801/2801
f 1060/2801/2801 1058/2800/2800 1059/2802/2802
f 1061/2803/2803 1057/2804/2804 1062/2805/2805
f 1062/2805/2805 1057/2804/2804 1060/2806/2806
f 1063/2807/2807 1061/2808/2808 1064/2809/2809
f 1064/2809/2809 1061/2808/2808 1062/2810/2810
f 1058/2811/2811 1063/2812/2812 1059/2813/2813
f 1059/2813/2813 1063/2812/2812 1064/2814/2814
f 1065/2815/2815 1066/2816/2816 1068/2817/2817
f 1068/2817/2817 1066/2816/2816 1067/2818/2818
f 1069/2819/2819 1065/2820/2820 1070/2821/2821
f 1070/2821/2821 1065/2820/2820 1068/2822/2822
f 1071/2823/2823 1069/2824/2824 1072/2825/2825
f 1072/2825/2825 1069/2824/2824 1070/2826/2826
f 1066/2827/2827 1071/2828/2828 1067/2829/2829
f 1067/2829/2829 1071/2828/2828 1072/2830/2830
f 1073/2831/2831 1074/2832/2832 1076/2833/2833
f 1076/2833/2833 1074/2832/2832 1075/2834/2834
f 1077/2835/2835 1073/2836/2836 1078/2837/2837
f 1078/2837/2837 1073/2836/2836 1076/2838/2838
f 1079/2839/2839 1080/2840/2840 1082/2841/2841
f 1082/2841/2841 1080/2840/2840 1081/2842/2842
f 1083/2843/2843 1079/2844/2844 1084/2845/2845
f 1084/2845/2845 1079/2844/2844 1082/2846/2846
f 1085/2847/2847 1083/2848/2848 1086/2849/2849
f 1086/2849/2849 1083/2848/2848 1084/2850/2850
f 1087/2851/2851 1088/2852/2852 1090/2853/2853
f 1090/2853/2853 1088/2852/2852 1089/2854/2854
f 1091/2855/2855 1087/2856/2856 1092/2857/2857
f 1092/2857/2857 1087/2856/2856 1090/2858/2858
f 1093/2859/2859 1091/2860/2860 1094/2861/2861
f 1094/2861/2861 1091/2860/2860 1092/2862/2862
f 1095/2863/2863 1096/2864/2864 1098/2865/2865
f 1098/2865/2865 1096/2864/2864 1097/2866/2866
f 1099/2867/2867 1095/2868/2868 1100/2869/2869
f 1100/2869/2869 1095/2868/2868 1098/2870/2870
f 1101/2871/2871 1099/2872/2872 1102/2873/2873
f 1102/2873/2873 1099/2872/2872 1100/2874/2874
f 1074/2875/2875 1103/2876/2876 1075/2877/2877
f 1075/2877/2877 1103/2876/2876 1104/2878/2878
f 1072/2879/2879 1082/2880/2880 1067/2881/2881
f 1067/2881/2881 1082/2880/2880 1076/2882/2882
f 1067/2881/2881 1076/2882/2882 1052/2883/2883
f 1052/2883/2883 1076/2882/2882 1075/2884/2884
f 1052/2883/2883 1075/2884/2884 1054/2885/2885
f 1054/2885/2885 1075/2884/2884 1100/2886/2886
f 1054/2885/2885 1100/2886/2886 1064/2887/2887
f 1064/2887/2887 1100/2886/2886 1098/2888/2888
f 1064/2887/2887 1098/2888/2888 1059/2889/2889
f 1059/2889/2889 1098/2888/2888 1092/2890/2890
f 1059/2889/2889 1092/2890/2890 1048/2891/2891
f 1048/2891/2891 1092/2890/2890 1090/2892/2892
f 1048/2891/2891 1090/2892/2892 1043/2893/2893
f 1043/2893/2893 1090/2892/2892 1105/2894/2894
f 1043/2893/2893 1105/2894/2894 1106/2895/2895
f 1070/2896/2896 1107/2897/2897 1072/2879/2879
f 1072/2879/2879 1107/2897/2897 1108/2898/2898
f 1072/2879/2879 1108/2898/2898 1084/2899/2899
f 1084/2899/2899 1108/2898/2898 1086/2900/2900
f 1070/2896/2896 1068/2901/2901 1107/2897/2897
f 1107/2897/2897 1068/2901/2901 1051/2902/2902
f 1107/2897/2897 1051/2902/2902 1056/2903/2903
f 1051/2902/2902 1068/2901/2901 1052/2883/2883
f 1052/2883/2883 1068/2901/2901 1067/2881/2881
f 1054/2885/2885 1064/2887/2887 1056/2903/2903
f 1056/2903/2903 1064/2887/2887 1062/2904/2904
f 1056/2903/2903 1062/2904/2904 1106/2895/2895
f 1106/2895/2895 1062/2904/2904 1060/2905/2905
f 1106/2895/2895 1060/2905/2905 1046/2906/2906
f 1046/2906/2906 1060/2905/2905 1048/2891/2891
f 1048/2891/2891 1060/2905/2905 1059/2889/2889
f 1046/2906/2906 1044/2907/2907 1106/2895/2895
f 1106/2895/2895 1044/2907/2907 1043/2893/2893
f 1104/2908/2908 1102/2909/2909 1075/2884/2884
f 1075/2884/2884 1102/2909/2909 1100/2886/2886
f 1097/2910/2910 1094/2911/2911 1098/2888/2888
f 1098/2888/2888 1094/2911/2911 1092/2890/2890
f 1090/2892/2892 1089/2912/2912 1105/2894/2894
f 1106/2895/2895 1107/2897/2897 1056/2903/2903
f 1084/2899/2899 1082/2880/2880 1072/2879/2879
f 1082/2880/2880 1081/2913/2913 1076/2882/2882
f 1076/2882/2882 1081/2913/2913 1078/2914/2914
f 1107/2915/2915 1106/2916/2916 93/2917/2917
f 93/2917/2917 1106/2916/2916 83/2918/2918
f 93/2917/2917 83/2918/2918 1110/2919/2919
f 1110/2919/2919 83/2918/2918 1109/2920/2920
f 1105/2921/2921 84/2922/2922 1106/2923/2923
f 1106/2923/2923 84/2922/2922 83/2924/2924
f 1065/2925/2925 1069/2926/2926 1066/2927/2927
f 1066/2927/2927 1069/2926/2926 1071/2928/2928
f 1057/2929/2929 1061/2930/2930 1058/2931/2931
f 1058/2931/2931 1061/2930/2930 1063/2932/2932
f 1049/2933/2933 1053/2934/2934 1050/2935/2935
f 1050/2935/2935 1053/2934/2934 1055/2936/2936
f 1096/2937/2937 1095/2938/2938 1112/2939/2939
f 1112/2939/2939 1095/2938/2938 1099/2940/2940
f 1112/2939/2939 1099/2940/2940 1111/2941/2941
f 1111/2941/2941 1099/2940/2940 1101/2942/2942
f 1087/2943/2943 1091/2944/2944 1088/2945/2945
f 1088/2945/2945 1091/2944/2944 1113/2946/2946
f 1113/2946/2946 1091/2944/2944 1093/2947/2947
f 1077/2948/2948 1114/2949/2949 1073/2950/2950
f 1073/2950/2950 1114/2949/2949 1074/2951/2951
f 1074/2951/2951 1114/2949/2949 1115/2952/2952
f 1074/2951/2951 1115/2952/2952 1103/2953/2953
f 1041/2954/2954 1045/2955/2955 1042/2956/2956
f 1042/2956/2956 1045/2955/2955 1047/2957/2957
f 1117/2958/2958 110/2959/2959 1116/2960/2960
f 1116/2960/2960 110/2959/2959 109/2961/2961
f 1116/2962/2960 109/2963/2961 1139/2964/2962
f 1139/2964/2962 109/2963/2961 132/2965/2963
f 1139/2964/2962 132/2965/2963 1138/2966/2964
f 1138/2966/2964 132/2965/2963 131/2967/2965
f 1138/2966/2964 131/2967/2965 1137/2968/2966
f 1137/2968/2966 131/2967/2965 130/2969/2967
f 1137/2968/2966 130/2969/2967 1136/2970/2968
f 1136/2970/2968 130/2969/2967 129/2971/2969
f 1136/2970/2968 129/2971/2969 1135/2972/2970
f 1135/2972/2970 129/2971/2969 128/2973/2971
f 1135/2972/2970 128/2973/2971 1134/2974/2972
f 1134/2974/2972 128/2973/2971 127/2975/2973
f 1134/2974/2972 127/2975/2973 1133/2976/2974
f 1133/2976/2974 127/2975/2973 126/2977/2975
f 1133/2976/2974 126/2977/2975 1132/2978/2976
f 1132/2978/2976 126/2977/2975 125/2979/2977
f 1132/2978/2976 125/2979/2977 1131/2980/2978
f 1131/2980/2978 125/2979/2977 124/2981/2979
f 1131/2980/2978 124/2981/2979 1130/2982/2980
f 1130/2982/2980 124/2981/2979 123/2983/2981
f 1130/2982/2980 123/2983/2981 1129/2984/2982
f 1129/2984/2982 123/2983/2981 122/2985/2983
f 1129/2984/2982 122/2985/2983 1128/2986/2984
f 1128/2986/2984 122/2985/2983 121/2987/2985
f 1128/2986/2984 121/2987/2985 1127/2988/2986
f 1127/2988/2986 121/2987/2985 120/2989/2987
f 1127/2988/2986 120/2989/2987 1126/2990/2988
f 1126/2990/2988 120/2989/2987 119/2991/2989
f 1126/2990/2988 119/2991/2989 1125/2992/2990
f 1125/2992/2990 119/2991/2989 118/2993/2991
f 1125/2992/2990 118/2993/2991 1124/2994/2992
f 1124/2994/2992 118/2993/2991 117/2995/2993
f 1124/2994/2992 117/2995/2993 1123/2996/2994
f 1123/2996/2994 117/2995/2993 116/2997/2995
f 1123/2996/2994 116/2997/2995 1122/2998/2996
f 1122/2998/2996 116/2997/2995 115/2999/2997
f 1122/2998/2996 115/2999/2997 1121/3000/2998
f 1121/3000/2998 115/2999/2997 114/3001/2999
f 1121/3000/2998 114/3001/2999 1120/3002/3000
f 1120/3002/3000 114/3001/2999 113/3003/3001
f 1120/3002/3000 113/3003/3001 1119/3004/3002
f 1119/3004/3002 113/3003/3001 112/3005/3003
f 1119/3004/3002 112/3005/3003 1118/3006/3004
f 1118/3006/3004 112/3005/3003 111/3007/3005
f 1118/3006/3004 111/3007/3005 1117/2958/2958
f 1117/2958/2958 111/3007/3005 110/2959/2959
f 1163/3008/3006 1140/3009/3007 1116/3010/3008
f 1116/3010/3008 1140/3009/3007 1141/3011/3009
f 1116/3010/3008 1141/3011/3009 1117/3012/3010
f 1117/3012/3010 1141/3011/3009 1142/3013/3011
f 1117/3012/3010 1142/3013/3011 1118/3014/3012
f 1118/3014/3012 1142/3013/3011 1143/3015/3013
f 1118/3014/3012 1143/3015/3013 1119/3016/3014
f 1119/3016/3014 1143/3015/3013 1144/3017/3015
f 1119/3016/3014 1144/3017/3015 1120/3018/3016
f 1120/3018/3016 1144/3017/3015 1145/3019/3017
f 1120/3018/3016 1145/3019/3017 1121/3020/3018
f 1121/3020/3018 1145/3019/3017 1146/3021/3019
f 1121/3020/3018 1146/3021/3019 1122/3022/3020
f 1122/3022/3020 1146/3021/3019 1123/3023/3021
f 1123/3023/3021 1146/3021/3019 1147/3024/3022
f 1123/3023/3021 1147/3024/3022 1124/3025/3023
f 1124/3025/3023 1147/3024/3022 1148/3026/3024
f 1124/3025/3023 1148/3026/3024 1125/3027/3025
f 1125/3027/3025 1148/3026/3024 1149/3028/3026
f 1125/3027/3025 1149/3028/3026 1126/3029/3027
f 1126/3029/3027 1149/3028/3026 1150/3030/3028
f 1126/3029/3027 1150/3030/3028 1127/3031/3029
f 1127/3031/3029 1150/3030/3028 1151/3032/3030
f 1127/3031/3029 1151/3032/3030 1128/3033/3031
f 1128/3033/3031 1151/3032/3030 1152/3034/3032
f 1128/3033/3031 1152/3034/3032 1129/3035/3033
f 1129/3035/3033 1152/3034/3032 1153/3036/3034
f 1129/3035/3033 1153/3036/3034 1154/3037/3035
f 1129/3035/3033 1154/3037/3035 1130/3038/3036
f 1130/3038/3036 1154/3037/3035 1155/3039/3037
f 1130/3038/3036 1155/3039/3037 1131/3040/3038
f 1131/3040/3038 1155/3039/3037 1156/3041/3039
f 1131/3040/3038 1156/3041/3039 1132/3042/3040
f 1132/3042/3040 1156/3041/3039 1157/3043/3041
f 1132/3042/3040 1157/3043/3041 1133/3044/3042
f 1133/3044/3042 1157/3043/3041 1158/3045/3043
f 1133/3044/3042 1158/3045/3043 1134/3046/3044
f 1134/3046/3044 1158/3045/3043 1135/3047/3045
f 1135/3047/3045 1158/3045/3043 1159/3048/3046
f 1135/3047/3045 1159/3048/3046 1136/3049/3047
f 1136/3049/3047 1159/3048/3046 1160/3050/3048
f 1136/3049/3047 1160/3050/3048 1137/3051/3049
f 1137/3051/3049 1160/3050/3048 1161/3052/3050
f 1137/3051/3049 1161/3052/3050 1138/3053/3051
f 1138/3053/3051 1161/3052/3050 1162/3054/3052
f 1138/3053/3051 1162/3054/3052 1139/3055/3053
f 1139/3055/3053 1162/3054/3052 1163/3008/3006
f 1139/3055/3053 1163/3008/3006 1116/3010/3008
f 1165/3056/3054 1166/3057/3055 1164/3058/3056
f 1164/3058/3056 1166/3057/3055 1167/3059/3057
f 1164/3058/3056 1167/3059/3057 1178/3060/3058
f 1178/3060/3058 1167/3059/3057 1177/3061/3059
f 1177/3061/3059 1167/3059/3057 1176/3062/3060
f 1176/3062/3060 1167/3059/3057 1175/3063/3061
f 1175/3063/3061 1167/3059/3057 1168/3064/3062
f 1175/3063/3061 1168/3064/3062 1174/3065/3063
f 1174/3065/3063 1168/3064/3062 1169/3066/3064
f 1174/3065/3063 1169/3066/3064 1173/3067/3065
f 1173/3067/3065 1169/3066/3064 1170/3068/3066
f 1173/3067/3065 1170/3068/3066 1172/3069/3067
f 1172/3069/3067 1170/3068/3066 1171/3070/3068
f 1178/3060/3058 1179/3071/3069 1164/3058/3056
f 1164/3058/3056 1179/3071/3069 1180/3072/3070
f 1192/3073/3071 1178/3074/3072 1191/3075/3073
f 1191/3075/3073 1178/3074/3072 1177/3076/3074
f 1191/3075/3073 1177/3076/3074 1190/3077/3075
f 1190/3077/3075 1177/3076/3074 1176/3078/3076
f 1190/3077/3075 1176/3078/3076 1189/3079/3077
f 1189/3079/3077 1176/3078/3076 1175/3080/3078
f 1189/3079/3077 1175/3080/3078 1188/3081/3079
f 1188/3081/3079 1175/3080/3078 1174/3082/3080
f 1188/3081/3079 1174/3082/3080 1187/3083/3081
f 1187/3083/3081 1174/3082/3080 1173/3084/3082
f 1187/3083/3081 1173/3084/3082 1186/3085/3083
f 1186/3085/3083 1173/3084/3082 1172/3086/3084
f 1186/3085/3083 1172/3086/3084 1185/3087/3085
f 1185/3087/3085 1172/3086/3084 1171/3088/3086
f 1185/3087/3085 1171/3088/3086 1184/3089/3087
f 1184/3089/3087 1171/3088/3086 1170/3090/3088
f 1184/3089/3087 1170/3090/3088 1183/3091/3089
f 1183/3091/3089 1170/3090/3088 1169/3092/3090
f 1183/3091/3089 1169/3092/3090 1182/3093/3091
f 1182/3093/3091 1169/3092/3090 1168/3094/3092
f 1182/3093/3091 1168/3094/3092 1181/3095/3093
f 1181/3095/3093 1168/3094/3092 1167/3096/3094
f 1167/3097/3095 1166/3098/3096 1181/3099/3097
f 1181/3099/3097 1166/3098/3096 1193/3100/3098
f 1166/3101/3099 1165/3102/3100 1193/3103/3101
f 1193/3103/3101 1165/3102/3100 1194/3104/3102
f 1165/3105/3103 1164/3106/3104 1194/3107/3105
f 1194/3107/3105 1164/3106/3104 1195/3108/3106
f 52/3109/3107 51/3110/3108 1197/3111/3109
f 1197/3111/3109 51/3110/3108 1196/3112/3110
f 1196/3113/3111 51/3114/3112 1212/3115/3113
f 1212/3115/3113 51/3114/3112 67/3116/3114
f 1212/3115/3113 67/3116/3114 66/3117/3115
f 1212/3115/3113 66/3117/3115 1211/3118/3116
f 1211/3118/3116 66/3117/3115 65/3119/3117
f 1211/3118/3116 65/3119/3117 1210/3120/3118
f 1210/3120/3118 65/3119/3117 1209/3121/3119
f 1209/3121/3119 65/3119/3117 64/3122/3120
f 1209/3121/3119 64/3122/3120 63/3123/3121
f 1209/3121/3119 63/3123/3121 1208/3124/3122
f 1208/3124/3122 63/3123/3121 62/3125/3123
f 1208/3124/3122 62/3125/3123 1207/3126/3124
f 1207/3126/3124 62/3125/3123 61/3127/3125
f 1207/3126/3124 61/3127/3125 1206/3128/3126
f 1206/3128/3126 61/3127/3125 60/3129/3127
f 1206/3128/3126 60/3129/3127 1205/3130/3128
f 1205/3130/3128 60/3129/3127 59/3131/3129
f 1205/3130/3128 59/3131/3129 1204/3132/3130
f 1204/3132/3130 59/3131/3129 58/3133/3131
f 1204/3132/3130 58/3133/3131 1203/3134/3132
f 1203/3134/3132 58/3133/3131 57/3135/3133
f 1203/3134/3132 57/3135/3133 1202/3136/3134
f 1202/3136/3134 57/3135/3133 56/3137/3135
f 1202/3136/3134 56/3137/3135 1201/3138/3136
f 1201/3138/3136 56/3137/3135 1200/3139/3137
f 1200/3139/3137 56/3137/3135 55/3140/3138
f 1200/3139/3137 55/3140/3138 54/3141/3139
f 1200/3139/3137 54/3141/3139 1199/3142/3140
f 1199/3142/3140 54/3141/3139 53/3143/3141
f 1199/3142/3140 53/3143/3141 1198/3144/3142
f 1198/3144/3142 53/3143/3141 1197/3145/3143
f 1197/3145/3143 53/3143/3141 52/3146/3144
f 1197/3147/3145 1196/3148/3146 1198/3149/3147
f 1198/3149/3147 1196/3148/3146 1212/3150/3148
f 1198/3149/3147 1212/3150/3148 1199/3151/3149
f 1199/3151/3149 1212/3150/3148 1211/3152/3150
f 1199/3151/3149 1211/3152/3150 1200/3153/3151
f 1200/3153/3151 1211/3152/3150 1210/3154/3152
f 1200/3153/3151 1210/3154/3152 1201/3155/3153
f 1201/3155/3153 1210/3154/3152 1209/3156/3154
f 1201/3155/3153 1209/3156/3154 1202/3157/3155
f 1202/3157/3155 1209/3156/3154 1208/3158/3156
f 1202/3157/3155 1208/3158/3156 1203/3159/3157
f 1203/3159/3157 1208/3158/3156 1207/3160/3158
f 1203/3159/3157 1207/3160/3158 1204/3161/3159
f 1204/3161/3159 1207/3160/3158 1206/3162/3160
f 1204/3161/3159 1206/3162/3160 1205/3163/3161
f 1164/3164/3162 1180/3165/3163 1195/3166/3164
f 1195/3166/3164 1180/3165/3163 1213/3167/3165
f 1180/3168/3166 1179/3169/3167 1213/3170/3168
f 1213/3170/3168 1179/3169/3167 1214/3171/3169
f 1179/3172/3170 1178/3173/3171 1214/3174/3172
f 1214/3174/3172 1178/3173/3171 1192/3175/3173
f 1163/3176/3174 1238/3177/3175 1140/3178/3176
f 1140/3178/3176 1238/3177/3175 1215/3179/3177
f 1140/3180/3176 1215/3181/3177 1141/3182/3178
f 1141/3182/3178 1215/3181/3177 1216/3183/3179
f 1141/3182/3178 1216/3183/3179 1142/3184/3180
f 1142/3184/3180 1216/3183/3179 1217/3185/3181
f 1142/3184/3180 1217/3185/3181 1143/3186/3182
f 1143/3186/3182 1217/3185/3181 1218/3187/3183
f 1143/3186/3182 1218/3187/3183 1144/3188/3184
f 1144/3188/3184 1218/3187/3183 1219/3189/3185
f 1144/3188/3184 1219/3189/3185 1145/3190/3186
f 1145/3190/3186 1219/3189/3185 1220/3191/3187
f 1145/3190/3186 1220/3191/3187 1146/3192/3188
f 1146/3192/3188 1220/3191/3187 1221/3193/3189
f 1146/3192/3188 1221/3193/3189 1147/3194/3190
f 1147/3194/3190 1221/3193/3189 1222/3195/3191
f 1147/3194/3190 1222/3195/3191 1148/3196/3192
f 1148/3196/3192 1222/3195/3191 1223/3197/3193
f 1148/3196/3192 1223/3197/3193 1149/3198/3194
f 1149/3198/3194 1223/3197/3193 1224/3199/3195
f 1149/3198/3194 1224/3199/3195 1150/3200/3196
f 1150/3200/3196 1224/3199/3195 1225/3201/3197
f 1150/3200/3196 1225/3201/3197 1151/3202/3198
f 1151/3202/3198 1225/3201/3197 1226/3203/3199
f 1151/3202/3198 1226/3203/3199 1152/3204/3200
f 1152/3204/3200 1226/3203/3199 1227/3205/3201
f 1152/3204/3200 1227/3205/3201 1153/3206/3202
f 1153/3206/3202 1227/3205/3201 1228/3207/3203
f 1153/3206/3202 1228/3207/3203 1154/3208/3204
f 1154/3208/3204 1228/3207/3203 1229/3209/3205
f 1154/3208/3204 1229/3209/3205 1155/3210/3206
f 1155/3210/3206 1229/3209/3205 1230/3211/3207
f 1155/3210/3206 1230/3211/3207 1156/3212/3208
f 1156/3212/3208 1230/3211/3207 1231/3213/3209
f 1156/3212/3208 1231/3213/3209 1157/3214/3210
f 1157/3214/3210 1231/3213/3209 1232/3215/3211
f 1157/3214/3210 1232/3215/3211 1158/3216/3212
f 1158/3216/3212 1232/3215/3211 1233/3217/3213
f 1158/3216/3212 1233/3217/3213 1159/3218/3214
f 1159/3218/3214 1233/3217/3213 1234/3219/3215
f 1159/3218/3214 1234/3219/3215 1160/3220/3216
f 1160/3220/3216 1234/3219/3215 1235/3221/3217
f 1160/3220/3216 1235/3221/3217 1161/3222/3218
f 1161/3222/3218 1235/3221/3217 1236/3223/3219
f 1161/3222/3218 1236/3223/3219 1162/3224/3220
f 1162/3224/3220 1236/3223/3219 1237/3225/3221
f 1162/3224/3220 1237/3225/3221 1163/3176/3174
f 1163/3176/3174 1237/3225/3221 1238/3177/3175
f 1195/3226/3222 1213/3227/3223 1194/3228/3224
f 1194/3228/3224 1213/3227/3223 1227/3229/3225
f 1194/3228/3224 1227/3229/3225 1226/3230/3226
f 1214/3231/3227 1230/3232/3228 1213/3227/3223
f 1213/3227/3223 1230/3232/3228 1229/3233/3229
f 1213/3227/3223 1229/3233/3229 1228/3234/3230
f 1192/3235/3231 1191/3236/3232 1214/3231/3227
f 1214/3231/3227 1191/3236/3232 1233/3237/3233
f 1214/3231/3227 1233/3237/3233 1232/3238/3234
f 1233/3237/3233 1191/3236/3232 1234/3239/3235
f 1234/3239/3235 1191/3236/3232 1190/3240/3236
f 1234/3239/3235 1190/3240/3236 1235/3241/3237
f 1235/3241/3237 1190/3240/3236 1189/3242/3238
f 1235/3241/3237 1189/3242/3238 1236/3243/3239
f 1236/3243/3239 1189/3242/3238 1188/3244/3240
f 1236/3243/3239 1188/3244/3240 1237/3245/3241
f 1237/3245/3241 1188/3244/3240 1187/3246/3242
f 1237/3245/3241 1187/3246/3242 1238/3247/3243
f 1238/3247/3243 1187/3246/3242 1186/3248/3244
f 1238/3247/3243 1186/3248/3244 1215/3249/3245
f 1215/3249/3245 1186/3248/3244 1185/3250/3246
f 1215/3249/3245 1185/3250/3246 1216/3251/3247
f 1216/3251/3247 1185/3250/3246 1184/3252/3248
f 1216/3251/3247 1184/3252/3248 1217/3253/3249
f 1217/3253/3249 1184/3252/3248 1183/3254/3250
f 1217/3253/3249 1183/3254/3250 1218/3255/3251
f 1218/3255/3251 1183/3254/3250 1182/3256/3252
f 1218/3255/3251 1182/3256/3252 1219/3257/3253
f 1219/3257/3253 1182/3256/3252 1181/3258/3254
f 1219/3257/3253 1181/3258/3254 1220/3259/3255
f 1220/3259/3255 1181/3258/3254 1221/3260/3256
f 1221/3260/3256 1181/3258/3254 1222/3261/3257
f 1222/3261/3257 1181/3258/3254 1193/3262/3258
f 1222/3261/3257 1193/3262/3258 1223/3263/3259
f 1223/3263/3259 1193/3262/3258 1224/3264/3260
f 1224/3264/3260 1193/3262/3258 1194/3228/3224
f 1224/3264/3260 1194/3228/3224 1225/3265/3261
f 1225/3265/3261 1194/3228/3224 1226/3230/3226
f 1232/3238/3234 1231/3266/3262 1214/3231/3227
f 1214/3231/3227 1231/3266/3262 1230/3232/3228
f 1228/3234/3230 1227/3229/3225 1213/3227/3223
f 213/3267/3263 212/3268/3264 251/3269/3265
f 251/3269/3265 212/3268/3264 252/3270/3266
f 252/3270/3266 212/3268/3264 211/3271/3267
f 252/3270/3266 211/3271/3267 253/3272/3268
f 253/3272/3268 211/3271/3267 210/3273/3269
f 253/3272/3268 210/3273/3269 254/3274/3270
f 254/3274/3270 210/3273/3269 209/3275/3271
f 254/3274/3270 209/3275/3271 255/3276/3272
f 255/3276/3272 209/3275/3271 208/3277/3273
f 255/3276/3272 208/3277/3273 256/3278/3274
f 256/3278/3274 208/3277/3273 228/3279/3275
f 256/3278/3274 228/3279/3275 238/3280/3276
f 238/3280/3276 228/3279/3275 239/3281/3277
f 239/3281/3277 228/3279/3275 227/3282/3278
f 239/3281/3277 227/3282/3278 240/3283/3279
f 240/3283/3279 227/3282/3278 226/3284/3280
f 240/3283/3279 226/3284/3280 241/3285/3281
f 241/3285/3281 226/3284/3280 225/3286/3282
f 241/3285/3281 225/3286/3282 242/3287/3283
f 242/3287/3283 225/3286/3282 224/3288/3284
f 242/3287/3283 224/3288/3284 235/3289/3285
f 235/3289/3285 224/3288/3284 223/3290/3286
f 207/3291/3287 221/3292/3288 208/3277/3273
f 208/3277/3273 221/3292/3288 228/3279/3275
f 237/3293/3289 249/3294/3290 238/3280/3276
f 238/3280/3276 249/3294/3290 256/3278/3274
f 1240/3295/3291 1292/3296/3292 1239/3297/3293
f 1239/3297/3293 1292/3296/3292 1301/3298/3294
f 1239/3297/3293 1301/3298/3294 1262/3299/3295
f 1262/3299/3295 1301/3298/3294 1402/3300/3296
f 1262/3299/3295 1402/3300/3296 1261/3301/3297
f 1261/3301/3297 1402/3300/3296 1397/3302/3298
f 1261/3301/3297 1397/3302/3298 1260/3303/3299
f 1260/3303/3299 1397/3302/3298 1392/3304/3300
f 1260/3303/3299 1392/3304/3300 1259/3305/3301
f 1259/3305/3301 1392/3304/3300 1387/3306/3302
f 1259/3305/3301 1387/3306/3302 1258/3307/3303
f 1258/3307/3303 1387/3306/3302 1382/3308/3304
f 1258/3307/3303 1382/3308/3304 1257/3309/3305
f 1257/3309/3305 1382/3308/3304 1377/3310/3306
f 1257/3309/3305 1377/3310/3306 1256/3311/3307
f 1256/3311/3307 1377/3310/3306 1372/3312/3308
f 1256/3311/3307 1372/3312/3308 1255/3313/3309
f 1255/3313/3309 1372/3312/3308 1367/3314/3310
f 1255/3313/3309 1367/3314/3310 1254/3315/3311
f 1254/3315/3311 1367/3314/3310 1362/3316/3312
f 1254/3315/3311 1362/3316/3312 1253/3317/3313
f 1253/3317/3313 1362/3316/3312 1357/3318/3314
f 1253/3317/3313 1357/3318/3314 1252/3319/3315
f 1252/3319/3315 1357/3318/3314 1352/3320/3316
f 1252/3319/3315 1352/3320/3316 1251/3321/3317
f 1251/3321/3317 1352/3320/3316 1287/3322/3318
f 1251/3323/3317 1287/3324/3318 1250/3325/3319
f 1250/3325/3319 1287/3324/3318 1347/3326/3320
f 1250/3325/3319 1347/3326/3320 1249/3327/3321
f 1249/3327/3321 1347/3326/3320 1342/3328/3322
f 1249/3327/3321 1342/3328/3322 1248/3329/3323
f 1248/3329/3323 1342/3328/3322 1337/3330/3324
f 1248/3329/3323 1337/3330/3324 1247/3331/3325
f 1247/3331/3325 1337/3330/3324 1332/3332/3326
f 1247/3331/3325 1332/3332/3326 1246/3333/3327
f 1246/3333/3327 1332/3332/3326 1327/3334/3328
f 1246/3333/3327 1327/3334/3328 1245/3335/3329
f 1245/3335/3329 1327/3334/3328 1322/3336/3330
f 1245/3335/3329 1322/3336/3330 1244/3337/3331
f 1244/3337/3331 1322/3336/3330 1317/3338/3332
f 1244/3337/3331 1317/3338/3332 1243/3339/3333
f 1243/3339/3333 1317/3338/3332 1312/3340/3334
f 1243/3339/3333 1312/3340/3334 1242/3341/3335
f 1242/3341/3335 1312/3340/3334 1307/3342/3336
f 1242/3341/3335 1307/3342/3336 1241/3343/3337
f 1241/3343/3337 1307/3342/3336 1302/3344/3338
f 1241/3343/3337 1302/3344/3338 1240/3295/3291
f 1240/3295/3291 1302/3344/3338 1292/3296/3292
f 1264/3345/3339 1406/3346/3340 1263/3347/3341
f 1263/3347/3341 1406/3346/3340 1297/3348/3342
f 1263/3347/3341 1297/3348/3342 1286/3349/3343
f 1286/3349/3343 1297/3348/3342 1296/3350/3344
f 1286/3349/3343 1296/3350/3344 1285/3351/3345
f 1285/3351/3345 1296/3350/3344 1306/3352/3346
f 1285/3351/3345 1306/3352/3346 1284/3353/3347
f 1284/3353/3347 1306/3352/3346 1311/3354/3348
f 1284/3353/3347 1311/3354/3348 1283/3355/3349
f 1283/3355/3349 1311/3354/3348 1316/3356/3350
f 1283/3355/3349 1316/3356/3350 1282/3357/3351
f 1282/3357/3351 1316/3356/3350 1321/3358/3352
f 1282/3357/3351 1321/3358/3352 1281/3359/3353
f 1281/3359/3353 1321/3358/3352 1326/3360/3354
f 1281/3359/3353 1326/3360/3354 1280/3361/3355
f 1280/3361/3355 1326/3360/3354 1331/3362/3356
f 1280/3361/3355 1331/3362/3356 1279/3363/3357
f 1279/3363/3357 1331/3362/3356 1336/3364/3358
f 1279/3363/3357 1336/3364/3358 1278/3365/3359
f 1278/3365/3359 1336/3364/3358 1341/3366/3360
f 1278/3365/3359 1341/3366/3360 1277/3367/3361
f 1277/3367/3361 1341/3366/3360 1346/3368/3362
f 1277/3367/3361 1346/3368/3362 1276/3369/3363
f 1276/3369/3363 1346/3368/3362 1351/3370/3364
f 1276/3369/3363 1351/3370/3364 1275/3371/3365
f 1275/3371/3365 1351/3370/3364 1291/3372/3366
f 1275/3373/3365 1291/3374/3366 1274/3375/3367
f 1274/3375/3367 1291/3374/3366 1356/3376/3368
f 1274/3375/3367 1356/3376/3368 1273/3377/3369
f 1273/3377/3369 1356/3376/3368 1361/3378/3370
f 1273/3377/3369 1361/3378/3370 1272/3379/3371
f 1272/3379/3371 1361/3378/3370 1366/3380/3372
f 1272/3379/3371 1366/3380/3372 1271/3381/3373
f 1271/3381/3373 1366/3380/3372 1371/3382/3374
f 1271/3381/3373 1371/3382/3374 1270/3383/3375
f 1270/3383/3375 1371/3382/3374 1376/3384/3376
f 1270/3383/3375 1376/3384/3376 1269/3385/3377
f 1269/3385/3377 1376/3384/3376 1381/3386/3378
f 1269/3385/3377 1381/3386/3378 1268/3387/3379
f 1268/3387/3379 1381/3386/3378 1386/3388/3380
f 1268/3387/3379 1386/3388/3380 1267/3389/3381
f 1267/3389/3381 1386/3388/3380 1391/3390/3382
f 1267/3389/3381 1391/3390/3382 1266/3391/3383
f 1266/3391/3383 1391/3390/3382 1396/3392/3384
f 1266/3391/3383 1396/3392/3384 1265/3393/3385
f 1265/3393/3385 1396/3392/3384 1401/3394/3386
f 1265/3393/3385 1401/3394/3386 1264/3345/3339
f 1264/3345/3339 1401/3394/3386 1406/3346/3340
f 1287/3324/3318 1288/3395/3387 1347/3326/3320
f 1347/3326/3320 1288/3395/3387 1348/3396/3388
f 1347/3326/3320 1348/3396/3388 1342/3328/3322
f 1342/3328/3322 1348/3396/3388 1343/3397/3389
f 1342/3328/3322 1343/3397/3389 1337/3330/3324
f 1337/3330/3324 1343/3397/3389 1338/3398/3390
f 1337/3330/3324 1338/3398/3390 1332/3332/3326
f 1332/3332/3326 1338/3398/3390 1333/3399/3391
f 1332/3332/3326 1333/3399/3391 1327/3334/3328
f 1327/3334/3328 1333/3399/3391 1328/3400/3392
f 1327/3334/3328 1328/3400/3392 1322/3336/3330
f 1322/3336/3330 1328/3400/3392 1323/3401/3393
f 1322/3336/3330 1323/3401/3393 1317/3338/3332
f 1317/3338/3332 1323/3401/3393 1318/3402/3394
f 1317/3338/3332 1318/3402/3394 1312/3340/3334
f 1312/3340/3334 1318/3402/3394 1313/3403/3395
f 1312/3340/3334 1313/3403/3395 1307/3342/3336
f 1307/3342/3336 1313/3403/3395 1308/3404/3396
f 1307/3342/3336 1308/3404/3396 1302/3344/3338
f 1302/3344/3338 1308/3404/3396 1303/3405/3397
f 1302/3344/3338 1303/3405/3397 1292/3296/3292
f 1292/3296/3292 1303/3405/3397 1293/3406/3398
f 1292/3296/3292 1293/3406/3398 1301/3298/3294
f 1301/3298/3294 1293/3406/3398 1300/3407/3399
f 1301/3298/3294 1300/3407/3399 1402/3300/3296
f 1402/3300/3296 1300/3407/3399 1403/3408/3400
f 1402/3300/3296 1403/3408/3400 1397/3302/3298
f 1397/3302/3298 1403/3408/3400 1398/3409/3401
f 1397/3302/3298 1398/3409/3401 1392/3304/3300
f 1392/3304/3300 1398/3409/3401 1393/3410/3402
f 1392/3304/3300 1393/3410/3402 1387/3306/3302
f 1387/3306/3302 1393/3410/3402 1388/3411/3403
f 1387/3306/3302 1388/3411/3403 1382/3308/3304
f 1382/3308/3304 1388/3411/3403 1383/3412/3404
f 1382/3308/3304 1383/3412/3404 1377/3310/3306
f 1377/3310/3306 1383/3412/3404 1378/3413/3405
f 1377/3310/3306 1378/3413/3405 1372/3312/3308
f 1372/3312/3308 1378/3413/3405 1373/3414/3406
f 1372/3312/3308 1373/3414/3406 1367/3314/3310
f 1367/3314/3310 1373/3414/3406 1368/3415/3407
f 1367/3314/3310 1368/3415/3407 1362/3316/3312
f 1362/3316/3312 1368/3415/3407 1363/3416/3408
f 1362/3316/3312 1363/3416/3408 1357/3318/3314
f 1357/3318/3314 1363/3416/3408 1358/3417/3409
f 1357/3318/3314 1358/3417/3409 1352/3320/3316
f 1352/3320/3316 1358/3417/3409 1353/3418/3410
f 1352/3320/3316 1353/3418/3410 1287/3322/3318
f 1287/3322/3318 1353/3418/3410 1288/3419/3387
f 1288/3395/3387 1289/3420/3411 1348/3396/3388
f 1348/3396/3388 1289/3420/3411 1349/3421/3412
f 1348/3396/3388 1349/3421/3412 1343/3397/3389
f 1343/3397/3389 1349/3421/3412 1344/3422/3413
f 1343/3397/3389 1344/3422/3413 1338/3398/3390
f 1338/3398/3390 1344/3422/3413 1339/3423/3414
f 1338/3398/3390 1339/3423/3414 1333/3399/3391
f 1333/3399/3391 1339/3423/3414 1334/3424/3415
f 1333/3399/3391 1334/3424/3415 1328/3400/3392
f 1328/3400/3392 1334/3424/3415 1329/3425/3416
f 1328/3400/3392 1329/3425/3416 1323/3401/3393
f 1323/3401/3393 1329/3425/3416 1324/3426/3417
f 1323/3401/3393 1324/3426/3417 1318/3402/3394
f 1318/3402/3394 1324/3426/3417 1319/3427/3418
f 1318/3402/3394 1319/3427/3418 1313/3403/3395
f 1313/3403/3395 1319/3427/3418 1314/3428/3419
f 1313/3403/3395 1314/3428/3419 1308/3404/3396
f 1308/3404/3396 1314/3428/3419 1309/3429/3420
f 1308/3404/3396 1309/3429/3420 1303/3405/3397
f 1303/3405/3397 1309/3429/3420 1304/3430/3421
f 1303/3405/3397 1304/3430/3421 1293/3406/3398
f 1293/3406/3398 1304/3430/3421 1294/3431/3422
f 1293/3406/3398 1294/3431/3422 1300/3407/3399
f 1300/3407/3399 1294/3431/3422 1299/3432/3423
f 1300/3407/3399 1299/3432/3423 1403/3408/3400
f 1403/3408/3400 1299/3432/3423 1404/3433/3424
f 1403/3408/3400 1404/3433/3424 1398/3409/3401
f 1398/3409/3401 1404/3433/3424 1399/3434/3425
f 1398/3409/3401 1399/3434/3425 1393/3410/3402
f 1393/3410/3402 1399/3434/3425 1394/3435/3426
f 1393/3410/3402 1394/3435/3426 1388/3411/3403
f 1388/3411/3403 1394/3435/3426 1389/3436/3427
f 1388/3411/3403 1389/3436/3427 1383/3412/3404
f 1383/3412/3404 1389/3436/3427 1384/3437/3428
f 1383/3412/3404 1384/3437/3428 1378/3413/3405
f 1378/3413/3405 1384/3437/3428 1379/3438/3429
f 1378/3413/3405 1379/3438/3429 1373/3414/3406
f 1373/3414/3406 1379/3438/3429 1374/3439/3430
f 1373/3414/3406 1374/3439/3430 1368/3415/3407
f 1368/3415/3407 1374/3439/3430 1369/3440/3431
f 1368/3415/3407 1369/3440/3431 1363/3416/3408
f 1363/3416/3408 1369/3440/3431 1364/3441/3432
f 1363/3416/3408 1364/3441/3432 1358/3417/3409
f 1358/3417/3409 1364/3441/3432 1359/3442/3433
f 1358/3417/3409 1359/3442/3433 1353/3418/3410
f 1353/3418/3410 1359/3442/3433 1354/3443/3434
f 1353/3418/3410 1354/3443/3434 1288/3419/3387
f 1288/3419/3387 1354/3443/3434 1289/3444/3411
f 1289/3420/3411 1290/3445/3435 1349/3421/3412
f 1349/3421/3412 1290/3445/3435 1350/3446/3436
f 1349/3421/3412 1350/3446/3436 1344/3422/3413
f 1344/3422/3413 1350/3446/3436 1345/3447/3437
f 1344/3422/3413 1345/3447/3437 1339/3423/3414
f 1339/3423/3414 1345/3447/3437 1340/3448/3438
f 1339/3423/3414 1340/3448/3438 1334/3424/3415
f 1334/3424/3415 1340/3448/3438 1335/3449/3439
f 1334/3424/3415 1335/3449/3439 1329/3425/3416
f 1329/3425/3416 1335/3449/3439 1330/3450/3440
f 1329/3425/3416 1330/3450/3440 1324/3426/3417
f 1324/3426/3417 1330/3450/3440 1325/3451/3441
f 1324/3426/3417 1325/3451/3441 1319/3427/3418
f 1319/3427/3418 1325/3451/3441 1320/3452/3442
f 1319/3427/3418 1320/3452/3442 1314/3428/3419
f 1314/3428/3419 1320/3452/3442 1315/3453/3443
f 1314/3428/3419 1315/3453/3443 1309/3429/3420
f 1309/3429/3420 1315/3453/3443 1310/3454/3444
f 1309/3429/3420 1310/3454/3444 1304/3430/3421
f 1304/3430/3421 1310/3454/3444 1305/3455/3445
f 1304/3430/3421 1305/3455/3445 1294/3431/3422
f 1294/3431/3422 1305/3455/3445 1295/3456/3446
f 1294/3431/3422 1295/3456/3446 1299/3432/3423
f 1299/3432/3423 1295/3456/3446 1298/3457/3447
f 1299/3432/3423 1298/3457/3447 1404/3433/3424
f 1404/3433/3424 1298/3457/3447 1405/3458/3448
f 1404/3433/3424 1405/3458/3448 1399/3434/3425
f 1399/3434/3425 1405/3458/3448 1400/3459/3449
f 1399/3434/3425 1400/3459/3449 1394/3435/3426
f 1394/3435/3426 1400/3459/3449 1395/3460/3450
f 1394/3435/3426 1395/3460/3450 1389/3436/3427
f 1389/3436/3427 1395/3460/3450 1390/3461/3451
f 1389/3436/3427 1390/3461/3451 1384/3437/3428
f 1384/3437/3428 1390/3461/3451 1385/3462/3452
f 1384/3437/3428 1385/3462/3452 1379/3438/3429
f 1379/3438/3429 1385/3462/3452 1380/3463/3453
f 1379/3438/3429 1380/3463/3453 1374/3439/3430
f 1374/3439/3430 1380/3463/3453 1375/3464/3454
f 1374/3439/3430 1375/3464/3454 1369/3440/3431
f 1369/3440/3431 1375/3464/3454 1370/3465/3455
f 1369/3440/3431 1370/3465/3455 1364/3441/3432
f 1364/3441/3432 1370/3465/3455 1365/3466/3456
f 1364/3441/3432 1365/3466/3456 1359/3442/3433
f 1359/3442/3433 1365/3466/3456 1360/3467/3457
f 1359/3442/3433 1360/3467/3457 1354/3443/3434
f 1354/3443/3434 1360/3467/3457 1355/3468/3458
f 1354/3443/3434 1355/3468/3458 1289/3444/3411
f 1289/3444/3411 1355/3468/3458 1290/3469/3435
f 1290/3445/3435 1291/3372/3366 1350/3446/3436
f 1350/3446/3436 1291/3372/3366 1351/3370/3364
f 1350/3446/3436 1351/3370/3364 1345/3447/3437
f 1345/3447/3437 1351/3370/3364 1346/3368/3362
f 1345/3447/3437 1346/3368/3362 1340/3448/3438
f 1340/3448/3438 1346/3368/3362 1341/3366/3360
f 1340/3448/3438 1341/3366/3360 1335/3449/3439
f 1335/3449/3439 1341/3366/3360 1336/3364/3358
f 1335/3449/3439 1336/3364/3358 1330/3450/3440
f 1330/3450/3440 1336/3364/3358 1331/3362/3356
f 1330/3450/3440 1331/3362/3356 1325/3451/3441
f 1325/3451/3441 1331/3362/3356 1326/3360/3354
f 1325/3451/3441 1326/3360/3354 1320/3452/3442
f 1320/3452/3442 1326/3360/3354 1321/3358/3352
f 1320/3452/3442 1321/3358/3352 1315/3453/3443
f 1315/3453/3443 1321/3358/3352 1316/3356/3350
f 1315/3453/3443 1316/3356/3350 1310/3454/3444
f 1310/3454/3444 1316/3356/3350 1311/3354/3348
f 1310/3454/3444 1311/3354/3348 1305/3455/3445
f 1305/3455/3445 1311/3354/3348 1306/3352/3346
f 1305/3455/3445 1306/3352/3346 1295/3456/3446
f 1295/3456/3446 1306/3352/3346 1296/3350/3344
f 1295/3456/3446 1296/3350/3344 1298/3457/3447
f 1298/3457/3447 1296/3350/3344 1297/3348/3342
f 1298/3457/3447 1297/3348/3342 1405/3458/3448
f 1405/3458/3448 1297/3348/3342 1406/3346/3340
f 1405/3458/3448 1406/3346/3340 1400/3459/3449
f 1400/3459/3449 1406/3346/3340 1401/3394/3386
f 1400/3459/3449 1401/3394/3386 1395/3460/3450
f 1395/3460/3450 1401/3394/3386 1396/3392/3384
f 1395/3460/3450 1396/3392/3384 1390/3461/3451
f 1390/3461/3451 1396/3392/3384 1391/3390/3382
f 1390/3461/3451 1391/3390/3382 1385/3462/3452
f 1385/3462/3452 1391/3390/3382 1386/3388/3380
f 1385/3462/3452 1386/3388/3380 1380/3463/3453
f 1380/3463/3453 1386/3388/3380 1381/3386/3378
f 1380/3463/3453 1381/3386/3378 1375/3464/3454
f 1375/3464/3454 1381/3386/3378 1376/3384/3376
f 1375/3464/3454 1376/3384/3376 1370/3465/3455
f 1370/3465/3455 1376/3384/3376 1371/3382/3374
f 1370/3465/3455 1371/3382/3374 1365/3466/3456
f 1365/3466/3456 1371/3382/3374 1366/3380/3372
f 1365/3466/3456 1366/3380/3372 1360/3467/3457
f 1360/3467/3457 1366/3380/3372 1361/3378/3370
f 1360/3467/3457 1361/3378/3370 1355/3468/3458
f 1355/3468/3458 1361/3378/3370 1356/3376/3368
f 1355/3468/3458 1356/3376/3368 1290/3469/3435
f 1290/3469/3435 1356/3376/3368 1291/3374/3366
f 1408/3470/3459 1252/3471/3315 1407/3472/3460
f 1407/3472/3460 1252/3471/3315 1251/3473/3317
f 1407/3472/3460 1251/3473/3317 1430/3474/3461
f 1430/3474/3461 1251/3473/3317 1250/3475/3319
f 1430/3474/3461 1250/3475/3319 1429/3476/3462
f 1429/3476/3462 1250/3475/3319 1249/3477/3321
f 1429/3476/3462 1249/3477/3321 1428/3478/3463
f 1428/3478/3463 1249/3477/3321 1248/3479/3323
f 1428/3478/3463 1248/3479/3323 1427/3480/3464
f 1427/3480/3464 1248/3479/3323 1247/3481/3325
f 1427/3480/3464 1247/3481/3325 1426/3482/3465
f 1426/3482/3465 1247/3481/3325 1246/3483/3327
f 1426/3482/3465 1246/3483/3327 1425/3484/3466
f 1425/3484/3466 1246/3483/3327 1245/3485/3329
f 1425/3484/3466 1245/3485/3329 1424/3486/3467
f 1424/3486/3467 1245/3485/3329 1244/3487/3331
f 1424/3486/3467 1244/3487/3331 1423/3488/3468
f 1423/3488/3468 1244/3487/3331 1243/3489/3333
f 1423/3488/3468 1243/3489/3333 1422/3490/3469
f 1422/3490/3469 1243/3489/3333 1242/3491/3335
f 1422/3490/3469 1242/3491/3335 1421/3492/3470
f 1421/3492/3470 1242/3491/3335 1241/3493/3337
f 1421/3492/3470 1241/3493/3337 1420/3494/3471
f 1420/3494/3471 1241/3493/3337 1240/3495/3291
f 1420/3494/3471 1240/3495/3291 1419/3496/3472
f 1419/3496/3472 1240/3495/3291 1239/3497/3293
f 1419/3498/3472 1239/3499/3293 1418/3500/3473
f 1418/3500/3473 1239/3499/3293 1262/3501/3295
f 1418/3500/3473 1262/3501/3295 1417/3502/3474
f 1417/3502/3474 1262/3501/3295 1261/3503/3297
f 1417/3502/3474 1261/3503/3297 1416/3504/3475
f 1416/3504/3475 1261/3503/3297 1260/3505/3299
f 1416/3504/3475 1260/3505/3299 1415/3506/3476
f 1415/3506/3476 1260/3505/3299 1259/3507/3301
f 1415/3506/3476 1259/3507/3301 1414/3508/3477
f 1414/3508/3477 1259/3507/3301 1258/3509/3303
f 1414/3508/3477 1258/3509/3303 1413/3510/3478
f 1413/3510/3478 1258/3509/3303 1257/3511/3305
f 1413/3510/3478 1257/3511/3305 1412/3512/3479
f 1412/3512/3479 1257/3511/3305 1256/3513/3307
f 1412/3512/3479 1256/3513/3307 1411/3514/3480
f 1411/3514/3480 1256/3513/3307 1255/3515/3309
f 1411/3514/3480 1255/3515/3309 1410/3516/3481
f 1410/3516/3481 1255/3515/3309 1254/3517/3311
f 1410/3516/3481 1254/3517/3311 1409/3518/3482
f 1409/3518/3482 1254/3517/3311 1253/3519/3313
f 1409/3518/3482 1253/3519/3313 1408/3470/3459
f 1408/3470/3459 1253/3519/3313 1252/3471/3315
f 1286/3520/3343 1276/3521/3363 1263/3522/3341
f 1263/3522/3341 1276/3521/3363 1275/3523/3365
f 1263/3522/3341 1275/3523/3365 1264/3524/3339
f 1264/3524/3339 1275/3523/3365 1274/3525/3367
f 1264/3524/3339 1274/3525/3367 1265/3526/3385
f 1265/3526/3385 1274/3525/3367 1273/3527/3369
f 1265/3526/3385 1273/3527/3369 1266/3528/3383
f 1266/3528/3383 1273/3527/3369 1272/3529/3371
f 1266/3528/3383 1272/3529/3371 1267/3530/3381
f 1267/3530/3381 1272/3529/3371 1271/3531/3373
f 1267/3530/3381 1271/3531/3373 1268/3532/3379
f 1268/3532/3379 1271/3531/3373 1270/3533/3375
f 1268/3532/3379 1270/3533/3375 1269/3534/3377
f 1276/3521/3363 1286/3520/3343 1277/3535/3361
f 1277/3535/3361 1286/3520/3343 1285/3536/3345
f 1277/3535/3361 1285/3536/3345 1278/3537/3359
f 1278/3537/3359 1285/3536/3345 1284/3538/3347
f 1278/3537/3359 1284/3538/3347 1279/3539/3357
f 1279/3539/3357 1284/3538/3347 1283/3540/3349
f 1279/3539/3357 1283/3540/3349 1280/3541/3355
f 1280/3541/3355 1283/3540/3349 1282/3542/3351
f 1280/3541/3355 1282/3542/3351 1281/3543/3353
f 1432/3544/3483 1459/3545/3484 1431/3546/3485
f 1431/3546/3485 1459/3545/3484 1455/3547/3486
f 1431/3548/3485 1455/3549/3486 1454/3550/3487
f 1454/3550/3487 1455/3549/3486 1547/3551/3488
f 1454/3550/3487 1547/3551/3488 1453/3552/3489
f 1453/3552/3489 1547/3551/3488 1543/3553/3490
f 1453/3552/3489 1543/3553/3490 1452/3554/3491
f 1452/3554/3491 1543/3553/3490 1539/3555/3492
f 1452/3554/3491 1539/3555/3492 1451/3556/3493
f 1451/3556/3493 1539/3555/3492 1535/3557/3494
f 1451/3556/3493 1535/3557/3494 1450/3558/3495
f 1450/3558/3495 1535/3557/3494 1531/3559/3496
f 1450/3558/3495 1531/3559/3496 1449/3560/3497
f 1449/3560/3497 1531/3559/3496 1527/3561/3498
f 1449/3560/3497 1527/3561/3498 1448/3562/3499
f 1448/3562/3499 1527/3561/3498 1523/3563/3500
f 1448/3562/3499 1523/3563/3500 1447/3564/3501
f 1447/3564/3501 1523/3563/3500 1519/3565/3502
f 1447/3564/3501 1519/3565/3502 1446/3566/3503
f 1446/3566/3503 1519/3565/3502 1515/3567/3504
f 1446/3566/3503 1515/3567/3504 1445/3568/3505
f 1445/3568/3505 1515/3567/3504 1511/3569/3506
f 1445/3568/3505 1511/3569/3506 1444/3570/3507
f 1444/3570/3507 1511/3569/3506 1507/3571/3508
f 1444/3570/3507 1507/3571/3508 1443/3572/3509
f 1443/3572/3509 1507/3571/3508 1503/3573/3510
f 1443/3572/3509 1503/3573/3510 1442/3574/3511
f 1442/3574/3511 1503/3573/3510 1499/3575/3512
f 1442/3574/3511 1499/3575/3512 1441/3576/3513
f 1441/3576/3513 1499/3575/3512 1495/3577/3514
f 1441/3576/3513 1495/3577/3514 1440/3578/3515
f 1440/3578/3515 1495/3577/3514 1491/3579/3516
f 1440/3578/3515 1491/3579/3516 1439/3580/3517
f 1439/3580/3517 1491/3579/3516 1487/3581/3518
f 1439/3580/3517 1487/3581/3518 1438/3582/3519
f 1438/3582/3519 1487/3581/3518 1483/3583/3520
f 1438/3582/3519 1483/3583/3520 1437/3584/3521
f 1437/3584/3521 1483/3583/3520 1479/3585/3522
f 1437/3584/3521 1479/3585/3522 1436/3586/3523
f 1436/3586/3523 1479/3585/3522 1475/3587/3524
f 1436/3586/3523 1475/3587/3524 1435/3588/3525
f 1435/3588/3525 1475/3587/3524 1471/3589/3526
f 1435/3588/3525 1471/3589/3526 1434/3590/3527
f 1434/3590/3527 1471/3589/3526 1467/3591/3528
f 1434/3590/3527 1467/3591/3528 1433/3592/3529
f 1433/3592/3529 1467/3591/3528 1463/3593/3530
f 1433/3592/3529 1463/3593/3530 1432/3544/3483
f 1432/3544/3483 1463/3593/3530 1459/3545/3484
f 1430/3594/3461 1550/3595/3531 1407/3596/3460
f 1407/3596/3460 1550/3595/3531 1458/3597/3532
f 1407/3598/3460 1458/3599/3532 1408/3600/3459
f 1408/3600/3459 1458/3599/3532 1462/3601/3533
f 1408/3600/3459 1462/3601/3533 1409/3602/3482
f 1409/3602/3482 1462/3601/3533 1466/3603/3534
f 1409/3602/3482 1466/3603/3534 1410/3604/3481
f 1410/3604/3481 1466/3603/3534 1470/3605/3535
f 1410/3604/3481 1470/3605/3535 1411/3606/3480
f 1411/3606/3480 1470/3605/3535 1474/3607/3536
f 1411/3606/3480 1474/3607/3536 1412/3608/3479
f 1412/3608/3479 1474/3607/3536 1478/3609/3537
f 1412/3608/3479 1478/3609/3537 1413/3610/3478
f 1413/3610/3478 1478/3609/3537 1482/3611/3538
f 1413/3610/3478 1482/3611/3538 1414/3612/3477
f 1414/3612/3477 1482/3611/3538 1486/3613/3539
f 1414/3612/3477 1486/3613/3539 1415/3614/3476
f 1415/3614/3476 1486/3613/3539 1490/3615/3540
f 1415/3614/3476 1490/3615/3540 1416/3616/3475
f 1416/3616/3475 1490/3615/3540 1494/3617/3541
f 1416/3616/3475 1494/3617/3541 1417/3618/3474
f 1417/3618/3474 1494/3617/3541 1498/3619/3542
f 1417/3618/3474 1498/3619/3542 1418/3620/3473
f 1418/3620/3473 1498/3619/3542 1502/3621/3543
f 1418/3620/3473 1502/3621/3543 1419/3622/3472
f 1419/3622/3472 1502/3621/3543 1506/3623/3544
f 1419/3622/3472 1506/3623/3544 1420/3624/3471
f 1420/3624/3471 1506/3623/3544 1510/3625/3545
f 1420/3624/3471 1510/3625/3545 1421/3626/3470
f 1421/3626/3470 1510/3625/3545 1514/3627/3546
f 1421/3626/3470 1514/3627/3546 1422/3628/3469
f 1422/3628/3469 1514/3627/3546 1518/3629/3547
f 1422/3628/3469 1518/3629/3547 1423/3630/3468
f 1423/3630/3468 1518/3629/3547 1522/3631/3548
f 1423/3630/3468 1522/3631/3548 1424/3632/3467
f 1424/3632/3467 1522/3631/3548 1526/3633/3549
f 1424/3632/3467 1526/3633/3549 1425/3634/3466
f 1425/3634/3466 1526/3633/3549 1530/3635/3550
f 1425/3634/3466 1530/3635/3550 1426/3636/3465
f 1426/3636/3465 1530/3635/3550 1534/3637/3551
f 1426/3636/3465 1534/3637/3551 1427/3638/3464
f 1427/3638/3464 1534/3637/3551 1538/3639/3552
f 1427/3638/3464 1538/3639/3552 1428/3640/3463
f 1428/3640/3463 1538/3639/3552 1542/3641/3553
f 1428/3640/3463 1542/3641/3553 1429/3642/3462
f 1429/3642/3462 1542/3641/3553 1546/3643/3554
f 1429/3642/3462 1546/3643/3554 1430/3594/3461
f 1430/3594/3461 1546/3643/3554 1550/3595/3531
f 1455/3549/3486 1456/3644/3555 1547/3551/3488
f 1547/3551/3488 1456/3644/3555 1548/3645/3556
f 1547/3551/3488 1548/3645/3556 1543/3553/3490
f 1543/3553/3490 1548/3645/3556 1544/3646/3557
f 1543/3553/3490 1544/3646/3557 1539/3555/3492
f 1539/3555/3492 1544/3646/3557 1540/3647/3558
f 1539/3555/3492 1540/3647/3558 1535/3557/3494
f 1535/3557/3494 1540/3647/3558 1536/3648/3559
f 1535/3557/3494 1536/3648/3559 1531/3559/3496
f 1531/3559/3496 1536/3648/3559 1532/3649/3560
f 1531/3559/3496 1532/3649/3560 1527/3561/3498
f 1527/3561/3498 1532/3649/3560 1528/3650/3561
f 1527/3561/3498 1528/3650/3561 1523/3563/3500
f 1523/3563/3500 1528/3650/3561 1524/3651/3562
f 1523/3563/3500 1524/3651/3562 1519/3565/3502
f 1519/3565/3502 1524/3651/3562 1520/3652/3563
f 1519/3565/3502 1520/3652/3563 1515/3567/3504
f 1515/3567/3504 1520/3652/3563 1516/3653/3564
f 1515/3567/3504 1516/3653/3564 1511/3569/3506
f 1511/3569/3506 1516/3653/3564 1512/3654/3565
f 1511/3569/3506 1512/3654/3565 1507/3571/3508
f 1507/3571/3508 1512/3654/3565 1508/3655/3566
f 1507/3571/3508 1508/3655/3566 1503/3573/3510
f 1503/3573/3510 1508/3655/3566 1504/3656/3567
f 1503/3573/3510 1504/3656/3567 1499/3575/3512
f 1499/3575/3512 1504/3656/3567 1500/3657/3568
f 1499/3575/3512 1500/3657/3568 1495/3577/3514
f 1495/3577/3514 1500/3657/3568 1496/3658/3569
f 1495/3577/3514 1496/3658/3569 1491/3579/3516
f 1491/3579/3516 1496/3658/3569 1492/3659/3570
f 1491/3579/3516 1492/3659/3570 1487/3581/3518
f 1487/3581/3518 1492/3659/3570 1488/3660/3571
f 1487/3581/3518 1488/3660/3571 1483/3583/3520
f 1483/3583/3520 1488/3660/3571 1484/3661/3572
f 1483/3583/3520 1484/3661/3572 1479/3585/3522
f 1479/3585/3522 1484/3661/3572 1480/3662/3573
f 1479/3585/3522 1480/3662/3573 1475/3587/3524
f 1475/3587/3524 1480/3662/3573 1476/3663/3574
f 1475/3587/3524 1476/3663/3574 1471/3589/3526
f 1471/3589/3526 1476/3663/3574 1472/3664/3575
f 1471/3589/3526 1472/3664/3575 1467/3591/3528
f 1467/3591/3528 1472/3664/3575 1468/3665/3576
f 1467/3591/3528 1468/3665/3576 1463/3593/3530
f 1463/3593/3530 1468/3665/3576 1464/3666/3577
f 1463/3593/3530 1464/3666/3577 1459/3545/3484
f 1459/3545/3484 1464/3666/3577 1460/3667/3578
f 1459/3545/3484 1460/3667/3578 1455/3547/3486
f 1455/3547/3486 1460/3667/3578 1456/3668/3555
f 1456/3644/3555 1457/3669/3579 1548/3645/3556
f 1548/3645/3556 1457/3669/3579 1549/3670/3580
f 1548/3645/3556 1549/3670/3580 1544/3646/3557
f 1544/3646/3557 1549/3670/3580 1545/3671/3581
f 1544/3646/3557 1545/3671/3581 1540/3647/3558
f 1540/3647/3558 1545/3671/3581 1541/3672/3582
f 1540/3647/3558 1541/3672/3582 1536/3648/3559
f 1536/3648/3559 1541/3672/3582 1537/3673/3583
f 1536/3648/3559 1537/3673/3583 1532/3649/3560
f 1532/3649/3560 1537/3673/3583 1533/3674/3584
f 1532/3649/3560 1533/3674/3584 1528/3650/3561
f 1528/3650/3561 1533/3674/3584 1529/3675/3585
f 1528/3650/3561 1529/3675/3585 1524/3651/3562
f 1524/3651/3562 1529/3675/3585 1525/3676/3586
f 1524/3651/3562 1525/3676/3586 1520/3652/3563
f 1520/3652/3563 1525/3676/3586 1521/3677/3587
f 1520/3652/3563 1521/3677/3587 1516/3653/3564
f 1516/3653/3564 1521/3677/3587 1517/3678/3588
f 1516/3653/3564 1517/3678/3588 1512/3654/3565
f 1512/3654/3565 1517/3678/3588 1513/3679/3589
f 1512/3654/3565 1513/3679/3589 1508/3655/3566
f 1508/3655/3566 1513/3679/3589 1509/3680/3590
f 1508/3655/3566 1509/3680/3590 1504/3656/3567
f 1504/3656/3567 1509/3680/3590 1505/3681/3591
f 1504/3656/3567 1505/3681/3591 1500/3657/3568
f 1500/3657/3568 1505/3681/3591 1501/3682/3592
f 1500/3657/3568 1501/3682/3592 1496/3658/3569
f 1496/3658/3569 1501/3682/3592 1497/3683/3593
f 1496/3658/3569 1497/3683/3593 1492/3659/3570
f 1492/3659/3570 1497/3683/3593 1493/3684/3594
f 1492/3659/3570 1493/3684/3594 1488/3660/3571
f 1488/3660/3571 1493/3684/3594 1489/3685/3595
f 1488/3660/3571 1489/3685/3595 1484/3661/3572
f 1484/3661/3572 1489/3685/3595 1485/3686/3596
f 1484/3661/3572 1485/3686/3596 1480/3662/3573
f 1480/3662/3573 1485/3686/3596 1481/3687/3597
f 1480/3662/3573 1481/3687/3597 1476/3663/3574
f 1476/3663/3574 1481/3687/3597 1477/3688/3598
f 1476/3663/3574 1477/3688/3598 1472/3664/3575
f 1472/3664/3575 1477/3688/3598 1473/3689/3599
f 1472/3664/3575 1473/3689/3599 1468/3665/3576
f 1468/3665/3576 1473/3689/3599 1469/3690/3600
f 1468/3665/3576 1469/3690/3600 1464/3666/3577
f 1464/3666/3577 1469/3690/3600 1465/3691/3601
f 1464/3666/3577 1465/3691/3601 1460/3667/3578
f 1460/3667/3578 1465/3691/3601 1461/3692/3602
f 1460/3667/3578 1461/3692/3602 1456/3668/3555
f 1456/3668/3555 1461/3692/3602 1457/3693/3579
f 1457/3669/3579 1458/3597/3532 1549/3670/3580
f 1549/3670/3580 1458/3597/3532 1550/3595/3531
f 1549/3670/3580 1550/3595/3531 1545/3671/3581
f 1545/3671/3581 1550/3595/3531 1546/3643/3554
f 1545/3671/3581 1546/3643/3554 1541/3672/3582
f 1541/3672/3582 1546/3643/3554 1542/3641/3553
f 1541/3672/3582 1542/3641/3553 1537/3673/3583
f 1537/3673/3583 1542/3641/3553 1538/3639/3552
f 1537/3673/3583 1538/3639/3552 1533/3674/3584
f 1533/3674/3584 1538/3639/3552 1534/3637/3551
f 1533/3674/3584 1534/3637/3551 1529/3675/3585
f 1529/3675/3585 1534/3637/3551 1530/3635/3550
f 1529/3675/3585 1530/3635/3550 1525/3676/3586
f 1525/3676/3586 1530/3635/3550 1526/3633/3549
f 1525/3676/3586 1526/3633/3549 1521/3677/3587
f 1521/3677/3587 1526/3633/3549 1522/3631/3548
f 1521/3677/3587 1522/3631/3548 1517/3678/3588
f 1517/3678/3588 1522/3631/3548 1518/3629/3547
f 1517/3678/3588 1518/3629/3547 1513/3679/3589
f 1513/3679/3589 1518/3629/3547 1514/3627/3546
f 1513/3679/3589 1514/3627/3546 1509/3680/3590
f 1509/3680/3590 1514/3627/3546 1510/3625/3545
f 1509/3680/3590 1510/3625/3545 1505/3681/3591
f 1505/3681/3591 1510/3625/3545 1506/3623/3544
f 1505/3681/3591 1506/3623/3544 1501/3682/3592
f 1501/3682/3592 1506/3623/3544 1502/3621/3543
f 1501/3682/3592 1502/3621/3543 1497/3683/3593
f 1497/3683/3593 1502/3621/3543 1498/3619/3542
f 1497/3683/3593 1498/3619/3542 1493/3684/3594
f 1493/3684/3594 1498/3619/3542 1494/3617/3541
f 1493/3684/3594 1494/3617/3541 1489/3685/3595
f 1489/3685/3595 1494/3617/3541 1490/3615/3540
f 1489/3685/3595 1490/3615/3540 1485/3686/3596
f 1485/3686/3596 1490/3615/3540 1486/3613/3539
f 1485/3686/3596 1486/3613/3539 1481/3687/3597
f 1481/3687/3597 1486/3613/3539 1482/3611/3538
f 1481/3687/3597 1482/3611/3538 1477/3688/3598
f 1477/3688/3598 1482/3611/3538 1478/3609/3537
f 1477/3688/3598 1478/3609/3537 1473/3689/3599
f 1473/3689/3599 1478/3609/3537 1474/3607/3536
f 1473/3689/3599 1474/3607/3536 1469/3690/3600
f 1469/3690/3600 1474/3607/3536 1470/3605/3535
f 1469/3690/3600 1470/3605/3535 1465/3691/3601
f 1465/3691/3601 1470/3605/3535 1466/3603/3534
f 1465/3691/3601 1466/3603/3534 1461/3692/3602
f 1461/3692/3602 1466/3603/3534 1462/3601/3533
f 1461/3692/3602 1462/3601/3533 1457/3693/3579
f 1457/3693/3579 1462/3601/3533 1458/3599/3532
f 1552/3694/3603 1604/3695/3604 1551/3696/3605
f 1551/3696/3605 1604/3695/3604 1613/3697/3606
f 1551/3696/3605 1613/3697/3606 1574/3698/3607
f 1574/3698/3607 1613/3697/3606 1714/3699/3608
f 1574/3698/3607 1714/3699/3608 1573/3700/3609
f 1573/3700/3609 1714/3699/3608 1709/3701/3610
f 1573/3700/3609 1709/3701/3610 1572/3702/3611
f 1572/3702/3611 1709/3701/3610 1704/3703/3612
f 1572/3702/3611 1704/3703/3612 1571/3704/3613
f 1571/3704/3613 1704/3703/3612 1699/3705/3614
f 1571/3704/3613 1699/3705/3614 1570/3706/3615
f 1570/3706/3615 1699/3705/3614 1694/3707/3616
f 1570/3706/3615 1694/3707/3616 1569/3708/3617
f 1569/3708/3617 1694/3707/3616 1689/3709/3618
f 1569/3708/3617 1689/3709/3618 1568/3710/3619
f 1568/3710/3619 1689/3709/3618 1684/3711/3620
f 1568/3710/3619 1684/3711/3620 1567/3712/3621
f 1567/3712/3621 1684/3711/3620 1679/3713/3622
f 1567/3712/3621 1679/3713/3622 1566/3714/3623
f 1566/3714/3623 1679/3713/3622 1674/3715/3624
f 1566/3714/3623 1674/3715/3624 1565/3716/3625
f 1565/3716/3625 1674/3715/3624 1669/3717/3626
f 1565/3716/3625 1669/3717/3626 1564/3718/3627
f 1564/3718/3627 1669/3717/3626 1664/3719/3628
f 1564/3718/3627 1664/3719/3628 1563/3720/3629
f 1563/3720/3629 1664/3719/3628 1599/3721/3630
f 1563/3722/3629 1599/3723/3630 1562/3724/3631
f 1562/3724/3631 1599/3723/3630 1659/3725/3632
f 1562/3724/3631 1659/3725/3632 1561/3726/3633
f 1561/3726/3633 1659/3725/3632 1654/3727/3634
f 1561/3726/3633 1654/3727/3634 1560/3728/3635
f 1560/3728/3635 1654/3727/3634 1649/3729/3636
f 1560/3728/3635 1649/3729/3636 1559/3730/3637
f 1559/3730/3637 1649/3729/3636 1644/3731/3638
f 1559/3730/3637 1644/3731/3638 1558/3732/3639
f 1558/3732/3639 1644/3731/3638 1639/3733/3640
f 1558/3732/3639 1639/3733/3640 1557/3734/3641
f 1557/3734/3641 1639/3733/3640 1634/3735/3642
f 1557/3734/3641 1634/3735/3642 1556/3736/3643
f 1556/3736/3643 1634/3735/3642 1629/3737/3644
f 1556/3736/3643 1629/3737/3644 1555/3738/3645
f 1555/3738/3645 1629/3737/3644 1624/3739/3646
f 1555/3738/3645 1624/3739/3646 1554/3740/3647
f 1554/3740/3647 1624/3739/3646 1619/3741/3648
f 1554/3740/3647 1619/3741/3648 1553/3742/3649
f 1553/3742/3649 1619/3741/3648 1614/3743/3650
f 1553/3742/3649 1614/3743/3650 1552/3694/3603
f 1552/3694/3603 1614/3743/3650 1604/3695/3604
f 1576/3744/3651 1718/3745/3652 1575/3746/3653
f 1575/3746/3653 1718/3745/3652 1609/3747/3654
f 1575/3746/3653 1609/3747/3654 1598/3748/3655
f 1598/3748/3655 1609/3747/3654 1608/3749/3656
f 1598/3748/3655 1608/3749/3656 1597/3750/3657
f 1597/3750/3657 1608/3749/3656 1618/3751/3658
f 1597/3750/3657 1618/3751/3658 1596/3752/3659
f 1596/3752/3659 1618/3751/3658 1623/3753/3660
f 1596/3752/3659 1623/3753/3660 1595/3754/3661
f 1595/3754/3661 1623/3753/3660 1628/3755/3662
f 1595/3754/3661 1628/3755/3662 1594/3756/3663
f 1594/3756/3663 1628/3755/3662 1633/3757/3664
f 1594/3756/3663 1633/3757/3664 1593/3758/3665
f 1593/3758/3665 1633/3757/3664 1638/3759/3666
f 1593/3758/3665 1638/3759/3666 1592/3760/3667
f 1592/3760/3667 1638/3759/3666 1643/3761/3668
f 1592/3760/3667 1643/3761/3668 1591/3762/3669
f 1591/3762/3669 1643/3761/3668 1648/3763/3670
f 1591/3762/3669 1648/3763/3670 1590/3764/3671
f 1590/3764/3671 1648/3763/3670 1653/3765/3672
f 1590/3764/3671 1653/3765/3672 1589/3766/3673
f 1589/3766/3673 1653/3765/3672 1658/3767/3674
f 1589/3766/3673 1658/3767/3674 1588/3768/3675
f 1588/3768/3675 1658/3767/3674 1663/3769/3676
f 1588/3768/3675 1663/3769/3676 1587/3770/3677
f 1587/3770/3677 1663/3769/3676 1603/3771/3678
f 1587/3772/3677 1603/3773/3678 1586/3774/3679
f 1586/3774/3679 1603/3773/3678 1668/3775/3680
f 1586/3774/3679 1668/3775/3680 1585/3776/3681
f 1585/3776/3681 1668/3775/3680 1673/3777/3682
f 1585/3776/3681 1673/3777/3682 1584/3778/3683
f 1584/3778/3683 1673/3777/3682 1678/3779/3684
f 1584/3778/3683 1678/3779/3684 1583/3780/3685
f 1583/3780/3685 1678/3779/3684 1683/3781/3686
f 1583/3780/3685 1683/3781/3686 1582/3782/3687
f 1582/3782/3687 1683/3781/3686 1688/3783/3688
f 1582/3782/3687 1688/3783/3688 1581/3784/3689
f 1581/3784/3689 1688/3783/3688 1693/3785/3690
f 1581/3784/3689 1693/3785/3690 1580/3786/3691
f 1580/3786/3691 1693/3785/3690 1698/3787/3692
f 1580/3786/3691 1698/3787/3692 1579/3788/3693
f 1579/3788/3693 1698/3787/3692 1703/3789/3694
f 1579/3788/3693 1703/3789/3694 1578/3790/3695
f 1578/3790/3695 1703/3789/3694 1708/3791/3696
f 1578/3790/3695 1708/3791/3696 1577/3792/3697
f 1577/3792/3697 1708/3791/3696 1713/3793/3698
f 1577/3792/3697 1713/3793/3698 1576/3744/3651
f 1576/3744/3651 1713/3793/3698 1718/3745/3652
f 1599/3723/3630 1600/3794/3699 1659/3725/3632
f 1659/3725/3632 1600/3794/3699 1660/3795/3700
f 1659/3725/3632 1660/3795/3700 1654/3727/3634
f 1654/3727/3634 1660/3795/3700 1655/3796/3701
f 1654/3727/3634 1655/3796/3701 1649/3729/3636
f 1649/3729/3636 1655/3796/3701 1650/3797/3702
f 1649/3729/3636 1650/3797/3702 1644/3731/3638
f 1644/3731/3638 1650/3797/3702 1645/3798/3703
f 1644/3731/3638 1645/3798/3703 1639/3733/3640
f 1639/3733/3640 1645/3798/3703 1640/3799/3704
f 1639/3733/3640 1640/3799/3704 1634/3735/3642
f 1634/3735/3642 1640/3799/3704 1635/3800/3705
f 1634/3735/3642 1635/3800/3705 1629/3737/3644
f 1629/3737/3644 1635/3800/3705 1630/3801/3706
f 1629/3737/3644 1630/3801/3706 1624/3739/3646
f 1624/3739/3646 1630/3801/3706 1625/3802/3707
f 1624/3739/3646 1625/3802/3707 1619/3741/3648
f 1619/3741/3648 1625/3802/3707 1620/3803/3708
f 1619/3741/3648 1620/3803/3708 1614/3743/3650
f 1614/3743/3650 1620/3803/3708 1615/3804/3709
f 1614/3743/3650 1615/3804/3709 1604/3695/3604
f 1604/3695/3604 1615/3804/3709 1605/3805/3710
f 1604/3695/3604 1605/3805/3710 1613/3697/3606
f 1613/3697/3606 1605/3805/3710 1612/3806/3711
f 1613/3697/3606 1612/3806/3711 1714/3699/3608
f 1714/3699/3608 1612/3806/3711 1715/3807/3712
f 1714/3699/3608 1715/3807/3712 1709/3701/3610
f 1709/3701/3610 1715/3807/3712 1710/3808/3713
f 1709/3701/3610 1710/3808/3713 1704/3703/3612
f 1704/3703/3612 1710/3808/3713 1705/3809/3714
f 1704/3703/3612 1705/3809/3714 1699/3705/3614
f 1699/3705/3614 1705/3809/3714 1700/3810/3715
f 1699/3705/3614 1700/3810/3715 1694/3707/3616
f 1694/3707/3616 1700/3810/3715 1695/3811/3716
f 1694/3707/3616 1695/3811/3716 1689/3709/3618
f 1689/3709/3618 1695/3811/3716 1690/3812/3717
f 1689/3709/3618 1690/3812/3717 1684/3711/3620
f 1684/3711/3620 1690/3812/3717 1685/3813/3718
f 1684/3711/3620 1685/3813/3718 1679/3713/3622
f 1679/3713/3622 1685/3813/3718 1680/3814/3719
f 1679/3713/3622 1680/3814/3719 1674/3715/3624
f 1674/3715/3624 1680/3814/3719 1675/3815/3720
f 1674/3715/3624 1675/3815/3720 1669/3717/3626
f 1669/3717/3626 1675/3815/3720 1670/3816/3721
f 1669/3717/3626 1670/3816/3721 1664/3719/3628
f 1664/3719/3628 1670/3816/3721 1665/3817/3722
f 1664/3719/3628 1665/3817/3722 1599/3721/3630
f 1599/3721/3630 1665/3817/3722 1600/3818/3699
f 1600/3794/3699 1601/3819/3723 1660/3795/3700
f 1660/3795/3700 1601/3819/3723 1661/3820/3724
f 1660/3795/3700 1661/3820/3724 1655/3796/3701
f 1655/3796/3701 1661/3820/3724 1656/3821/3725
f 1655/3796/3701 1656/3821/3725 1650/3797/3702
f 1650/3797/3702 1656/3821/3725 1651/3822/3726
f 1650/3797/3702 1651/3822/3726 1645/3798/3703
f 1645/3798/3703 1651/3822/3726 1646/3823/3727
f 1645/3798/3703 1646/3823/3727 1640/3799/3704
f 1640/3799/3704 1646/3823/3727 1641/3824/3728
f 1640/3799/3704 1641/3824/3728 1635/3800/3705
f 1635/3800/3705 1641/3824/3728 1636/3825/3729
f 1635/3800/3705 1636/3825/3729 1630/3801/3706
f 1630/3801/3706 1636/3825/3729 1631/3826/3730
f 1630/3801/3706 1631/3826/3730 1625/3802/3707
f 1625/3802/3707 1631/3826/3730 1626/3827/3731
f 1625/3802/3707 1626/3827/3731 1620/3803/3708
f 1620/3803/3708 1626/3827/3731 1621/3828/3732
f 1620/3803/3708 1621/3828/3732 1615/3804/3709
f 1615/3804/3709 1621/3828/3732 1616/3829/3733
f 1615/3804/3709 1616/3829/3733 1605/3805/3710
f 1605/3805/3710 1616/3829/3733 1606/3830/3734
f 1605/3805/3710 1606/3830/3734 1612/3806/3711
f 1612/3806/3711 1606/3830/3734 1611/3831/3735
f 1612/3806/3711 1611/3831/3735 1715/3807/3712
f 1715/3807/3712 1611/3831/3735 1716/3832/3736
f 1715/3807/3712 1716/3832/3736 1710/3808/3713
f 1710/3808/3713 1716/3832/3736 1711/3833/3737
f 1710/3808/3713 1711/3833/3737 1705/3809/3714
f 1705/3809/3714 1711/3833/3737 1706/3834/3738
f 1705/3809/3714 1706/3834/3738 1700/3810/3715
f 1700/3810/3715 1706/3834/3738 1701/3835/3739
f 1700/3810/3715 1701/3835/3739 1695/3811/3716
f 1695/3811/3716 1701/3835/3739 1696/3836/3740
f 1695/3811/3716 1696/3836/3740 1690/3812/3717
f 1690/3812/3717 1696/3836/3740 1691/3837/3741
f 1690/3812/3717 1691/3837/3741 1685/3813/3718
f 1685/3813/3718 1691/3837/3741 1686/3838/3742
f 1685/3813/3718 1686/3838/3742 1680/3814/3719
f 1680/3814/3719 1686/3838/3742 1681/3839/3743
f 1680/3814/3719 1681/3839/3743 1675/3815/3720
f 1675/3815/3720 1681/3839/3743 1676/3840/3744
f 1675/3815/3720 1676/3840/3744 1670/3816/3721
f 1670/3816/3721 1676/3840/3744 1671/3841/3745
f 1670/3816/3721 1671/3841/3745 1665/3817/3722
f 1665/3817/3722 1671/3841/3745 1666/3842/3746
f 1665/3817/3722 1666/3842/3746 1600/3818/3699
f 1600/3818/3699 1666/3842/3746 1601/3843/3723
f 1601/3819/3723 1602/3844/3747 1661/3820/3724
f 1661/3820/3724 1602/3844/3747 1662/3845/3748
f 1661/3820/3724 1662/3845/3748 1656/3821/3725
f 1656/3821/3725 1662/3845/3748 1657/3846/3749
f 1656/3821/3725 1657/3846/3749 1651/3822/3726
f 1651/3822/3726 1657/3846/3749 1652/3847/3750
f 1651/3822/3726 1652/3847/3750 1646/3823/3727
f 1646/3823/3727 1652/3847/3750 1647/3848/3751
f 1646/3823/3727 1647/3848/3751 1641/3824/3728
f 1641/3824/3728 1647/3848/3751 1642/3849/3752
f 1641/3824/3728 1642/3849/3752 1636/3825/3729
f 1636/3825/3729 1642/3849/3752 1637/3850/3753
f 1636/3825/3729 1637/3850/3753 1631/3826/3730
f 1631/3826/3730 1637/3850/3753 1632/3851/3754
f 1631/3826/3730 1632/3851/3754 1626/3827/3731
f 1626/3827/3731 1632/3851/3754 1627/3852/3755
f 1626/3827/3731 1627/3852/3755 1621/3828/3732
f 1621/3828/3732 1627/3852/3755 1622/3853/3756
f 1621/3828/3732 1622/3853/3756 1616/3829/3733
f 1616/3829/3733 1622/3853/3756 1617/3854/3757
f 1616/3829/3733 1617/3854/3757 1606/3830/3734
f 1606/3830/3734 1617/3854/3757 1607/3855/3758
f 1606/3830/3734 1607/3855/3758 1611/3831/3735
f 1611/3831/3735 1607/3855/3758 1610/3856/3759
f 1611/3831/3735 1610/3856/3759 1716/3832/3736
f 1716/3832/3736 1610/3856/3759 1717/3857/3760
f 1716/3832/3736 1717/3857/3760 1711/3833/3737
f 1711/3833/3737 1717/3857/3760 1712/3858/3761
f 1711/3833/3737 1712/3858/3761 1706/3834/3738
f 1706/3834/3738 1712/3858/3761 1707/3859/3762
f 1706/3834/3738 1707/3859/3762 1701/3835/3739
f 1701/3835/3739 1707/3859/3762 1702/3860/3763
f 1701/3835/3739 1702/3860/3763 1696/3836/3740
f 1696/3836/3740 1702/3860/3763 1697/3861/3764
f 1696/3836/3740 1697/3861/3764 1691/3837/3741
f 1691/3837/3741 1697/3861/3764 1692/3862/3765
f 1691/3837/3741 1692/3862/3765 1686/3838/3742
f 1686/3838/3742 1692/3862/3765 1687/3863/3766
f 1686/3838/3742 1687/3863/3766 1681/3839/3743
f 1681/3839/3743 1687/3863/3766 1682/3864/3767
f 1681/3839/3743 1682/3864/3767 1676/3840/3744
f 1676/3840/3744 1682/3864/3767 1677/3865/3768
f 1676/3840/3744 1677/3865/3768 1671/3841/3745
f 1671/3841/3745 1677/3865/3768 1672/3866/3769
f 1671/3841/3745 1672/3866/3769 1666/3842/3746
f 1666/3842/3746 1672/3866/3769 1667/3867/3770
f 1666/3842/3746 1667/3867/3770 1601/3843/3723
f 1601/3843/3723 1667/3867/3770 1602/3868/3747
f 1602/3844/3747 1603/3771/3678 1662/3845/3748
f 1662/3845/3748 1603/3771/3678 1663/3769/3676
f 1662/3845/3748 1663/3769/3676 1657/3846/3749
f 1657/3846/3749 1663/3769/3676 1658/3767/3674
f 1657/3846/3749 1658/3767/3674 1652/3847/3750
f 1652/3847/3750 1658/3767/3674 1653/3765/3672
f 1652/3847/3750 1653/3765/3672 1647/3848/3751
f 1647/3848/3751 1653/3765/3672 1648/3763/3670
f 1647/3848/3751 1648/3763/3670 1642/3849/3752
f 1642/3849/3752 1648/3763/3670 1643/3761/3668
f 1642/3849/3752 1643/3761/3668 1637/3850/3753
f 1637/3850/3753 1643/3761/3668 1638/3759/3666
f 1637/3850/3753 1638/3759/3666 1632/3851/3754
f 1632/3851/3754 1638/3759/3666 1633/3757/3664
f 1632/3851/3754 1633/3757/3664 1627/3852/3755
f 1627/3852/3755 1633/3757/3664 1628/3755/3662
f 1627/3852/3755 1628/3755/3662 1622/3853/3756
f 1622/3853/3756 1628/3755/3662 1623/3753/3660
f 1622/3853/3756 1623/3753/3660 1617/3854/3757
f 1617/3854/3757 1623/3753/3660 1618/3751/3658
f 1617/3854/3757 1618/3751/3658 1607/3855/3758
f 1607/3855/3758 1618/3751/3658 1608/3749/3656
f 1607/3855/3758 1608/3749/3656 1610/3856/3759
f 1610/3856/3759 1608/3749/3656 1609/3747/3654
f 1610/3856/3759 1609/3747/3654 1717/3857/3760
f 1717/3857/3760 1609/3747/3654 1718/3745/3652
f 1717/3857/3760 1718/3745/3652 1712/3858/3761
f 1712/3858/3761 1718/3745/3652 1713/3793/3698
f 1712/3858/3761 1713/3793/3698 1707/3859/3762
f 1707/3859/3762 1713/3793/3698 1708/3791/3696
f 1707/3859/3762 1708/3791/3696 1702/3860/3763
f 1702/3860/3763 1708/3791/3696 1703/3789/3694
f 1702/3860/3763 1703/3789/3694 1697/3861/3764
f 1697/3861/3764 1703/3789/3694 1698/3787/3692
f 1697/3861/3764 1698/3787/3692 1692/3862/3765
f 1692/3862/3765 1698/3787/3692 1693/3785/3690
f 1692/3862/3765 1693/3785/3690 1687/3863/3766
f 1687/3863/3766 1693/3785/3690 1688/3783/3688
f 1687/3863/3766 1688/3783/3688 1682/3864/3767
f 1682/3864/3767 1688/3783/3688 1683/3781/3686
f 1682/3864/3767 1683/3781/3686 1677/3865/3768
f 1677/3865/3768 1683/3781/3686 1678/3779/3684
f 1677/3865/3768 1678/3779/3684 1672/3866/3769
f 1672/3866/3769 1678/3779/3684 1673/3777/3682
f 1672/3866/3769 1673/3777/3682 1667/3867/3770
f 1667/3867/3770 1673/3777/3682 1668/3775/3680
f 1667/3867/3770 1668/3775/3680 1602/3868/3747
f 1602/3868/3747 1668/3775/3680 1603/3773/3678
f 1720/3869/3771 1564/3870/3627 1719/3871/3772
f 1719/3871/3772 1564/3870/3627 1563/3872/3629
f 1719/3871/3772 1563/3872/3629 1742/3873/3773
f 1742/3873/3773 1563/3872/3629 1562/3874/3631
f 1742/3873/3773 1562/3874/3631 1741/3875/3774
f 1741/3875/3774 1562/3874/3631 1561/3876/3633
f 1741/3875/3774 1561/3876/3633 1740/3877/3775
f 1740/3877/3775 1561/3876/3633 1560/3878/3635
f 1740/3877/3775 1560/3878/3635 1739/3879/3776
f 1739/3879/3776 1560/3878/3635 1559/3880/3637
f 1739/3879/3776 1559/3880/3637 1738/3881/3777
f 1738/3881/3777 1559/3880/3637 1558/3882/3639
f 1738/3881/3777 1558/3882/3639 1737/3883/3778
f 1737/3883/3778 1558/3882/3639 1557/3884/3641
f 1737/3883/3778 1557/3884/3641 1736/3885/3779
f 1736/3885/3779 1557/3884/3641 1556/3886/3643
f 1736/3885/3779 1556/3886/3643 1735/3887/3780
f 1735/3887/3780 1556/3886/3643 1555/3888/3645
f 1735/3887/3780 1555/3888/3645 1734/3889/3781
f 1734/3889/3781 1555/3888/3645 1554/3890/3647
f 1734/3889/3781 1554/3890/3647 1733/3891/3782
f 1733/3891/3782 1554/3890/3647 1553/3892/3649
f 1733/3891/3782 1553/3892/3649 1732/3893/3783
f 1732/3893/3783 1553/3892/3649 1552/3894/3603
f 1732/3893/3783 1552/3894/3603 1731/3895/3784
f 1731/3895/3784 1552/3894/3603 1551/3896/3605
f 1731/3897/3784 1551/3898/3605 1730/3899/3785
f 1730/3899/3785 1551/3898/3605 1574/3900/3607
f 1730/3899/3785 1574/3900/3607 1729/3901/3786
f 1729/3901/3786 1574/3900/3607 1573/3902/3609
f 1729/3901/3786 1573/3902/3609 1728/3903/3787
f 1728/3903/3787 1573/3902/3609 1572/3904/3611
f 1728/3903/3787 1572/3904/3611 1727/3905/3788
f 1727/3905/3788 1572/3904/3611 1571/3906/3613
f 1727/3905/3788 1571/3906/3613 1726/3907/3789
f 1726/3907/3789 1571/3906/3613 1570/3908/3615
f 1726/3907/3789 1570/3908/3615 1725/3909/3790
f 1725/3909/3790 1570/3908/3615 1569/3910/3617
f 1725/3909/3790 1569/3910/3617 1724/3911/3791
f 1724/3911/3791 1569/3910/3617 1568/3912/3619
f 1724/3911/3791 1568/3912/3619 1723/3913/3792
f 1723/3913/3792 1568/3912/3619 1567/3914/3621
f 1723/3913/3792 1567/3914/3621 1722/3915/3793
f 1722/3915/3793 1567/3914/3621 1566/3916/3623
f 1722/3915/3793 1566/3916/3623 1721/3917/3794
f 1721/3917/3794 1566/3916/3623 1565/3918/3625
f 1721/3917/3794 1565/3918/3625 1720/3869/3771
f 1720/3869/3771 1565/3918/3625 1564/3870/3627
f 1598/3919/3655 1588/3920/3675 1575/3921/3653
f 1575/3921/3653 1588/3920/3675 1587/3922/3677
f 1575/3921/3653 1587/3922/3677 1576/3923/3651
f 1576/3923/3651 1587/3922/3677 1586/3924/3679
f 1576/3923/3651 1586/3924/3679 1577/3925/3697
f 1577/3925/3697 1586/3924/3679 1585/3926/3681
f 1577/3925/3697 1585/3926/3681 1578/3927/3695
f 1578/3927/3695 1585/3926/3681 1584/3928/3683
f 1578/3927/3695 1584/3928/3683 1579/3929/3693
f 1579/3929/3693 1584/3928/3683 1583/3930/3685
f 1579/3929/3693 1583/3930/3685 1580/3931/3691
f 1580/3931/3691 1583/3930/3685 1582/3932/3687
f 1580/3931/3691 1582/3932/3687 1581/3933/3689
f 1588/3920/3675 1598/3919/3655 1589/3934/3673
f 1589/3934/3673 1598/3919/3655 1597/3935/3657
f 1589/3934/3673 1597/3935/3657 1590/3936/3671
f 1590/3936/3671 1597/3935/3657 1596/3937/3659
f 1590/3936/3671 1596/3937/3659 1591/3938/3669
f 1591/3938/3669 1596/3937/3659 1595/3939/3661
f 1591/3938/3669 1595/3939/3661 1592/3940/3667
f 1592/3940/3667 1595/3939/3661 1594/3941/3663
f 1592/3940/3667 1594/3941/3663 1593/3942/3665
f 1744/3943/3795 1771/3944/3796 1743/3945/3797
f 1743/3945/3797 1771/3944/3796 1767/3946/3798
f 1743/3947/3797 1767/3948/3798 1766/3949/3799
f 1766/3949/3799 1767/3948/3798 1859/3950/3800
f 1766/3949/3799 1859/3950/3800 1765/3951/3801
f 1765/3951/3801 1859/3950/3800 1855/3952/3802
f 1765/3951/3801 1855/3952/3802 1764/3953/3803
f 1764/3953/3803 1855/3952/3802 1851/3954/3804
f 1764/3953/3803 1851/3954/3804 1763/3955/3805
f 1763/3955/3805 1851/3954/3804 1847/3956/3806
f 1763/3955/3805 1847/3956/3806 1762/3957/3807
f 1762/3957/3807 1847/3956/3806 1843/3958/3808
f 1762/3957/3807 1843/3958/3808 1761/3959/3809
f 1761/3959/3809 1843/3958/3808 1839/3960/3810
f 1761/3959/3809 1839/3960/3810 1760/3961/3811
f 1760/3961/3811 1839/3960/3810 1835/3962/3812
f 1760/3961/3811 1835/3962/3812 1759/3963/3813
f 1759/3963/3813 1835/3962/3812 1831/3964/3814
f 1759/3963/3813 1831/3964/3814 1758/3965/3815
f 1758/3965/3815 1831/3964/3814 1827/3966/3816
f 1758/3965/3815 1827/3966/3816 1757/3967/3817
f 1757/3967/3817 1827/3966/3816 1823/3968/3818
f 1757/3967/3817 1823/3968/3818 1756/3969/3819
f 1756/3969/3819 1823/3968/3818 1819/3970/3820
f 1756/3969/3819 1819/3970/3820 1755/3971/3821
f 1755/3971/3821 1819/3970/3820 1815/3972/3822
f 1755/3971/3821 1815/3972/3822 1754/3973/3823
f 1754/3973/3823 1815/3972/3822 1811/3974/3824
f 1754/3973/3823 1811/3974/3824 1753/3975/3825
f 1753/3975/3825 1811/3974/3824 1807/3976/3826
f 1753/3975/3825 1807/3976/3826 1752/3977/3827
f 1752/3977/3827 1807/3976/3826 1803/3978/3828
f 1752/3977/3827 1803/3978/3828 1751/3979/3829
f 1751/3979/3829 1803/3978/3828 1799/3980/3830
f 1751/3979/3829 1799/3980/3830 1750/3981/3831
f 1750/3981/3831 1799/3980/3830 1795/3982/3832
f 1750/3981/3831 1795/3982/3832 1749/3983/3833
f 1749/3983/3833 1795/3982/3832 1791/3984/3834
f 1749/3983/3833 1791/3984/3834 1748/3985/3835
f 1748/3985/3835 1791/3984/3834 1787/3986/3836
f 1748/3985/3835 1787/3986/3836 1747/3987/3837
f 1747/3987/3837 1787/3986/3836 1783/3988/3838
f 1747/3987/3837 1783/3988/3838 1746/3989/3839
f 1746/3989/3839 1783/3988/3838 1779/3990/3840
f 1746/3989/3839 1779/3990/3840 1745/3991/3841
f 1745/3991/3841 1779/3990/3840 1775/3992/3842
f 1745/3991/3841 1775/3992/3842 1744/3943/3795
f 1744/3943/3795 1775/3992/3842 1771/3944/3796
f 1742/3993/3773 1862/3994/3843 1719/3995/3772
f 1719/3995/3772 1862/3994/3843 1770/3996/3844
f 1719/3997/3772 1770/3998/3844 1720/3999/3771
f 1720/3999/3771 1770/3998/3844 1774/4000/3845
f 1720/3999/3771 1774/4000/3845 1721/4001/3794
f 1721/4001/3794 1774/4000/3845 1778/4002/3846
f 1721/4001/3794 1778/4002/3846 1722/4003/3793
f 1722/4003/3793 1778/4002/3846 1782/4004/3847
f 1722/4003/3793 1782/4004/3847 1723/4005/3792
f 1723/4005/3792 1782/4004/3847 1786/4006/3848
f 1723/4005/3792 1786/4006/3848 1724/4007/3791
f 1724/4007/3791 1786/4006/3848 1790/4008/3849
f 1724/4007/3791 1790/4008/3849 1725/4009/3790
f 1725/4009/3790 1790/4008/3849 1794/4010/3850
f 1725/4009/3790 1794/4010/3850 1726/4011/3789
f 1726/4011/3789 1794/4010/3850 1798/4012/3851
f 1726/4011/3789 1798/4012/3851 1727/4013/3788
f 1727/4013/3788 1798/4012/3851 1802/4014/3852
f 1727/4013/3788 1802/4014/3852 1728/4015/3787
f 1728/4015/3787 1802/4014/3852 1806/4016/3853
f 1728/4015/3787 1806/4016/3853 1729/4017/3786
f 1729/4017/3786 1806/4016/3853 1810/4018/3854
f 1729/4017/3786 1810/4018/3854 1730/4019/3785
f 1730/4019/3785 1810/4018/3854 1814/4020/3855
f 1730/4019/3785 1814/4020/3855 1731/4021/3784
f 1731/4021/3784 1814/4020/3855 1818/4022/3856
f 1731/4021/3784 1818/4022/3856 1732/4023/3783
f 1732/4023/3783 1818/4022/3856 1822/4024/3857
f 1732/4023/3783 1822/4024/3857 1733/4025/3782
f 1733/4025/3782 1822/4024/3857 1826/4026/3858
f 1733/4025/3782 1826/4026/3858 1734/4027/3781
f 1734/4027/3781 1826/4026/3858 1830/4028/3859
f 1734/4027/3781 1830/4028/3859 1735/4029/3780
f 1735/4029/3780 1830/4028/3859 1834/4030/3860
f 1735/4029/3780 1834/4030/3860 1736/4031/3779
f 1736/4031/3779 1834/4030/3860 1838/4032/3861
f 1736/4031/3779 1838/4032/3861 1737/4033/3778
f 1737/4033/3778 1838/4032/3861 1842/4034/3862
f 1737/4033/3778 1842/4034/3862 1738/4035/3777
f 1738/4035/3777 1842/4034/3862 1846/4036/3863
f 1738/4035/3777 1846/4036/3863 1739/4037/3776
f 1739/4037/3776 1846/4036/3863 1850/4038/3864
f 1739/4037/3776 1850/4038/3864 1740/4039/3775
f 1740/4039/3775 1850/4038/3864 1854/4040/3865
f 1740/4039/3775 1854/4040/3865 1741/4041/3774
f 1741/4041/3774 1854/4040/3865 1858/4042/3866
f 1741/4041/3774 1858/4042/3866 1742/3993/3773
f 1742/3993/3773 1858/4042/3866 1862/3994/3843
f 1767/3948/3798 1768/4043/3867 1859/3950/3800
f 1859/3950/3800 1768/4043/3867 1860/4044/3868
f 1859/3950/3800 1860/4044/3868 1855/3952/3802
f 1855/3952/3802 1860/4044/3868 1856/4045/3869
f 1855/3952/3802 1856/4045/3869 1851/3954/3804
f 1851/3954/3804 1856/4045/3869 1852/4046/3870
f 1851/3954/3804 1852/4046/3870 1847/3956/3806
f 1847/3956/3806 1852/4046/3870 1848/4047/3871
f 1847/3956/3806 1848/4047/3871 1843/3958/3808
f 1843/3958/3808 1848/4047/3871 1844/4048/3872
f 1843/3958/3808 1844/4048/3872 1839/3960/3810
f 1839/3960/3810 1844/4048/3872 1840/4049/3873
f 1839/3960/3810 1840/4049/3873 1835/3962/3812
f 1835/3962/3812 1840/4049/3873 1836/4050/3874
f 1835/3962/3812 1836/4050/3874 1831/3964/3814
f 1831/3964/3814 1836/4050/3874 1832/4051/3875
f 1831/3964/3814 1832/4051/3875 1827/3966/3816
f 1827/3966/3816 1832/4051/3875 1828/4052/3876
f 1827/3966/3816 1828/4052/3876 1823/3968/3818
f 1823/3968/3818 1828/4052/3876 1824/4053/3877
f 1823/3968/3818 1824/4053/3877 1819/3970/3820
f 1819/3970/3820 1824/4053/3877 1820/4054/3878
f 1819/3970/3820 1820/4054/3878 1815/3972/3822
f 1815/3972/3822 1820/4054/3878 1816/4055/3879
f 1815/3972/3822 1816/4055/3879 1811/3974/3824
f 1811/3974/3824 1816/4055/3879 1812/4056/3880
f 1811/3974/3824 1812/4056/3880 1807/3976/3826
f 1807/3976/3826 1812/4056/3880 1808/4057/3881
f 1807/3976/3826 1808/4057/3881 1803/3978/3828
f 1803/3978/3828 1808/4057/3881 1804/4058/3882
f 1803/3978/3828 1804/4058/3882 1799/3980/3830
f 1799/3980/3830 1804/4058/3882 1800/4059/3883
f 1799/3980/3830 1800/4059/3883 1795/3982/3832
f 1795/3982/3832 1800/4059/3883 1796/4060/3884
f 1795/3982/3832 1796/4060/3884 1791/3984/3834
f 1791/3984/3834 1796/4060/3884 1792/4061/3885
f 1791/3984/3834 1792/4061/3885 1787/3986/3836
f 1787/3986/3836 1792/4061/3885 1788/4062/3886
f 1787/3986/3836 1788/4062/3886 1783/3988/3838
f 1783/3988/3838 1788/4062/3886 1784/4063/3887
f 1783/3988/3838 1784/4063/3887 1779/3990/3840
f 1779/3990/3840 1784/4063/3887 1780/4064/3888
f 1779/3990/3840 1780/4064/3888 1775/3992/3842
f 1775/3992/3842 1780/4064/3888 1776/4065/3889
f 1775/3992/3842 1776/4065/3889 1771/3944/3796
f 1771/3944/3796 1776/4065/3889 1772/4066/3890
f 1771/3944/3796 1772/4066/3890 1767/3946/3798
f 1767/3946/3798 1772/4066/3890 1768/4067/3867
f 1768/4043/3867 1769/4068/3891 1860/4044/3868
f 1860/4044/3868 1769/4068/3891 1861/4069/3892
f 1860/4044/3868 1861/4069/3892 1856/4045/3869
f 1856/4045/3869 1861/4069/3892 1857/4070/3893
f 1856/4045/3869 1857/4070/3893 1852/4046/3870
f 1852/4046/3870 1857/4070/3893 1853/4071/3894
f 1852/4046/3870 1853/4071/3894 1848/4047/3871
f 1848/4047/3871 1853/4071/3894 1849/4072/3895
f 1848/4047/3871 1849/4072/3895 1844/4048/3872
f 1844/4048/3872 1849/4072/3895 1845/4073/3896
f 1844/4048/3872 1845/4073/3896 1840/4049/3873
f 1840/4049/3873 1845/4073/3896 1841/4074/3897
f 1840/4049/3873 1841/4074/3897 1836/4050/3874
f 1836/4050/3874 1841/4074/3897 1837/4075/3898
f 1836/4050/3874 1837/4075/3898 1832/4051/3875
f 1832/4051/3875 1837/4075/3898 1833/4076/3899
f 1832/4051/3875 1833/4076/3899 1828/4052/3876
f 1828/4052/3876 1833/4076/3899 1829/4077/3900
f 1828/4052/3876 1829/4077/3900 1824/4053/3877
f 1824/4053/3877 1829/4077/3900 1825/4078/3901
f 1824/4053/3877 1825/4078/3901 1820/4054/3878
f 1820/4054/3878 1825/4078/3901 1821/4079/3902
f 1820/4054/3878 1821/4079/3902 1816/4055/3879
f 1816/4055/3879 1821/4079/3902 1817/4080/3903
f 1816/4055/3879 1817/4080/3903 1812/4056/3880
f 1812/4056/3880 1817/4080/3903 1813/4081/3904
f 1812/4056/3880 1813/4081/3904 1808/4057/3881
f 1808/4057/3881 1813/4081/3904 1809/4082/3905
f 1808/4057/3881 1809/4082/3905 1804/4058/3882
f 1804/4058/3882 1809/4082/3905 1805/4083/3906
f 1804/4058/3882 1805/4083/3906 1800/4059/3883
f 1800/4059/3883 1805/4083/3906 1801/4084/3907
f 1800/4059/3883 1801/4084/3907 1796/4060/3884
f 1796/4060/3884 1801/4084/3907 1797/4085/3908
f 1796/4060/3884 1797/4085/3908 1792/4061/3885
f 1792/4061/3885 1797/4085/3908 1793/4086/3909
f 1792/4061/3885 1793/4086/3909 1788/4062/3886
f 1788/4062/3886 1793/4086/3909 1789/4087/3910
f 1788/4062/3886 1789/4087/3910 1784/4063/3887
f 1784/4063/3887 1789/4087/3910 1785/4088/3911
f 1784/4063/3887 1785/4088/3911 1780/4064/3888
f 1780/4064/3888 1785/4088/3911 1781/4089/3912
f 1780/4064/3888 1781/4089/3912 1776/4065/3889
f 1776/4065/3889 1781/4089/3912 1777/4090/3913
f 1776/4065/3889 1777/4090/3913 1772/4066/3890
f 1772/4066/3890 1777/4090/3913 1773/4091/3914
f 1772/4066/3890 1773/4091/3914 1768/4067/3867
f 1768/4067/3867 1773/4091/3914 1769/4092/3891
f 1769/4068/3891 1770/3996/3844 1861/4069/3892
f 1861/4069/3892 1770/3996/3844 1862/3994/3843
f 1861/4069/3892 1862/3994/3843 1857/4070/3893
f 1857/4070/3893 1862/3994/3843 1858/4042/3866
f 1857/4070/3893 1858/4042/3866 1853/4071/3894
f 1853/4071/3894 1858/4042/3866 1854/4040/3865
f 1853/4071/3894 1854/4040/3865 1849/4072/3895
f 1849/4072/3895 1854/4040/3865 1850/4038/3864
f 1849/4072/3895 1850/4038/3864 1845/4073/3896
f 1845/4073/3896 1850/4038/3864 1846/4036/3863
f 1845/4073/3896 1846/4036/3863 1841/4074/3897
f 1841/4074/3897 1846/4036/3863 1842/4034/3862
f 1841/4074/3897 1842/4034/3862 1837/4075/3898
f 1837/4075/3898 1842/4034/3862 1838/4032/3861
f 1837/4075/3898 1838/4032/3861 1833/4076/3899
f 1833/4076/3899 1838/4032/3861 1834/4030/3860
f 1833/4076/3899 1834/4030/3860 1829/4077/3900
f 1829/4077/3900 1834/4030/3860 1830/4028/3859
f 1829/4077/3900 1830/4028/3859 1825/4078/3901
f 1825/4078/3901 1830/4028/3859 1826/4026/3858
f 1825/4078/3901 1826/4026/3858 1821/4079/3902
f 1821/4079/3902 1826/4026/3858 1822/4024/3857
f 1821/4079/3902 1822/4024/3857 1817/4080/3903
f 1817/4080/3903 1822/4024/3857 1818/4022/3856
f 1817/4080/3903 1818/4022/3856 1813/4081/3904
f 1813/4081/3904 1818/4022/3856 1814/4020/3855
f 1813/4081/3904 1814/4020/3855 1809/4082/3905
f 1809/4082/3905 1814/4020/3855 1810/4018/3854
f 1809/4082/3905 1810/4018/3854 1805/4083/3906
f 1805/4083/3906 1810/4018/3854 1806/4016/3853
f 1805/4083/3906 1806/4016/3853 1801/4084/3907
f 1801/4084/3907 1806/4016/3853 1802/4014/3852
f 1801/4084/3907 1802/4014/3852 1797/4085/3908
f 1797/4085/3908 1802/4014/3852 1798/4012/3851
f 1797/4085/3908 1798/4012/3851 1793/4086/3909
f 1793/4086/3909 1798/4012/3851 1794/4010/3850
f 1793/4086/3909 1794/4010/3850 1789/4087/3910
f 1789/4087/3910 1794/4010/3850 1790/4008/3849
f 1789/4087/3910 1790/4008/3849 1785/4088/3911
f 1785/4088/3911 1790/4008/3849 1786/4006/3848
f 1785/4088/3911 1786/4006/3848 1781/4089/3912
f 1781/4089/3912 1786/4006/3848 1782/4004/3847
f 1781/4089/3912 1782/4004/3847 1777/4090/3913
f 1777/4090/3913 1782/4004/3847 1778/4002/3846
f 1777/4090/3913 1778/4002/3846 1773/4091/3914
f 1773/4091/3914 1778/4002/3846 1774/4000/3845
f 1773/4091/3914 1774/4000/3845 1769/4092/3891
f 1769/4092/3891 1774/4000/3845 1770/3998/3844
f 1864/4093/3915 1916/4094/3916 1863/4095/3917
f 1863/4095/3917 1916/4094/3916 1925/4096/3918
f 1863/4095/3917 1925/4096/3918 1886/4097/3919
f 1886/4097/3919 1925/4096/3918 2026/4098/3920
f 1886/4097/3919 2026/4098/3920 1885/4099/3921
f 1885/4099/3921 2026/4098/3920 2021/4100/3922
f 1885/4099/3921 2021/4100/3922 1884/4101/3923
f 1884/4101/3923 2021/4100/3922 2016/4102/3924
f 1884/4101/3923 2016/4102/3924 1883/4103/3925
f 1883/4103/3925 2016/4102/3924 2011/4104/3926
f 1883/4103/3925 2011/4104/3926 1882/4105/3927
f 1882/4105/3927 2011/4104/3926 2006/4106/3928
f 1882/4105/3927 2006/4106/3928 1881/4107/3929
f 1881/4107/3929 2006/4106/3928 2001/4108/3930
f 1881/4107/3929 2001/4108/3930 1880/4109/3931
f 1880/4109/3931 2001/4108/3930 1996/4110/3932
f 1880/4109/3931 1996/4110/3932 1879/4111/3933
f 1879/4111/3933 1996/4110/3932 1991/4112/3934
f 1879/4111/3933 1991/4112/3934 1878/4113/3935
f 1878/4113/3935 1991/4112/3934 1986/4114/3936
f 1878/4113/3935 1986/4114/3936 1877/4115/3937
f 1877/4115/3937 1986/4114/3936 1981/4116/3938
f 1877/4115/3937 1981/4116/3938 1876/4117/3939
f 1876/4117/3939 1981/4116/3938 1976/4118/3940
f 1876/4117/3939 1976/4118/3940 1875/4119/3941
f 1875/4119/3941 1976/4118/3940 1911/4120/3942
f 1875/4121/3941 1911/4122/3942 1874/4123/3943
f 1874/4123/3943 1911/4122/3942 1971/4124/3944
f 1874/4123/3943 1971/4124/3944 1873/4125/3945
f 1873/4125/3945 1971/4124/3944 1966/4126/3946
f 1873/4125/3945 1966/4126/3946 1872/4127/3947
f 1872/4127/3947 1966/4126/3946 1961/4128/3948
f 1872/4127/3947 1961/4128/3948 1871/4129/3949
f 1871/4129/3949 1961/4128/3948 1956/4130/3950
f 1871/4129/3949 1956/4130/3950 1870/4131/3951
f 1870/4131/3951 1956/4130/3950 1951/4132/3952
f 1870/4131/3951 1951/4132/3952 1869/4133/3953
f 1869/4133/3953 1951/4132/3952 1946/4134/3954
f 1869/4133/3953 1946/4134/3954 1868/4135/3955
f 1868/4135/3955 1946/4134/3954 1941/4136/3956
f 1868/4135/3955 1941/4136/3956 1867/4137/3957
f 1867/4137/3957 1941/4136/3956 1936/4138/3958
f 1867/4137/3957 1936/4138/3958 1866/4139/3959
f 1866/4139/3959 1936/4138/3958 1931/4140/3960
f 1866/4139/3959 1931/4140/3960 1865/4141/3961
f 1865/4141/3961 1931/4140/3960 1926/4142/3962
f 1865/4141/3961 1926/4142/3962 1864/4093/3915
f 1864/4093/3915 1926/4142/3962 1916/4094/3916
f 1888/4143/3963 2030/4144/3964 1887/4145/3965
f 1887/4145/3965 2030/4144/3964 1921/4146/3966
f 1887/4145/3965 1921/4146/3966 1910/4147/3967
f 1910/4147/3967 1921/4146/3966 1920/4148/3968
f 1910/4147/3967 1920/4148/3968 1909/4149/3969
f 1909/4149/3969 1920/4148/3968 1930/4150/3970
f 1909/4149/3969 1930/4150/3970 1908/4151/3971
f 1908/4151/3971 1930/4150/3970 1935/4152/3972
f 1908/4151/3971 1935/4152/3972 1907/4153/3973
f 1907/4153/3973 1935/4152/3972 1940/4154/3974
f 1907/4153/3973 1940/4154/3974 1906/4155/3975
f 1906/4155/3975 1940/4154/3974 1945/4156/3976
f 1906/4155/3975 1945/4156/3976 1905/4157/3977
f 1905/4157/3977 1945/4156/3976 1950/4158/3978
f 1905/4157/3977 1950/4158/3978 1904/4159/3979
f 1904/4159/3979 1950/4158/3978 1955/4160/3980
f 1904/4159/3979 1955/4160/3980 1903/4161/3981
f 1903/4161/3981 1955/4160/3980 1960/4162/3982
f 1903/4161/3981 1960/4162/3982 1902/4163/3983
f 1902/4163/3983 1960/4162/3982 1965/4164/3984
f 1902/4163/3983 1965/4164/3984 1901/4165/3985
f 1901/4165/3985 1965/4164/3984 1970/4166/3986
f 1901/4165/3985 1970/4166/3986 1900/4167/3987
f 1900/4167/3987 1970/4166/3986 1975/4168/3988
f 1900/4167/3987 1975/4168/3988 1899/4169/3989
f 1899/4169/3989 1975/4168/3988 1915/4170/3990
f 1899/4171/3989 1915/4172/3990 1898/4173/3991
f 1898/4173/3991 1915/4172/3990 1980/4174/3992
f 1898/4173/3991 1980/4174/3992 1897/4175/3993
f 1897/4175/3993 1980/4174/3992 1985/4176/3994
f 1897/4175/3993 1985/4176/3994 1896/4177/3995
f 1896/4177/3995 1985/4176/3994 1990/4178/3996
f 1896/4177/3995 1990/4178/3996 1895/4179/3997
f 1895/4179/3997 1990/4178/3996 1995/4180/3998
f 1895/4179/3997 1995/4180/3998 1894/4181/3999
f 1894/4181/3999 1995/4180/3998 2000/4182/4000
f 1894/4181/3999 2000/4182/4000 1893/4183/4001
f 1893/4183/4001 2000/4182/4000 2005/4184/4002
f 1893/4183/4001 2005/4184/4002 1892/4185/4003
f 1892/4185/4003 2005/4184/4002 2010/4186/4004
f 1892/4185/4003 2010/4186/4004 1891/4187/4005
f 1891/4187/4005 2010/4186/4004 2015/4188/4006
f 1891/4187/4005 2015/4188/4006 1890/4189/4007
f 1890/4189/4007 2015/4188/4006 2020/4190/4008
f 1890/4189/4007 2020/4190/4008 1889/4191/4009
f 1889/4191/4009 2020/4190/4008 2025/4192/4010
f 1889/4191/4009 2025/4192/4010 1888/4143/3963
f 1888/4143/3963 2025/4192/4010 2030/4144/3964
f 1911/4122/3942 1912/4193/4011 1971/4124/3944
f 1971/4124/3944 1912/4193/4011 1972/4194/4012
f 1971/4124/3944 1972/4194/4012 1966/4126/3946
f 1966/4126/3946 1972/4194/4012 1967/4195/4013
f 1966/4126/3946 1967/4195/4013 1961/4128/3948
f 1961/4128/3948 1967/4195/4013 1962/4196/4014
f 1961/4128/3948 1962/4196/4014 1956/4130/3950
f 1956/4130/3950 1962/4196/4014 1957/4197/4015
f 1956/4130/3950 1957/4197/4015 1951/4132/3952
f 1951/4132/3952 1957/4197/4015 1952/4198/4016
f 1951/4132/3952 1952/4198/4016 1946/4134/3954
f 1946/4134/3954 1952/4198/4016 1947/4199/4017
f 1946/4134/3954 1947/4199/4017 1941/4136/3956
f 1941/4136/3956 1947/4199/4017 1942/4200/4018
f 1941/4136/3956 1942/4200/4018 1936/4138/3958
f 1936/4138/3958 1942/4200/4018 1937/4201/4019
f 1936/4138/3958 1937/4201/4019 1931/4140/3960
f 1931/4140/3960 1937/4201/4019 1932/4202/4020
f 1931/4140/3960 1932/4202/4020 1926/4142/3962
f 1926/4142/3962 1932/4202/4020 1927/4203/4021
f 1926/4142/3962 1927/4203/4021 1916/4094/3916
f 1916/4094/3916 1927/4203/4021 1917/4204/4022
f 1916/4094/3916 1917/4204/4022 1925/4096/3918
f 1925/4096/3918 1917/4204/4022 1924/4205/4023
f 1925/4096/3918 1924/4205/4023 2026/4098/3920
f 2026/4098/3920 1924/4205/4023 2027/4206/4024
f 2026/4098/3920 2027/4206/4024 2021/4100/3922
f 2021/4100/3922 2027/4206/4024 2022/4207/4025
f 2021/4100/3922 2022/4207/4025 2016/4102/3924
f 2016/4102/3924 2022/4207/4025 2017/4208/4026
f 2016/4102/3924 2017/4208/4026 2011/4104/3926
f 2011/4104/3926 2017/4208/4026 2012/4209/4027
f 2011/4104/3926 2012/4209/4027 2006/4106/3928
f 2006/4106/3928 2012/4209/4027 2007/4210/4028
f 2006/4106/3928 2007/4210/4028 2001/4108/3930
f 2001/4108/3930 2007/4210/4028 2002/4211/4029
f 2001/4108/3930 2002/4211/4029 1996/4110/3932
f 1996/4110/3932 2002/4211/4029 1997/4212/4030
f 1996/4110/3932 1997/4212/4030 1991/4112/3934
f 1991/4112/3934 1997/4212/4030 1992/4213/4031
f 1991/4112/3934 1992/4213/4031 1986/4114/3936
f 1986/4114/3936 1992/4213/4031 1987/4214/4032
f 1986/4114/3936 1987/4214/4032 1981/4116/3938
f 1981/4116/3938 1987/4214/4032 1982/4215/4033
f 1981/4116/3938 1982/4215/4033 1976/4118/3940
f 1976/4118/3940 1982/4215/4033 1977/4216/4034
f 1976/4118/3940 1977/4216/4034 1911/4120/3942
f 1911/4120/3942 1977/4216/4034 1912/4217/4011
f 1912/4193/4011 1913/4218/4035 1972/4194/4012
f 1972/4194/4012 1913/4218/4035 1973/4219/4036
f 1972/4194/4012 1973/4219/4036 1967/4195/4013
f 1967/4195/4013 1973/4219/4036 1968/4220/4037
f 1967/4195/4013 1968/4220/4037 1962/4196/4014
f 1962/4196/4014 1968/4220/4037 1963/4221/4038
f 1962/4196/4014 1963/4221/4038 1957/4197/4015
f 1957/4197/4015 1963/4221/4038 1958/4222/4039
f 1957/4197/4015 1958/4222/4039 1952/4198/4016
f 1952/4198/4016 1958/4222/4039 1953/4223/4040
f 1952/4198/4016 1953/4223/4040 1947/4199/4017
f 1947/4199/4017 1953/4223/4040 1948/4224/4041
f 1947/4199/4017 1948/4224/4041 1942/4200/4018
f 1942/4200/4018 1948/4224/4041 1943/4225/4042
f 1942/4200/4018 1943/4225/4042 1937/4201/4019
f 1937/4201/4019 1943/4225/4042 1938/4226/4043
f 1937/4201/4019 1938/4226/4043 1932/4202/4020
f 1932/4202/4020 1938/4226/4043 1933/4227/4044
f 1932/4202/4020 1933/4227/4044 1927/4203/4021
f 1927/4203/4021 1933/4227/4044 1928/4228/4045
f 1927/4203/4021 1928/4228/4045 1917/4204/4022
f 1917/4204/4022 1928/4228/4045 1918/4229/4046
f 1917/4204/4022 1918/4229/4046 1924/4205/4023
f 1924/4205/4023 1918/4229/4046 1923/4230/4047
f 1924/4205/4023 1923/4230/4047 2027/4206/4024
f 2027/4206/4024 1923/4230/4047 2028/4231/4048
f 2027/4206/4024 2028/4231/4048 2022/4207/4025
f 2022/4207/4025 2028/4231/4048 2023/4232/4049
f 2022/4207/4025 2023/4232/4049 2017/4208/4026
f 2017/4208/4026 2023/4232/4049 2018/4233/4050
f 2017/4208/4026 2018/4233/4050 2012/4209/4027
f 2012/4209/4027 2018/4233/4050 2013/4234/4051
f 2012/4209/4027 2013/4234/4051 2007/4210/4028
f 2007/4210/4028 2013/4234/4051 2008/4235/4052
f 2007/4210/4028 2008/4235/4052 2002/4211/4029
f 2002/4211/4029 2008/4235/4052 2003/4236/4053
f 2002/4211/4029 2003/4236/4053 1997/4212/4030
f 1997/4212/4030 2003/4236/4053 1998/4237/4054
f 1997/4212/4030 1998/4237/4054 1992/4213/4031
f 1992/4213/4031 1998/4237/4054 1993/4238/4055
f 1992/4213/4031 1993/4238/4055 1987/4214/4032
f 1987/4214/4032 1993/4238/4055 1988/4239/4056
f 1987/4214/4032 1988/4239/4056 1982/4215/4033
f 1982/4215/4033 1988/4239/4056 1983/4240/4057
f 1982/4215/4033 1983/4240/4057 1977/4216/4034
f 1977/4216/4034 1983/4240/4057 1978/4241/4058
f 1977/4216/4034 1978/4241/4058 1912/4217/4011
f 1912/4217/4011 1978/4241/4058 1913/4242/4035
f 1913/4218/4035 1914/4243/4059 1973/4219/4036
f 1973/4219/4036 1914/4243/4059 1974/4244/4060
f 1973/4219/4036 1974/4244/4060 1968/4220/4037
f 1968/4220/4037 1974/4244/4060 1969/4245/4061
f 1968/4220/4037 1969/4245/4061 1963/4221/4038
f 1963/4221/4038 1969/4245/4061 1964/4246/4062
f 1963/4221/4038 1964/4246/4062 1958/4222/4039
f 1958/4222/4039 1964/4246/4062 1959/4247/4063
f 1958/4222/4039 1959/4247/4063 1953/4223/4040
f 1953/4223/4040 1959/4247/4063 1954/4248/4064
f 1953/4223/4040 1954/4248/4064 1948/4224/4041
f 1948/4224/4041 1954/4248/4064 1949/4249/4065
f 1948/4224/4041 1949/4249/4065 1943/4225/4042
f 1943/4225/4042 1949/4249/4065 1944/4250/4066
f 1943/4225/4042 1944/4250/4066 1938/4226/4043
f 1938/4226/4043 1944/4250/4066 1939/4251/4067
f 1938/4226/4043 1939/4251/4067 1933/4227/4044
f 1933/4227/4044 1939/4251/4067 1934/4252/4068
f 1933/4227/4044 1934/4252/4068 1928/4228/4045
f 1928/4228/4045 1934/4252/4068 1929/4253/4069
f 1928/4228/4045 1929/4253/4069 1918/4229/4046
f 1918/4229/4046 1929/4253/4069 1919/4254/4070
f 1918/4229/4046 1919/4254/4070 1923/4230/4047
f 1923/4230/4047 1919/4254/4070 1922/4255/4071
f 1923/4230/4047 1922/4255/4071 2028/4231/4048
f 2028/4231/4048 1922/4255/4071 2029/4256/4072
f 2028/4231/4048 2029/4256/4072 2023/4232/4049
f 2023/4232/4049 2029/4256/4072 2024/4257/4073
f 2023/4232/4049 2024/4257/4073 2018/4233/4050
f 2018/4233/4050 2024/4257/4073 2019/4258/4074
f 2018/4233/4050 2019/4258/4074 2013/4234/4051
f 2013/4234/4051 2019/4258/4074 2014/4259/4075
f 2013/4234/4051 2014/4259/4075 2008/4235/4052
f 2008/4235/4052 2014/4259/4075 2009/4260/4076
f 2008/4235/4052 2009/4260/4076 2003/4236/4053
f 2003/4236/4053 2009/4260/4076 2004/4261/4077
f 2003/4236/4053 2004/4261/4077 1998/4237/4054
f 1998/4237/4054 2004/4261/4077 1999/4262/4078
f 1998/4237/4054 1999/4262/4078 1993/4238/4055
f 1993/4238/4055 1999/4262/4078 1994/4263/4079
f 1993/4238/4055 1994/4263/4079 1988/4239/4056
f 1988/4239/4056 1994/4263/4079 1989/4264/4080
f 1988/4239/4056 1989/4264/4080 1983/4240/4057
f 1983/4240/4057 1989/4264/4080 1984/4265/4081
f 1983/4240/4057 1984/4265/4081 1978/4241/4058
f 1978/4241/4058 1984/4265/4081 1979/4266/4082
f 1978/4241/4058 1979/4266/4082 1913/4242/4035
f 1913/4242/4035 1979/4266/4082 1914/4267/4059
f 1914/4243/4059 1915/4170/3990 1974/4244/4060
f 1974/4244/4060 1915/4170/3990 1975/4168/3988
f 1974/4244/4060 1975/4168/3988 1969/4245/4061
f 1969/4245/4061 1975/4168/3988 1970/4166/3986
f 1969/4245/4061 1970/4166/3986 1964/4246/4062
f 1964/4246/4062 1970/4166/3986 1965/4164/3984
f 1964/4246/4062 1965/4164/3984 1959/4247/4063
f 1959/4247/4063 1965/4164/3984 1960/4162/3982
f 1959/4247/4063 1960/4162/3982 1954/4248/4064
f 1954/4248/4064 1960/4162/3982 1955/4160/3980
f 1954/4248/4064 1955/4160/3980 1949/4249/4065
f 1949/4249/4065 1955/4160/3980 1950/4158/3978
f 1949/4249/4065 1950/4158/3978 1944/4250/4066
f 1944/4250/4066 1950/4158/3978 1945/4156/3976
f 1944/4250/4066 1945/4156/3976 1939/4251/4067
f 1939/4251/4067 1945/4156/3976 1940/4154/3974
f 1939/4251/4067 1940/4154/3974 1934/4252/4068
f 1934/4252/4068 1940/4154/3974 1935/4152/3972
f 1934/4252/4068 1935/4152/3972 1929/4253/4069
f 1929/4253/4069 1935/4152/3972 1930/4150/3970
f 1929/4253/4069 1930/4150/3970 1919/4254/4070
f 1919/4254/4070 1930/4150/3970 1920/4148/3968
f 1919/4254/4070 1920/4148/3968 1922/4255/4071
f 1922/4255/4071 1920/4148/3968 1921/4146/3966
f 1922/4255/4071 1921/4146/3966 2029/4256/4072
f 2029/4256/4072 1921/4146/3966 2030/4144/3964
f 2029/4256/4072 2030/4144/3964 2024/4257/4073
f 2024/4257/4073 2030/4144/3964 2025/4192/4010
f 2024/4257/4073 2025/4192/4010 2019/4258/4074
f 2019/4258/4074 2025/4192/4010 2020/4190/4008
f 2019/4258/4074 2020/4190/4008 2014/4259/4075
f 2014/4259/4075 2020/4190/4008 2015/4188/4006
f 2014/4259/4075 2015/4188/4006 2009/4260/4076
f 2009/4260/4076 2015/4188/4006 2010/4186/4004
f 2009/4260/4076 2010/4186/4004 2004/4261/4077
f 2004/4261/4077 2010/4186/4004 2005/4184/4002
f 2004/4261/4077 2005/4184/4002 1999/4262/4078
f 1999/4262/4078 2005/4184/4002 2000/4182/4000
f 1999/4262/4078 2000/4182/4000 1994/4263/4079
f 1994/4263/4079 2000/4182/4000 1995/4180/3998
f 1994/4263/4079 1995/4180/3998 1989/4264/4080
f 1989/4264/4080 1995/4180/3998 1990/4178/3996
f 1989/4264/4080 1990/4178/3996 1984/4265/4081
f 1984/4265/4081 1990/4178/3996 1985/4176/3994
f 1984/4265/4081 1985/4176/3994 1979/4266/4082
f 1979/4266/4082 1985/4176/3994 1980/4174/3992
f 1979/4266/4082 1980/4174/3992 1914/4267/4059
f 1914/4267/4059 1980/4174/3992 1915/4172/3990
f 2032/4268/4083 1876/4269/3939 2031/4270/4084
f 2031/4270/4084 1876/4269/3939 1875/4271/3941
f 2031/4270/4084 1875/4271/3941 2054/4272/4085
f 2054/4272/4085 1875/4271/3941 1874/4273/3943
f 2054/4272/4085 1874/4273/3943 2053/4274/4086
f 2053/4274/4086 1874/4273/3943 1873/4275/3945
f 2053/4274/4086 1873/4275/3945 2052/4276/4087
f 2052/4276/4087 1873/4275/3945 1872/4277/3947
f 2052/4276/4087 1872/4277/3947 2051/4278/4088
f 2051/4278/4088 1872/4277/3947 1871/4279/3949
f 2051/4278/4088 1871/4279/3949 2050/4280/4089
f 2050/4280/4089 1871/4279/3949 1870/4281/3951
f 2050/4280/4089 1870/4281/3951 2049/4282/4090
f 2049/4282/4090 1870/4281/3951 1869/4283/3953
f 2049/4282/4090 1869/4283/3953 2048/4284/4091
f 2048/4284/4091 1869/4283/3953 1868/4285/3955
f 2048/4284/4091 1868/4285/3955 2047/4286/4092
f 2047/4286/4092 1868/4285/3955 1867/4287/3957
f 2047/4286/4092 1867/4287/3957 2046/4288/4093
f 2046/4288/4093 1867/4287/3957 1866/4289/3959
f 2046/4288/4093 1866/4289/3959 2045/4290/4094
f 2045/4290/4094 1866/4289/3959 1865/4291/3961
f 2045/4290/4094 1865/4291/3961 2044/4292/4095
f 2044/4292/4095 1865/4291/3961 1864/4293/3915
f 2044/4292/4095 1864/4293/3915 2043/4294/4096
f 2043/4294/4096 1864/4293/3915 1863/4295/3917
f 2043/4296/4096 1863/4297/3917 2042/4298/4097
f 2042/4298/4097 1863/4297/3917 1886/4299/3919
f 2042/4298/4097 1886/4299/3919 2041/4300/4098
f 2041/4300/4098 1886/4299/3919 1885/4301/3921
f 2041/4300/4098 1885/4301/3921 2040/4302/4099
f 2040/4302/4099 1885/4301/3921 1884/4303/3923
f 2040/4302/4099 1884/4303/3923 2039/4304/4100
f 2039/4304/4100 1884/4303/3923 1883/4305/3925
f 2039/4304/4100 1883/4305/3925 2038/4306/4101
f 2038/4306/4101 1883/4305/3925 1882/4307/3927
f 2038/4306/4101 1882/4307/3927 2037/4308/4102
f 2037/4308/4102 1882/4307/3927 1881/4309/3929
f 2037/4308/4102 1881/4309/3929 2036/4310/4103
f 2036/4310/4103 1881/4309/3929 1880/4311/3931
f 2036/4310/4103 1880/4311/3931 2035/4312/4104
f 2035/4312/4104 1880/4311/3931 1879/4313/3933
f 2035/4312/4104 1879/4313/3933 2034/4314/4105
f 2034/4314/4105 1879/4313/3933 1878/4315/3935
f 2034/4314/4105 1878/4315/3935 2033/4316/4106
f 2033/4316/4106 1878/4315/3935 1877/4317/3937
f 2033/4316/4106 1877/4317/3937 2032/4268/4083
f 2032/4268/4083 1877/4317/3937 1876/4269/3939
f 1910/4318/3967 1900/4319/3987 1887/4320/3965
f 1887/4320/3965 1900/4319/3987 1899/4321/3989
f 1887/4320/3965 1899/4321/3989 1888/4322/3963
f 1888/4322/3963 1899/4321/3989 1898/4323/3991
f 1888/4322/3963 1898/4323/3991 1889/4324/4009
f 1889/4324/4009 1898/4323/3991 1897/4325/3993
f 1889/4324/4009 1897/4325/3993 1890/4326/4007
f 1890/4326/4007 1897/4325/3993 1896/4327/3995
f 1890/4326/4007 1896/4327/3995 1891/4328/4005
f 1891/4328/4005 1896/4327/3995 1895/4329/3997
f 1891/4328/4005 1895/4329/3997 1892/4330/4003
f 1892/4330/4003 1895/4329/3997 1894/4331/3999
f 1892/4330/4003 1894/4331/3999 1893/4332/4001
f 1900/4319/3987 1910/4318/3967 1901/4333/3985
f 1901/4333/3985 1910/4318/3967 1909/4334/3969
f 1901/4333/3985 1909/4334/3969 1902/4335/3983
f 1902/4335/3983 1909/4334/3969 1908/4336/3971
f 1902/4335/3983 1908/4336/3971 1903/4337/3981
f 1903/4337/3981 1908/4336/3971 1907/4338/3973
f 1903/4337/3981 1907/4338/3973 1904/4339/3979
f 1904/4339/3979 1907/4338/3973 1906/4340/3975
f 1904/4339/3979 1906/4340/3975 1905/4341/3977
f 2056/4342/4107 2083/4343/4108 2055/4344/4109
f 2055/4344/4109 2083/4343/4108 2079/4345/4110
f 2055/4346/4109 2079/4347/4110 2078/4348/4111
f 2078/4348/4111 2079/4347/4110 2171/4349/4112
f 2078/4348/4111 2171/4349/4112 2077/4350/4113
f 2077/4350/4113 2171/4349/4112 2167/4351/4114
f 2077/4350/4113 2167/4351/4114 2076/4352/4115
f 2076/4352/4115 2167/4351/4114 2163/4353/4116
f 2076/4352/4115 2163/4353/4116 2075/4354/4117
f 2075/4354/4117 2163/4353/4116 2159/4355/4118
f 2075/4354/4117 2159/4355/4118 2074/4356/4119
f 2074/4356/4119 2159/4355/4118 2155/4357/4120
f 2074/4356/4119 2155/4357/4120 2073/4358/4121
f 2073/4358/4121 2155/4357/4120 2151/4359/4122
f 2073/4358/4121 2151/4359/4122 2072/4360/4123
f 2072/4360/4123 2151/4359/4122 2147/4361/4124
f 2072/4360/4123 2147/4361/4124 2071/4362/4125
f 2071/4362/4125 2147/4361/4124 2143/4363/4126
f 2071/4362/4125 2143/4363/4126 2070/4364/4127
f 2070/4364/4127 2143/4363/4126 2139/4365/4128
f 2070/4364/4127 2139/4365/4128 2069/4366/4129
f 2069/4366/4129 2139/4365/4128 2135/4367/4130
f 2069/4366/4129 2135/4367/4130 2068/4368/4131
f 2068/4368/4131 2135/4367/4130 2131/4369/4132
f 2068/4368/4131 2131/4369/4132 2067/4370/4133
f 2067/4370/4133 2131/4369/4132 2127/4371/4134
f 2067/4370/4133 2127/4371/4134 2066/4372/4135
f 2066/4372/4135 2127/4371/4134 2123/4373/4136
f 2066/4372/4135 2123/4373/4136 2065/4374/4137
f 2065/4374/4137 2123/4373/4136 2119/4375/4138
f 2065/4374/4137 2119/4375/4138 2064/4376/4139
f 2064/4376/4139 2119/4375/4138 2115/4377/4140
f 2064/4376/4139 2115/4377/4140 2063/4378/4141
f 2063/4378/4141 2115/4377/4140 2111/4379/4142
f 2063/4378/4141 2111/4379/4142 2062/4380/4143
f 2062/4380/4143 2111/4379/4142 2107/4381/4144
f 2062/4380/4143 2107/4381/4144 2061/4382/4145
f 2061/4382/4145 2107/4381/4144 2103/4383/4146
f 2061/4382/4145 2103/4383/4146 2060/4384/4147
f 2060/4384/4147 2103/4383/4146 2099/4385/4148
f 2060/4384/4147 2099/4385/4148 2059/4386/4149
f 2059/4386/4149 2099/4385/4148 2095/4387/4150
f 2059/4386/4149 2095/4387/4150 2058/4388/4151
f 2058/4388/4151 2095/4387/4150 2091/4389/4152
f 2058/4388/4151 2091/4389/4152 2057/4390/4153
f 2057/4390/4153 2091/4389/4152 2087/4391/4154
f 2057/4390/4153 2087/4391/4154 2056/4342/4107
f 2056/4342/4107 2087/4391/4154 2083/4343/4108
f 2054/4392/4085 2174/4393/4155 2031/4394/4084
f 2031/4394/4084 2174/4393/4155 2082/4395/4156
f 2031/4396/4084 2082/4397/4156 2032/4398/4083
f 2032/4398/4083 2082/4397/4156 2086/4399/4157
f 2032/4398/4083 2086/4399/4157 2033/4400/4106
f 2033/4400/4106 2086/4399/4157 2090/4401/4158
f 2033/4400/4106 2090/4401/4158 2034/4402/4105
f 2034/4402/4105 2090/4401/4158 2094/4403/4159
f 2034/4402/4105 2094/4403/4159 2035/4404/4104
f 2035/4404/4104 2094/4403/4159 2098/4405/4160
f 2035/4404/4104 2098/4405/4160 2036/4406/4103
f 2036/4406/4103 2098/4405/4160 2102/4407/4161
f 2036/4406/4103 2102/4407/4161 2037/4408/4102
f 2037/4408/4102 2102/4407/4161 2106/4409/4162
f 2037/4408/4102 2106/4409/4162 2038/4410/4101
f 2038/4410/4101 2106/4409/4162 2110/4411/4163
f 2038/4410/4101 2110/4411/4163 2039/4412/4100
f 2039/4412/4100 2110/4411/4163 2114/4413/4164
f 2039/4412/4100 2114/4413/4164 2040/4414/4099
f 2040/4414/4099 2114/4413/4164 2118/4415/4165
f 2040/4414/4099 2118/4415/4165 2041/4416/4098
f 2041/4416/4098 2118/4415/4165 2122/4417/4166
f 2041/4416/4098 2122/4417/4166 2042/4418/4097
f 2042/4418/4097 2122/4417/4166 2126/4419/4167
f 2042/4418/4097 2126/4419/4167 2043/4420/4096
f 2043/4420/4096 2126/4419/4167 2130/4421/4168
f 2043/4420/4096 2130/4421/4168 2044/4422/4095
f 2044/4422/4095 2130/4421/4168 2134/4423/4169
f 2044/4422/4095 2134/4423/4169 2045/4424/4094
f 2045/4424/4094 2134/4423/4169 2138/4425/4170
f 2045/4424/4094 2138/4425/4170 2046/4426/4093
f 2046/4426/4093 2138/4425/4170 2142/4427/4171
f 2046/4426/4093 2142/4427/4171 2047/4428/4092
f 2047/4428/4092 2142/4427/4171 2146/4429/4172
f 2047/4428/4092 2146/4429/4172 2048/4430/4091
f 2048/4430/4091 2146/4429/4172 2150/4431/4173
f 2048/4430/4091 2150/4431/4173 2049/4432/4090
f 2049/4432/4090 2150/4431/4173 2154/4433/4174
f 2049/4432/4090 2154/4433/4174 2050/4434/4089
f 2050/4434/4089 2154/4433/4174 2158/4435/4175
f 2050/4434/4089 2158/4435/4175 2051/4436/4088
f 2051/4436/4088 2158/4435/4175 2162/4437/4176
f 2051/4436/4088 2162/4437/4176 2052/4438/4087
f 2052/4438/4087 2162/4437/4176 2166/4439/4177
f 2052/4438/4087 2166/4439/4177 2053/4440/4086
f 2053/4440/4086 2166/4439/4177 2170/4441/4178
f 2053/4440/4086 2170/4441/4178 2054/4392/4085
f 2054/4392/4085 2170/4441/4178 2174/4393/4155
f 2079/4347/4110 2080/4442/4179 2171/4349/4112
f 2171/4349/4112 2080/4442/4179 2172/4443/4180
f 2171/4349/4112 2172/4443/4180 2167/4351/4114
f 2167/4351/4114 2172/4443/4180 2168/4444/4181
f 2167/4351/4114 2168/4444/4181 2163/4353/4116
f 2163/4353/4116 2168/4444/4181 2164/4445/4182
f 2163/4353/4116 2164/4445/4182 2159/4355/4118
f 2159/4355/4118 2164/4445/4182 2160/4446/4183
f 2159/4355/4118 2160/4446/4183 2155/4357/4120
f 2155/4357/4120 2160/4446/4183 2156/4447/4184
f 2155/4357/4120 2156/4447/4184 2151/4359/4122
f 2151/4359/4122 2156/4447/4184 2152/4448/4185
f 2151/4359/4122 2152/4448/4185 2147/4361/4124
f 2147/4361/4124 2152/4448/4185 2148/4449/4186
f 2147/4361/4124 2148/4449/4186 2143/4363/4126
f 2143/4363/4126 2148/4449/4186 2144/4450/4187
f 2143/4363/4126 2144/4450/4187 2139/4365/4128
f 2139/4365/4128 2144/4450/4187 2140/4451/4188
f 2139/4365/4128 2140/4451/4188 2135/4367/4130
f 2135/4367/4130 2140/4451/4188 2136/4452/4189
f 2135/4367/4130 2136/4452/4189 2131/4369/4132
f 2131/4369/4132 2136/4452/4189 2132/4453/4190
f 2131/4369/4132 2132/4453/4190 2127/4371/4134
f 2127/4371/4134 2132/4453/4190 2128/4454/4191
f 2127/4371/4134 2128/4454/4191 2123/4373/4136
f 2123/4373/4136 2128/4454/4191 2124/4455/4192
f 2123/4373/4136 2124/4455/4192 2119/4375/4138
f 2119/4375/4138 2124/4455/4192 2120/4456/4193
f 2119/4375/4138 2120/4456/4193 2115/4377/4140
f 2115/4377/4140 2120/4456/4193 2116/4457/4194
f 2115/4377/4140 2116/4457/4194 2111/4379/4142
f 2111/4379/4142 2116/4457/4194 2112/4458/4195
f 2111/4379/4142 2112/4458/4195 2107/4381/4144
f 2107/4381/4144 2112/4458/4195 2108/4459/4196
f 2107/4381/4144 2108/4459/4196 2103/4383/4146
f 2103/4383/4146 2108/4459/4196 2104/4460/4197
f 2103/4383/4146 2104/4460/4197 2099/4385/4148
f 2099/4385/4148 2104/4460/4197 2100/4461/4198
f 2099/4385/4148 2100/4461/4198 2095/4387/4150
f 2095/4387/4150 2100/4461/4198 2096/4462/4199
f 2095/4387/4150 2096/4462/4199 2091/4389/4152
f 2091/4389/4152 2096/4462/4199 2092/4463/4200
f 2091/4389/4152 2092/4463/4200 2087/4391/4154
f 2087/4391/4154 2092/4463/4200 2088/4464/4201
f 2087/4391/4154 2088/4464/4201 2083/4343/4108
f 2083/4343/4108 2088/4464/4201 2084/4465/4202
f 2083/4343/4108 2084/4465/4202 2079/4345/4110
f 2079/4345/4110 2084/4465/4202 2080/4466/4179
f 2080/4442/4179 2081/4467/4203 2172/4443/4180
f 2172/4443/4180 2081/4467/4203 2173/4468/4204
f 2172/4443/4180 2173/4468/4204 2168/4444/4181
f 2168/4444/4181 2173/4468/4204 2169/4469/4205
f 2168/4444/4181 2169/4469/4205 2164/4445/4182
f 2164/4445/4182 2169/4469/4205 2165/4470/4206
f 2164/4445/4182 2165/4470/4206 2160/4446/4183
f 2160/4446/4183 2165/4470/4206 2161/4471/4207
f 2160/4446/4183 2161/4471/4207 2156/4447/4184
f 2156/4447/4184 2161/4471/4207 2157/4472/4208
f 2156/4447/4184 2157/4472/4208 2152/4448/4185
f 2152/4448/4185 2157/4472/4208 2153/4473/4209
f 2152/4448/4185 2153/4473/4209 2148/4449/4186
f 2148/4449/4186 2153/4473/4209 2149/4474/4210
f 2148/4449/4186 2149/4474/4210 2144/4450/4187
f 2144/4450/4187 2149/4474/4210 2145/4475/4211
f 2144/4450/4187 2145/4475/4211 2140/4451/4188
f 2140/4451/4188 2145/4475/4211 2141/4476/4212
f 2140/4451/4188 2141/4476/4212 2136/4452/4189
f 2136/4452/4189 2141/4476/4212 2137/4477/4213
f 2136/4452/4189 2137/4477/4213 2132/4453/4190
f 2132/4453/4190 2137/4477/4213 2133/4478/4214
f 2132/4453/4190 2133/4478/4214 2128/4454/4191
f 2128/4454/4191 2133/4478/4214 2129/4479/4215
f 2128/4454/4191 2129/4479/4215 2124/4455/4192
f 2124/4455/4192 2129/4479/4215 2125/4480/4216
f 2124/4455/4192 2125/4480/4216 2120/4456/4193
f 2120/4456/4193 2125/4480/4216 2121/4481/4217
f 2120/4456/4193 2121/4481/4217 2116/4457/4194
f 2116/4457/4194 2121/4481/4217 2117/4482/4218
f 2116/4457/4194 2117/4482/4218 2112/4458/4195
f 2112/4458/4195 2117/4482/4218 2113/4483/4219
f 2112/4458/4195 2113/4483/4219 2108/4459/4196
f 2108/4459/4196 2113/4483/4219 2109/4484/4220
f 2108/4459/4196 2109/4484/4220 2104/4460/4197
f 2104/4460/4197 2109/4484/4220 2105/4485/4221
f 2104/4460/4197 2105/4485/4221 2100/4461/4198
f 2100/4461/4198 2105/4485/4221 2101/4486/4222
f 2100/4461/4198 2101/4486/4222 2096/4462/4199
f 2096/4462/4199 2101/4486/4222 2097/4487/4223
f 2096/4462/4199 2097/4487/4223 2092/4463/4200
f 2092/4463/4200 2097/4487/4223 2093/4488/4224
f 2092/4463/4200 2093/4488/4224 2088/4464/4201
f 2088/4464/4201 2093/4488/4224 2089/4489/4225
f 2088/4464/4201 2089/4489/4225 2084/4465/4202
f 2084/4465/4202 2089/4489/4225 2085/4490/4226
f 2084/4465/4202 2085/4490/4226 2080/4466/4179
f 2080/4466/4179 2085/4490/4226 2081/4491/4203
f 2081/4467/4203 2082/4395/4156 2173/4468/4204
f 2173/4468/4204 2082/4395/4156 2174/4393/4155
f 2173/4468/4204 2174/4393/4155 2169/4469/4205
f 2169/4469/4205 2174/4393/4155 2170/4441/4178
f 2169/4469/4205 2170/4441/4178 2165/4470/4206
f 2165/4470/4206 2170/4441/4178 2166/4439/4177
f 2165/4470/4206 2166/4439/4177 2161/4471/4207
f 2161/4471/4207 2166/4439/4177 2162/4437/4176
f 2161/4471/4207 2162/4437/4176 2157/4472/4208
f 2157/4472/4208 2162/4437/4176 2158/4435/4175
f 2157/4472/4208 2158/4435/4175 2153/4473/4209
f 2153/4473/4209 2158/4435/4175 2154/4433/4174
f 2153/4473/4209 2154/4433/4174 2149/4474/4210
f 2149/4474/4210 2154/4433/4174 2150/4431/4173
f 2149/4474/4210 2150/4431/4173 2145/4475/4211
f 2145/4475/4211 2150/4431/4173 2146/4429/4172
f 2145/4475/4211 2146/4429/4172 2141/4476/4212
f 2141/4476/4212 2146/4429/4172 2142/4427/4171
f 2141/4476/4212 2142/4427/4171 2137/4477/4213
f 2137/4477/4213 2142/4427/4171 2138/4425/4170
f 2137/4477/4213 2138/4425/4170 2133/4478/4214
f 2133/4478/4214 2138/4425/4170 2134/4423/4169
f 2133/4478/4214 2134/4423/4169 2129/4479/4215
f 2129/4479/4215 2134/4423/4169 2130/4421/4168
f 2129/4479/4215 2130/4421/4168 2125/4480/4216
f 2125/4480/4216 2130/4421/4168 2126/4419/4167
f 2125/4480/4216 2126/4419/4167 2121/4481/4217
f 2121/4481/4217 2126/4419/4167 2122/4417/4166
f 2121/4481/4217 2122/4417/4166 2117/4482/4218
f 2117/4482/4218 2122/4417/4166 2118/4415/4165
f 2117/4482/4218 2118/4415/4165 2113/4483/4219
f 2113/4483/4219 2118/4415/4165 2114/4413/4164
f 2113/4483/4219 2114/4413/4164 2109/4484/4220
f 2109/4484/4220 2114/4413/4164 2110/4411/4163
f 2109/4484/4220 2110/4411/4163 2105/4485/4221
f 2105/4485/4221 2110/4411/4163 2106/4409/4162
f 2105/4485/4221 2106/4409/4162 2101/4486/4222
f 2101/4486/4222 2106/4409/4162 2102/4407/4161
f 2101/4486/4222 2102/4407/4161 2097/4487/4223
f 2097/4487/4223 2102/4407/4161 2098/4405/4160
f 2097/4487/4223 2098/4405/4160 2093/4488/4224
f 2093/4488/4224 2098/4405/4160 2094/4403/4159
f 2093/4488/4224 2094/4403/4159 2089/4489/4225
f 2089/4489/4225 2094/4403/4159 2090/4401/4158
f 2089/4489/4225 2090/4401/4158 2085/4490/4226
f 2085/4490/4226 2090/4401/4158 2086/4399/4157
f 2085/4490/4226 2086/4399/4157 2081/4491/4203
f 2081/4491/4203 2086/4399/4157 2082/4397/4156
f 2176/4492/4227 2228/4493/4228 2175/4494/4229
f 2175/4494/4229 2228/4493/4228 2237/4495/4230
f 2175/4494/4229 2237/4495/4230 2198/4496/4231
f 2198/4496/4231 2237/4495/4230 2338/4497/4232
f 2198/4496/4231 2338/4497/4232 2197/4498/4233
f 2197/4498/4233 2338/4497/4232 2333/4499/4234
f 2197/4498/4233 2333/4499/4234 2196/4500/4235
f 2196/4500/4235 2333/4499/4234 2328/4501/4236
f 2196/4500/4235 2328/4501/4236 2195/4502/4237
f 2195/4502/4237 2328/4501/4236 2323/4503/4238
f 2195/4502/4237 2323/4503/4238 2194/4504/4239
f 2194/4504/4239 2323/4503/4238 2318/4505/4240
f 2194/4504/4239 2318/4505/4240 2193/4506/4241
f 2193/4506/4241 2318/4505/4240 2313/4507/4242
f 2193/4506/4241 2313/4507/4242 2192/4508/4243
f 2192/4508/4243 2313/4507/4242 2308/4509/4244
f 2192/4508/4243 2308/4509/4244 2191/4510/4245
f 2191/4510/4245 2308/4509/4244 2303/4511/4246
f 2191/4510/4245 2303/4511/4246 2190/4512/4247
f 2190/4512/4247 2303/4511/4246 2298/4513/4248
f 2190/4512/4247 2298/4513/4248 2189/4514/4249
f 2189/4514/4249 2298/4513/4248 2293/4515/4250
f 2189/4514/4249 2293/4515/4250 2188/4516/4251
f 2188/4516/4251 2293/4515/4250 2288/4517/4252
f 2188/4516/4251 2288/4517/4252 2187/4518/4253
f 2187/4518/4253 2288/4517/4252 2223/4519/4254
f 2187/4520/4253 2223/4521/4254 2186/4522/4255
f 2186/4522/4255 2223/4521/4254 2283/4523/4256
f 2186/4522/4255 2283/4523/4256 2185/4524/4257
f 2185/4524/4257 2283/4523/4256 2278/4525/4258
f 2185/4524/4257 2278/4525/4258 2184/4526/4259
f 2184/4526/4259 2278/4525/4258 2273/4527/4260
f 2184/4526/4259 2273/4527/4260 2183/4528/4261
f 2183/4528/4261 2273/4527/4260 2268/4529/4262
f 2183/4528/4261 2268/4529/4262 2182/4530/4263
f 2182/4530/4263 2268/4529/4262 2263/4531/4264
f 2182/4530/4263 2263/4531/4264 2181/4532/4265
f 2181/4532/4265 2263/4531/4264 2258/4533/4266
f 2181/4532/4265 2258/4533/4266 2180/4534/4267
f 2180/4534/4267 2258/4533/4266 2253/4535/4268
f 2180/4534/4267 2253/4535/4268 2179/4536/4269
f 2179/4536/4269 2253/4535/4268 2248/4537/4270
f 2179/4536/4269 2248/4537/4270 2178/4538/4271
f 2178/4538/4271 2248/4537/4270 2243/4539/4272
f 2178/4538/4271 2243/4539/4272 2177/4540/4273
f 2177/4540/4273 2243/4539/4272 2238/4541/4274
f 2177/4540/4273 2238/4541/4274 2176/4492/4227
f 2176/4492/4227 2238/4541/4274 2228/4493/4228
f 2200/4542/4275 2342/4543/4276 2199/4544/4277
f 2199/4544/4277 2342/4543/4276 2233/4545/4278
f 2199/4544/4277 2233/4545/4278 2222/4546/4279
f 2222/4546/4279 2233/4545/4278 2232/4547/4280
f 2222/4546/4279 2232/4547/4280 2221/4548/4281
f 2221/4548/4281 2232/4547/4280 2242/4549/4282
f 2221/4548/4281 2242/4549/4282 2220/4550/4283
f 2220/4550/4283 2242/4549/4282 2247/4551/4284
f 2220/4550/4283 2247/4551/4284 2219/4552/4285
f 2219/4552/4285 2247/4551/4284 2252/4553/4286
f 2219/4552/4285 2252/4553/4286 2218/4554/4287
f 2218/4554/4287 2252/4553/4286 2257/4555/4288
f 2218/4554/4287 2257/4555/4288 2217/4556/4289
f 2217/4556/4289 2257/4555/4288 2262/4557/4290
f 2217/4556/4289 2262/4557/4290 2216/4558/4291
f 2216/4558/4291 2262/4557/4290 2267/4559/4292
f 2216/4558/4291 2267/4559/4292 2215/4560/4293
f 2215/4560/4293 2267/4559/4292 2272/4561/4294
f 2215/4560/4293 2272/4561/4294 2214/4562/4295
f 2214/4562/4295 2272/4561/4294 2277/4563/4296
f 2214/4562/4295 2277/4563/4296 2213/4564/4297
f 2213/4564/4297 2277/4563/4296 2282/4565/4298
f 2213/4564/4297 2282/4565/4298 2212/4566/4299
f 2212/4566/4299 2282/4565/4298 2287/4567/4300
f 2212/4566/4299 2287/4567/4300 2211/4568/4301
f 2211/4568/4301 2287/4567/4300 2227/4569/4302
f 2211/4570/4301 2227/4571/4302 2210/4572/4303
f 2210/4572/4303 2227/4571/4302 2292/4573/4304
f 2210/4572/4303 2292/4573/4304 2209/4574/4305
f 2209/4574/4305 2292/4573/4304 2297/4575/4306
f 2209/4574/4305 2297/4575/4306 2208/4576/4307
f 2208/4576/4307 2297/4575/4306 2302/4577/4308
f 2208/4576/4307 2302/4577/4308 2207/4578/4309
f 2207/4578/4309 2302/4577/4308 2307/4579/4310
f 2207/4578/4309 2307/4579/4310 2206/4580/4311
f 2206/4580/4311 2307/4579/4310 2312/4581/4312
f 2206/4580/4311 2312/4581/4312 2205/4582/4313
f 2205/4582/4313 2312/4581/4312 2317/4583/4314
f 2205/4582/4313 2317/4583/4314 2204/4584/4315
f 2204/4584/4315 2317/4583/4314 2322/4585/4316
f 2204/4584/4315 2322/4585/4316 2203/4586/4317
f 2203/4586/4317 2322/4585/4316 2327/4587/4318
f 2203/4586/4317 2327/4587/4318 2202/4588/4319
f 2202/4588/4319 2327/4587/4318 2332/4589/4320
f 2202/4588/4319 2332/4589/4320 2201/4590/4321
f 2201/4590/4321 2332/4589/4320 2337/4591/4322
f 2201/4590/4321 2337/4591/4322 2200/4542/4275
f 2200/4542/4275 2337/4591/4322 2342/4543/4276
f 2223/4521/4254 2224/4592/4323 2283/4523/4256
f 2283/4523/4256 2224/4592/4323 2284/4593/4324
f 2283/4523/4256 2284/4593/4324 2278/4525/4258
f 2278/4525/4258 2284/4593/4324 2279/4594/4325
f 2278/4525/4258 2279/4594/4325 2273/4527/4260
f 2273/4527/4260 2279/4594/4325 2274/4595/4326
f 2273/4527/4260 2274/4595/4326 2268/4529/4262
f 2268/4529/4262 2274/4595/4326 2269/4596/4327
f 2268/4529/4262 2269/4596/4327 2263/4531/4264
f 2263/4531/4264 2269/4596/4327 2264/4597/4328
f 2263/4531/4264 2264/4597/4328 2258/4533/4266
f 2258/4533/4266 2264/4597/4328 2259/4598/4329
f 2258/4533/4266 2259/4598/4329 2253/4535/4268
f 2253/4535/4268 2259/4598/4329 2254/4599/4330
f 2253/4535/4268 2254/4599/4330 2248/4537/4270
f 2248/4537/4270 2254/4599/4330 2249/4600/4331
f 2248/4537/4270 2249/4600/4331 2243/4539/4272
f 2243/4539/4272 2249/4600/4331 2244/4601/4332
f 2243/4539/4272 2244/4601/4332 2238/4541/4274
f 2238/4541/4274 2244/4601/4332 2239/4602/4333
f 2238/4541/4274 2239/4602/4333 2228/4493/4228
f 2228/4493/4228 2239/4602/4333 2229/4603/4334
f 2228/4493/4228 2229/4603/4334 2237/4495/4230
f 2237/4495/4230 2229/4603/4334 2236/4604/4335
f 2237/4495/4230 2236/4604/4335 2338/4497/4232
f 2338/4497/4232 2236/4604/4335 2339/4605/4336
f 2338/4497/4232 2339/4605/4336 2333/4499/4234
f 2333/4499/4234 2339/4605/4336 2334/4606/4337
f 2333/4499/4234 2334/4606/4337 2328/4501/4236
f 2328/4501/4236 2334/4606/4337 2329/4607/4338
f 2328/4501/4236 2329/4607/4338 2323/4503/4238
f 2323/4503/4238 2329/4607/4338 2324/4608/4339
f 2323/4503/4238 2324/4608/4339 2318/4505/4240
f 2318/4505/4240 2324/4608/4339 2319/4609/4340
f 2318/4505/4240 2319/4609/4340 2313/4507/4242
f 2313/4507/4242 2319/4609/4340 2314/4610/4341
f 2313/4507/4242 2314/4610/4341 2308/4509/4244
f 2308/4509/4244 2314/4610/4341 2309/4611/4342
f 2308/4509/4244 2309/4611/4342 2303/4511/4246
f 2303/4511/4246 2309/4611/4342 2304/4612/4343
f 2303/4511/4246 2304/4612/4343 2298/4513/4248
f 2298/4513/4248 2304/4612/4343 2299/4613/4344
f 2298/4513/4248 2299/4613/4344 2293/4515/4250
f 2293/4515/4250 2299/4613/4344 2294/4614/4345
f 2293/4515/4250 2294/4614/4345 2288/4517/4252
f 2288/4517/4252 2294/4614/4345 2289/4615/4346
f 2288/4517/4252 2289/4615/4346 2223/4519/4254
f 2223/4519/4254 2289/4615/4346 2224/4616/4323
f 2224/4592/4323 2225/4617/4347 2284/4593/4324
f 2284/4593/4324 2225/4617/4347 2285/4618/4348
f 2284/4593/4324 2285/4618/4348 2279/4594/4325
f 2279/4594/4325 2285/4618/4348 2280/4619/4349
f 2279/4594/4325 2280/4619/4349 2274/4595/4326
f 2274/4595/4326 2280/4619/4349 2275/4620/4350
f 2274/4595/4326 2275/4620/4350 2269/4596/4327
f 2269/4596/4327 2275/4620/4350 2270/4621/4351
f 2269/4596/4327 2270/4621/4351 2264/4597/4328
f 2264/4597/4328 2270/4621/4351 2265/4622/4352
f 2264/4597/4328 2265/4622/4352 2259/4598/4329
f 2259/4598/4329 2265/4622/4352 2260/4623/4353
f 2259/4598/4329 2260/4623/4353 2254/4599/4330
f 2254/4599/4330 2260/4623/4353 2255/4624/4354
f 2254/4599/4330 2255/4624/4354 2249/4600/4331
f 2249/4600/4331 2255/4624/4354 2250/4625/4355
f 2249/4600/4331 2250/4625/4355 2244/4601/4332
f 2244/4601/4332 2250/4625/4355 2245/4626/4356
f 2244/4601/4332 2245/4626/4356 2239/4602/4333
f 2239/4602/4333 2245/4626/4356 2240/4627/4357
f 2239/4602/4333 2240/4627/4357 2229/4603/4334
f 2229/4603/4334 2240/4627/4357 2230/4628/4358
f 2229/4603/4334 2230/4628/4358 2236/4604/4335
f 2236/4604/4335 2230/4628/4358 2235/4629/4359
f 2236/4604/4335 2235/4629/4359 2339/4605/4336
f 2339/4605/4336 2235/4629/4359 2340/4630/4360
f 2339/4605/4336 2340/4630/4360 2334/4606/4337
f 2334/4606/4337 2340/4630/4360 2335/4631/4361
f 2334/4606/4337 2335/4631/4361 2329/4607/4338
f 2329/4607/4338 2335/4631/4361 2330/4632/4362
f 2329/4607/4338 2330/4632/4362 2324/4608/4339
f 2324/4608/4339 2330/4632/4362 2325/4633/4363
f 2324/4608/4339 2325/4633/4363 2319/4609/4340
f 2319/4609/4340 2325/4633/4363 2320/4634/4364
f 2319/4609/4340 2320/4634/4364 2314/4610/4341
f 2314/4610/4341 2320/4634/4364 2315/4635/4365
f 2314/4610/4341 2315/4635/4365 2309/4611/4342
f 2309/4611/4342 2315/4635/4365 2310/4636/4366
f 2309/4611/4342 2310/4636/4366 2304/4612/4343
f 2304/4612/4343 2310/4636/4366 2305/4637/4367
f 2304/4612/4343 2305/4637/4367 2299/4613/4344
f 2299/4613/4344 2305/4637/4367 2300/4638/4368
f 2299/4613/4344 2300/4638/4368 2294/4614/4345
f 2294/4614/4345 2300/4638/4368 2295/4639/4369
f 2294/4614/4345 2295/4639/4369 2289/4615/4346
f 2289/4615/4346 2295/4639/4369 2290/4640/4370
f 2289/4615/4346 2290/4640/4370 2224/4616/4323
f 2224/4616/4323 2290/4640/4370 2225/4641/4347
f 2225/4617/4347 2226/4642/4371 2285/4618/4348
f 2285/4618/4348 2226/4642/4371 2286/4643/4372
f 2285/4618/4348 2286/4643/4372 2280/4619/4349
f 2280/4619/4349 2286/4643/4372 2281/4644/4373
f 2280/4619/4349 2281/4644/4373 2275/4620/4350
f 2275/4620/4350 2281/4644/4373 2276/4645/4374
f 2275/4620/4350 2276/4645/4374 2270/4621/4351
f 2270/4621/4351 2276/4645/4374 2271/4646/4375
f 2270/4621/4351 2271/4646/4375 2265/4622/4352
f 2265/4622/4352 2271/4646/4375 2266/4647/4376
f 2265/4622/4352 2266/4647/4376 2260/4623/4353
f 2260/4623/4353 2266/4647/4376 2261/4648/4377
f 2260/4623/4353 2261/4648/4377 2255/4624/4354
f 2255/4624/4354 2261/4648/4377 2256/4649/4378
f 2255/4624/4354 2256/4649/4378 2250/4625/4355
f 2250/4625/4355 2256/4649/4378 2251/4650/4379
f 2250/4625/4355 2251/4650/4379 2245/4626/4356
f 2245/4626/4356 2251/4650/4379 2246/4651/4380
f 2245/4626/4356 2246/4651/4380 2240/4627/4357
f 2240/4627/4357 2246/4651/4380 2241/4652/4381
f 2240/4627/4357 2241/4652/4381 2230/4628/4358
f 2230/4628/4358 2241/4652/4381 2231/4653/4382
f 2230/4628/4358 2231/4653/4382 2235/4629/4359
f 2235/4629/4359 2231/4653/4382 2234/4654/4383
f 2235/4629/4359 2234/4654/4383 2340/4630/4360
f 2340/4630/4360 2234/4654/4383 2341/4655/4384
f 2340/4630/4360 2341/4655/4384 2335/4631/4361
f 2335/4631/4361 2341/4655/4384 2336/4656/4385
f 2335/4631/4361 2336/4656/4385 2330/4632/4362
f 2330/4632/4362 2336/4656/4385 2331/4657/4386
f 2330/4632/4362 2331/4657/4386 2325/4633/4363
f 2325/4633/4363 2331/4657/4386 2326/4658/4387
f 2325/4633/4363 2326/4658/4387 2320/4634/4364
f 2320/4634/4364 2326/4658/4387 2321/4659/4388
f 2320/4634/4364 2321/4659/4388 2315/4635/4365
f 2315/4635/4365 2321/4659/4388 2316/4660/4389
f 2315/4635/4365 2316/4660/4389 2310/4636/4366
f 2310/4636/4366 2316/4660/4389 2311/4661/4390
f 2310/4636/4366 2311/4661/4390 2305/4637/4367
f 2305/4637/4367 2311/4661/4390 2306/4662/4391
f 2305/4637/4367 2306/4662/4391 2300/4638/4368
f 2300/4638/4368 2306/4662/4391 2301/4663/4392
f 2300/4638/4368 2301/4663/4392 2295/4639/4369
f 2295/4639/4369 2301/4663/4392 2296/4664/4393
f 2295/4639/4369 2296/4664/4393 2290/4640/4370
f 2290/4640/4370 2296/4664/4393 2291/4665/4394
f 2290/4640/4370 2291/4665/4394 2225/4641/4347
f 2225/4641/4347 2291/4665/4394 2226/4666/4371
f 2226/4642/4371 2227/4569/4302 2286/4643/4372
f 2286/4643/4372 2227/4569/4302 2287/4567/4300
f 2286/4643/4372 2287/4567/4300 2281/4644/4373
f 2281/4644/4373 2287/4567/4300 2282/4565/4298
f 2281/4644/4373 2282/4565/4298 2276/4645/4374
f 2276/4645/4374 2282/4565/4298 2277/4563/4296
f 2276/4645/4374 2277/4563/4296 2271/4646/4375
f 2271/4646/4375 2277/4563/4296 2272/4561/4294
f 2271/4646/4375 2272/4561/4294 2266/4647/4376
f 2266/4647/4376 2272/4561/4294 2267/4559/4292
f 2266/4647/4376 2267/4559/4292 2261/4648/4377
f 2261/4648/4377 2267/4559/4292 2262/4557/4290
f 2261/4648/4377 2262/4557/4290 2256/4649/4378
f 2256/4649/4378 2262/4557/4290 2257/4555/4288
f 2256/4649/4378 2257/4555/4288 2251/4650/4379
f 2251/4650/4379 2257/4555/4288 2252/4553/4286
f 2251/4650/4379 2252/4553/4286 2246/4651/4380
f 2246/4651/4380 2252/4553/4286 2247/4551/4284
f 2246/4651/4380 2247/4551/4284 2241/4652/4381
f 2241/4652/4381 2247/4551/4284 2242/4549/4282
f 2241/4652/4381 2242/4549/4282 2231/4653/4382
f 2231/4653/4382 2242/4549/4282 2232/4547/4280
f 2231/4653/4382 2232/4547/4280 2234/4654/4383
f 2234/4654/4383 2232/4547/4280 2233/4545/4278
f 2234/4654/4383 2233/4545/4278 2341/4655/4384
f 2341/4655/4384 2233/4545/4278 2342/4543/4276
f 2341/4655/4384 2342/4543/4276 2336/4656/4385
f 2336/4656/4385 2342/4543/4276 2337/4591/4322
f 2336/4656/4385 2337/4591/4322 2331/4657/4386
f 2331/4657/4386 2337/4591/4322 2332/4589/4320
f 2331/4657/4386 2332/4589/4320 2326/4658/4387
f 2326/4658/4387 2332/4589/4320 2327/4587/4318
f 2326/4658/4387 2327/4587/4318 2321/4659/4388
f 2321/4659/4388 2327/4587/4318 2322/4585/4316
f 2321/4659/4388 2322/4585/4316 2316/4660/4389
f 2316/4660/4389 2322/4585/4316 2317/4583/4314
f 2316/4660/4389 2317/4583/4314 2311/4661/4390
f 2311/4661/4390 2317/4583/4314 2312/4581/4312
f 2311/4661/4390 2312/4581/4312 2306/4662/4391
f 2306/4662/4391 2312/4581/4312 2307/4579/4310
f 2306/4662/4391 2307/4579/4310 2301/4663/4392
f 2301/4663/4392 2307/4579/4310 2302/4577/4308
f 2301/4663/4392 2302/4577/4308 2296/4664/4393
f 2296/4664/4393 2302/4577/4308 2297/4575/4306
f 2296/4664/4393 2297/4575/4306 2291/4665/4394
f 2291/4665/4394 2297/4575/4306 2292/4573/4304
f 2291/4665/4394 2292/4573/4304 2226/4666/4371
f 2226/4666/4371 2292/4573/4304 2227/4571/4302
f 2344/4667/4395 2188/4668/4251 2343/4669/4396
f 2343/4669/4396 2188/4668/4251 2187/4670/4253
f 2343/4669/4396 2187/4670/4253 2366/4671/4397
f 2366/4671/4397 2187/4670/4253 2186/4672/4255
f 2366/4671/4397 2186/4672/4255 2365/4673/4398
f 2365/4673/4398 2186/4672/4255 2185/4674/4257
f 2365/4673/4398 2185/4674/4257 2364/4675/4399
f 2364/4675/4399 2185/4674/4257 2184/4676/4259
f 2364/4675/4399 2184/4676/4259 2363/4677/4400
f 2363/4677/4400 2184/4676/4259 2183/4678/4261
f 2363/4677/4400 2183/4678/4261 2362/4679/4401
f 2362/4679/4401 2183/4678/4261 2182/4680/4263
f 2362/4679/4401 2182/4680/4263 2361/4681/4402
f 2361/4681/4402 2182/4680/4263 2181/4682/4265
f 2361/4681/4402 2181/4682/4265 2360/4683/4403
f 2360/4683/4403 2181/4682/4265 2180/4684/4267
f 2360/4683/4403 2180/4684/4267 2359/4685/4404
f 2359/4685/4404 2180/4684/4267 2179/4686/4269
f 2359/4685/4404 2179/4686/4269 2358/4687/4405
f 2358/4687/4405 2179/4686/4269 2178/4688/4271
f 2358/4687/4405 2178/4688/4271 2357/4689/4406
f 2357/4689/4406 2178/4688/4271 2177/4690/4273
f 2357/4689/4406 2177/4690/4273 2356/4691/4407
f 2356/4691/4407 2177/4690/4273 2176/4692/4227
f 2356/4691/4407 2176/4692/4227 2355/4693/4408
f 2355/4693/4408 2176/4692/4227 2175/4694/4229
f 2355/4695/4408 2175/4696/4229 2354/4697/4409
f 2354/4697/4409 2175/4696/4229 2198/4698/4231
f 2354/4697/4409 2198/4698/4231 2353/4699/4410
f 2353/4699/4410 2198/4698/4231 2197/4700/4233
f 2353/4699/4410 2197/4700/4233 2352/4701/4411
f 2352/4701/4411 2197/4700/4233 2196/4702/4235
f 2352/4701/4411 2196/4702/4235 2351/4703/4412
f 2351/4703/4412 2196/4702/4235 2195/4704/4237
f 2351/4703/4412 2195/4704/4237 2350/4705/4413
f 2350/4705/4413 2195/4704/4237 2194/4706/4239
f 2350/4705/4413 2194/4706/4239 2349/4707/4414
f 2349/4707/4414 2194/4706/4239 2193/4708/4241
f 2349/4707/4414 2193/4708/4241 2348/4709/4415
f 2348/4709/4415 2193/4708/4241 2192/4710/4243
f 2348/4709/4415 2192/4710/4243 2347/4711/4416
f 2347/4711/4416 2192/4710/4243 2191/4712/4245
f 2347/4711/4416 2191/4712/4245 2346/4713/4417
f 2346/4713/4417 2191/4712/4245 2190/4714/4247
f 2346/4713/4417 2190/4714/4247 2345/4715/4418
f 2345/4715/4418 2190/4714/4247 2189/4716/4249
f 2345/4715/4418 2189/4716/4249 2344/4667/4395
f 2344/4667/4395 2189/4716/4249 2188/4668/4251
f 2222/4717/4279 2212/4718/4299 2199/4719/4277
f 2199/4719/4277 2212/4718/4299 2211/4720/4301
f 2199/4719/4277 2211/4720/4301 2200/4721/4275
f 2200/4721/4275 2211/4720/4301 2210/4722/4303
f 2200/4721/4275 2210/4722/4303 2201/4723/4321
f 2201/4723/4321 2210/4722/4303 2209/4724/4305
f 2201/4723/4321 2209/4724/4305 2202/4725/4319
f 2202/4725/4319 2209/4724/4305 2208/4726/4307
f 2202/4725/4319 2208/4726/4307 2203/4727/4317
f 2203/4727/4317 2208/4726/4307 2207/4728/4309
f 2203/4727/4317 2207/4728/4309 2204/4729/4315
f 2204/4729/4315 2207/4728/4309 2206/4730/4311
f 2204/4729/4315 2206/4730/4311 2205/4731/4313
f 2212/4718/4299 2222/4717/4279 2213/4732/4297
f 2213/4732/4297 2222/4717/4279 2221/4733/4281
f 2213/4732/4297 2221/4733/4281 2214/4734/4295
f 2214/4734/4295 2221/4733/4281 2220/4735/4283
f 2214/4734/4295 2220/4735/4283 2215/4736/4293
f 2215/4736/4293 2220/4735/4283 2219/4737/4285
f 2215/4736/4293 2219/4737/4285 2216/4738/4291
f 2216/4738/4291 2219/4737/4285 2218/4739/4287
f 2216/4738/4291 2218/4739/4287 2217/4740/4289
f 2368/4741/4419 2395/4742/4420 2367/4743/4421
f 2367/4743/4421 2395/4742/4420 2391/4744/4422
f 2367/4745/4421 2391/4746/4422 2390/4747/4423
f 2390/4747/4423 2391/4746/4422 2483/4748/4424
f 2390/4747/4423 2483/4748/4424 2389/4749/4425
f 2389/4749/4425 2483/4748/4424 2479/4750/4426
f 2389/4749/4425 2479/4750/4426 2388/4751/4427
f 2388/4751/4427 2479/4750/4426 2475/4752/4428
f 2388/4751/4427 2475/4752/4428 2387/4753/4429
f 2387/4753/4429 2475/4752/4428 2471/4754/4430
f 2387/4753/4429 2471/4754/4430 2386/4755/4431
f 2386/4755/4431 2471/4754/4430 2467/4756/4432
f 2386/4755/4431 2467/4756/4432 2385/4757/4433
f 2385/4757/4433 2467/4756/4432 2463/4758/4434
f 2385/4757/4433 2463/4758/4434 2384/4759/4435
f 2384/4759/4435 2463/4758/4434 2459/4760/4436
f 2384/4759/4435 2459/4760/4436 2383/4761/4437
f 2383/4761/4437 2459/4760/4436 2455/4762/4438
f 2383/4761/4437 2455/4762/4438 2382/4763/4439
f 2382/4763/4439 2455/4762/4438 2451/4764/4440
f 2382/4763/4439 2451/4764/4440 2381/4765/4441
f 2381/4765/4441 2451/4764/4440 2447/4766/4442
f 2381/4765/4441 2447/4766/4442 2380/4767/4443
f 2380/4767/4443 2447/4766/4442 2443/4768/4444
f 2380/4767/4443 2443/4768/4444 2379/4769/4445
f 2379/4769/4445 2443/4768/4444 2439/4770/4446
f 2379/4769/4445 2439/4770/4446 2378/4771/4447
f 2378/4771/4447 2439/4770/4446 2435/4772/4448
f 2378/4771/4447 2435/4772/4448 2377/4773/4449
f 2377/4773/4449 2435/4772/4448 2431/4774/4450
f 2377/4773/4449 2431/4774/4450 2376/4775/4451
f 2376/4775/4451 2431/4774/4450 2427/4776/4452
f 2376/4775/4451 2427/4776/4452 2375/4777/4453
f 2375/4777/4453 2427/4776/4452 2423/4778/4454
f 2375/4777/4453 2423/4778/4454 2374/4779/4455
f 2374/4779/4455 2423/4778/4454 2419/4780/4456
f 2374/4779/4455 2419/4780/4456 2373/4781/4457
f 2373/4781/4457 2419/4780/4456 2415/4782/4458
f 2373/4781/4457 2415/4782/4458 2372/4783/4459
f 2372/4783/4459 2415/4782/4458 2411/4784/4460
f 2372/4783/4459 2411/4784/4460 2371/4785/4461
f 2371/4785/4461 2411/4784/4460 2407/4786/4462
f 2371/4785/4461 2407/4786/4462 2370/4787/4463
f 2370/4787/4463 2407/4786/4462 2403/4788/4464
f 2370/4787/4463 2403/4788/4464 2369/4789/4465
f 2369/4789/4465 2403/4788/4464 2399/4790/4466
f 2369/4789/4465 2399/4790/4466 2368/4741/4419
f 2368/4741/4419 2399/4790/4466 2395/4742/4420
f 2366/4791/4397 2486/4792/4467 2343/4793/4396
f 2343/4793/4396 2486/4792/4467 2394/4794/4468
f 2343/4795/4396 2394/4796/4468 2344/4797/4395
f 2344/4797/4395 2394/4796/4468 2398/4798/4469
f 2344/4797/4395 2398/4798/4469 2345/4799/4418
f 2345/4799/4418 2398/4798/4469 2402/4800/4470
f 2345/4799/4418 2402/4800/4470 2346/4801/4417
f 2346/4801/4417 2402/4800/4470 2406/4802/4471
f 2346/4801/4417 2406/4802/4471 2347/4803/4416
f 2347/4803/4416 2406/4802/4471 2410/4804/4472
f 2347/4803/4416 2410/4804/4472 2348/4805/4415
f 2348/4805/4415 2410/4804/4472 2414/4806/4473
f 2348/4805/4415 2414/4806/4473 2349/4807/4414
f 2349/4807/4414 2414/4806/4473 2418/4808/4474
f 2349/4807/4414 2418/4808/4474 2350/4809/4413
f 2350/4809/4413 2418/4808/4474 2422/4810/4475
f 2350/4809/4413 2422/4810/4475 2351/4811/4412
f 2351/4811/4412 2422/4810/4475 2426/4812/4476
f 2351/4811/4412 2426/4812/4476 2352/4813/4411
f 2352/4813/4411 2426/4812/4476 2430/4814/4477
f 2352/4813/4411 2430/4814/4477 2353/4815/4410
f 2353/4815/4410 2430/4814/4477 2434/4816/4478
f 2353/4815/4410 2434/4816/4478 2354/4817/4409
f 2354/4817/4409 2434/4816/4478 2438/4818/4479
f 2354/4817/4409 2438/4818/4479 2355/4819/4408
f 2355/4819/4408 2438/4818/4479 2442/4820/4480
f 2355/4819/4408 2442/4820/4480 2356/4821/4407
f 2356/4821/4407 2442/4820/4480 2446/4822/4481
f 2356/4821/4407 2446/4822/4481 2357/4823/4406
f 2357/4823/4406 2446/4822/4481 2450/4824/4482
f 2357/4823/4406 2450/4824/4482 2358/4825/4405
f 2358/4825/4405 2450/4824/4482 2454/4826/4483
f 2358/4825/4405 2454/4826/4483 2359/4827/4404
f 2359/4827/4404 2454/4826/4483 2458/4828/4484
f 2359/4827/4404 2458/4828/4484 2360/4829/4403
f 2360/4829/4403 2458/4828/4484 2462/4830/4485
f 2360/4829/4403 2462/4830/4485 2361/4831/4402
f 2361/4831/4402 2462/4830/4485 2466/4832/4486
f 2361/4831/4402 2466/4832/4486 2362/4833/4401
f 2362/4833/4401 2466/4832/4486 2470/4834/4487
f 2362/4833/4401 2470/4834/4487 2363/4835/4400
f 2363/4835/4400 2470/4834/4487 2474/4836/4488
f 2363/4835/4400 2474/4836/4488 2364/4837/4399
f 2364/4837/4399 2474/4836/4488 2478/4838/4489
f 2364/4837/4399 2478/4838/4489 2365/4839/4398
f 2365/4839/4398 2478/4838/4489 2482/4840/4490
f 2365/4839/4398 2482/4840/4490 2366/4791/4397
f 2366/4791/4397 2482/4840/4490 2486/4792/4467
f 2391/4746/4422 2392/4841/4491 2483/4748/4424
f 2483/4748/4424 2392/4841/4491 2484/4842/4492
f 2483/4748/4424 2484/4842/4492 2479/4750/4426
f 2479/4750/4426 2484/4842/4492 2480/4843/4493
f 2479/4750/4426 2480/4843/4493 2475/4752/4428
f 2475/4752/4428 2480/4843/4493 2476/4844/4494
f 2475/4752/4428 2476/4844/4494 2471/4754/4430
f 2471/4754/4430 2476/4844/4494 2472/4845/4495
f 2471/4754/4430 2472/4845/4495 2467/4756/4432
f 2467/4756/4432 2472/4845/4495 2468/4846/4496
f 2467/4756/4432 2468/4846/4496 2463/4758/4434
f 2463/4758/4434 2468/4846/4496 2464/4847/4497
f 2463/4758/4434 2464/4847/4497 2459/4760/4436
f 2459/4760/4436 2464/4847/4497 2460/4848/4498
f 2459/4760/4436 2460/4848/4498 2455/4762/4438
f 2455/4762/4438 2460/4848/4498 2456/4849/4499
f 2455/4762/4438 2456/4849/4499 2451/4764/4440
f 2451/4764/4440 2456/4849/4499 2452/4850/4500
f 2451/4764/4440 2452/4850/4500 2447/4766/4442
f 2447/4766/4442 2452/4850/4500 2448/4851/4501
f 2447/4766/4442 2448/4851/4501 2443/4768/4444
f 2443/4768/4444 2448/4851/4501 2444/4852/4502
f 2443/4768/4444 2444/4852/4502 2439/4770/4446
f 2439/4770/4446 2444/4852/4502 2440/4853/4503
f 2439/4770/4446 2440/4853/4503 2435/4772/4448
f 2435/4772/4448 2440/4853/4503 2436/4854/4504
f 2435/4772/4448 2436/4854/4504 2431/4774/4450
f 2431/4774/4450 2436/4854/4504 2432/4855/4505
f 2431/4774/4450 2432/4855/4505 2427/4776/4452
f 2427/4776/4452 2432/4855/4505 2428/4856/4506
f 2427/4776/4452 2428/4856/4506 2423/4778/4454
f 2423/4778/4454 2428/4856/4506 2424/4857/4507
f 2423/4778/4454 2424/4857/4507 2419/4780/4456
f 2419/4780/4456 2424/4857/4507 2420/4858/4508
f 2419/4780/4456 2420/4858/4508 2415/4782/4458
f 2415/4782/4458 2420/4858/4508 2416/4859/4509
f 2415/4782/4458 2416/4859/4509 2411/4784/4460
f 2411/4784/4460 2416/4859/4509 2412/4860/4510
f 2411/4784/4460 2412/4860/4510 2407/4786/4462
f 2407/4786/4462 2412/4860/4510 2408/4861/4511
f 2407/4786/4462 2408/4861/4511 2403/4788/4464
f 2403/4788/4464 2408/4861/4511 2404/4862/4512
f 2403/4788/4464 2404/4862/4512 2399/4790/4466
f 2399/4790/4466 2404/4862/4512 2400/4863/4513
f 2399/4790/4466 2400/4863/4513 2395/4742/4420
f 2395/4742/4420 2400/4863/4513 2396/4864/4514
f 2395/4742/4420 2396/4864/4514 2391/4744/4422
f 2391/4744/4422 2396/4864/4514 2392/4865/4491
f 2392/4841/4491 2393/4866/4515 2484/4842/4492
f 2484/4842/4492 2393/4866/4515 2485/4867/4516
f 2484/4842/4492 2485/4867/4516 2480/4843/4493
f 2480/4843/4493 2485/4867/4516 2481/4868/4517
f 2480/4843/4493 2481/4868/4517 2476/4844/4494
f 2476/4844/4494 2481/4868/4517 2477/4869/4518
f 2476/4844/4494 2477/4869/4518 2472/4845/4495
f 2472/4845/4495 2477/4869/4518 2473/4870/4519
f 2472/4845/4495 2473/4870/4519 2468/4846/4496
f 2468/4846/4496 2473/4870/4519 2469/4871/4520
f 2468/4846/4496 2469/4871/4520 2464/4847/4497
f 2464/4847/4497 2469/4871/4520 2465/4872/4521
f 2464/4847/4497 2465/4872/4521 2460/4848/4498
f 2460/4848/4498 2465/4872/4521 2461/4873/4522
f 2460/4848/4498 2461/4873/4522 2456/4849/4499
f 2456/4849/4499 2461/4873/4522 2457/4874/4523
f 2456/4849/4499 2457/4874/4523 2452/4850/4500
f 2452/4850/4500 2457/4874/4523 2453/4875/4524
f 2452/4850/4500 2453/4875/4524 2448/4851/4501
f 2448/4851/4501 2453/4875/4524 2449/4876/4525
f 2448/4851/4501 2449/4876/4525 2444/4852/4502
f 2444/4852/4502 2449/4876/4525 2445/4877/4526
f 2444/4852/4502 2445/4877/4526 2440/4853/4503
f 2440/4853/4503 2445/4877/4526 2441/4878/4527
f 2440/4853/4503 2441/4878/4527 2436/4854/4504
f 2436/4854/4504 2441/4878/4527 2437/4879/4528
f 2436/4854/4504 2437/4879/4528 2432/4855/4505
f 2432/4855/4505 2437/4879/4528 2433/4880/4529
f 2432/4855/4505 2433/4880/4529 2428/4856/4506
f 2428/4856/4506 2433/4880/4529 2429/4881/4530
f 2428/4856/4506 2429/4881/4530 2424/4857/4507
f 2424/4857/4507 2429/4881/4530 2425/4882/4531
f 2424/4857/4507 2425/4882/4531 2420/4858/4508
f 2420/4858/4508 2425/4882/4531 2421/4883/4532
f 2420/4858/4508 2421/4883/4532 2416/4859/4509
f 2416/4859/4509 2421/4883/4532 2417/4884/4533
f 2416/4859/4509 2417/4884/4533 2412/4860/4510
f 2412/4860/4510 2417/4884/4533 2413/4885/4534
f 2412/4860/4510 2413/4885/4534 2408/4861/4511
f 2408/4861/4511 2413/4885/4534 2409/4886/4535
f 2408/4861/4511 2409/4886/4535 2404/4862/4512
f 2404/4862/4512 2409/4886/4535 2405/4887/4536
f 2404/4862/4512 2405/4887/4536 2400/4863/4513
f 2400/4863/4513 2405/4887/4536 2401/4888/4537
f 2400/4863/4513 2401/4888/4537 2396/4864/4514
f 2396/4864/4514 2401/4888/4537 2397/4889/4538
f 2396/4864/4514 2397/4889/4538 2392/4865/4491
f 2392/4865/4491 2397/4889/4538 2393/4890/4515
f 2393/4866/4515 2394/4794/4468 2485/4867/4516
f 2485/4867/4516 2394/4794/4468 2486/4792/4467
f 2485/4867/4516 2486/4792/4467 2481/4868/4517
f 2481/4868/4517 2486/4792/4467 2482/4840/4490
f 2481/4868/4517 2482/4840/4490 2477/4869/4518
f 2477/4869/4518 2482/4840/4490 2478/4838/4489
f 2477/4869/4518 2478/4838/4489 2473/4870/4519
f 2473/4870/4519 2478/4838/4489 2474/4836/4488
f 2473/4870/4519 2474/4836/4488 2469/4871/4520
f 2469/4871/4520 2474/4836/4488 2470/4834/4487
f 2469/4871/4520 2470/4834/4487 2465/4872/4521
f 2465/4872/4521 2470/4834/4487 2466/4832/4486
f 2465/4872/4521 2466/4832/4486 2461/4873/4522
f 2461/4873/4522 2466/4832/4486 2462/4830/4485
f 2461/4873/4522 2462/4830/4485 2457/4874/4523
f 2457/4874/4523 2462/4830/4485 2458/4828/4484
f 2457/4874/4523 2458/4828/4484 2453/4875/4524
f 2453/4875/4524 2458/4828/4484 2454/4826/4483
f 2453/4875/4524 2454/4826/4483 2449/4876/4525
f 2449/4876/4525 2454/4826/4483 2450/4824/4482
f 2449/4876/4525 2450/4824/4482 2445/4877/4526
f 2445/4877/4526 2450/4824/4482 2446/4822/4481
f 2445/4877/4526 2446/4822/4481 2441/4878/4527
f 2441/4878/4527 2446/4822/4481 2442/4820/4480
f 2441/4878/4527 2442/4820/4480 2437/4879/4528
f 2437/4879/4528 2442/4820/4480 2438/4818/4479
f 2437/4879/4528 2438/4818/4479 2433/4880/4529
f 2433/4880/4529 2438/4818/4479 2434/4816/4478
f 2433/4880/4529 2434/4816/4478 2429/4881/4530
f 2429/4881/4530 2434/4816/4478 2430/4814/4477
f 2429/4881/4530 2430/4814/4477 2425/4882/4531
f 2425/4882/4531 2430/4814/4477 2426/4812/4476
f 2425/4882/4531 2426/4812/4476 2421/4883/4532
f 2421/4883/4532 2426/4812/4476 2422/4810/4475
f 2421/4883/4532 2422/4810/4475 2417/4884/4533
f 2417/4884/4533 2422/4810/4475 2418/4808/4474
f 2417/4884/4533 2418/4808/4474 2413/4885/4534
f 2413/4885/4534 2418/4808/4474 2414/4806/4473
f 2413/4885/4534 2414/4806/4473 2409/4886/4535
f 2409/4886/4535 2414/4806/4473 2410/4804/4472
f 2409/4886/4535 2410/4804/4472 2405/4887/4536
f 2405/4887/4536 2410/4804/4472 2406/4802/4471
f 2405/4887/4536 2406/4802/4471 2401/4888/4537
f 2401/4888/4537 2406/4802/4471 2402/4800/4470
f 2401/4888/4537 2402/4800/4470 2397/4889/4538
f 2397/4889/4538 2402/4800/4470 2398/4798/4469
f 2397/4889/4538 2398/4798/4469 2393/4890/4515
f 2393/4890/4515 2398/4798/4469 2394/4796/4468
f 1766/4891/4539 2512/4892/4540 1743/4893/4541
f 1743/4893/4541 2512/4892/4540 2513/4894/4542
f 1743/4893/4541 2513/4894/4542 1744/4895/4543
f 1744/4895/4543 2513/4894/4542 2534/4896/4544
f 1744/4895/4543 2534/4896/4544 1745/4897/4545
f 1745/4897/4545 2534/4896/4544 2533/4898/4546
f 1745/4897/4545 2533/4898/4546 1746/4899/4547
f 1746/4899/4547 2533/4898/4546 2532/4900/4548
f 1746/4899/4547 2532/4900/4548 1747/4901/4549
f 1747/4901/4549 2532/4900/4548 2531/4902/4550
f 1747/4901/4549 2531/4902/4550 1748/4903/4551
f 1748/4903/4551 2531/4902/4550 2530/4904/4552
f 1748/4903/4551 2530/4904/4552 1749/4905/4553
f 1749/4905/4553 2530/4904/4552 2529/4906/4554
f 1749/4905/4553 2529/4906/4554 1750/4907/4555
f 1750/4907/4555 2529/4906/4554 2528/4908/4556
f 1750/4907/4555 2528/4908/4556 1751/4909/4557
f 1751/4909/4557 2528/4908/4556 2527/4910/4558
f 1751/4909/4557 2527/4910/4558 1752/4911/4559
f 1752/4911/4559 2527/4910/4558 2526/4912/4560
f 1752/4911/4559 2526/4912/4560 1753/4913/4561
f 1753/4913/4561 2526/4912/4560 2525/4914/4562
f 1753/4913/4561 2525/4914/4562 1754/4915/4563
f 1754/4915/4563 2525/4914/4562 2524/4916/4564
f 1754/4915/4563 2524/4916/4564 1755/4917/4565
f 1755/4917/4565 2524/4916/4564 2511/4918/4566
f 1755/4919/4565 2511/4920/4566 1756/4921/4567
f 1756/4921/4567 2511/4920/4566 2523/4922/4568
f 1756/4921/4567 2523/4922/4568 1757/4923/4569
f 1757/4923/4569 2523/4922/4568 2522/4924/4570
f 1757/4923/4569 2522/4924/4570 1758/4925/4571
f 1758/4925/4571 2522/4924/4570 2521/4926/4572
f 1758/4925/4571 2521/4926/4572 1759/4927/4573
f 1759/4927/4573 2521/4926/4572 2520/4928/4574
f 1759/4927/4573 2520/4928/4574 1760/4929/4575
f 1760/4929/4575 2520/4928/4574 2519/4930/4576
f 1760/4929/4575 2519/4930/4576 1761/4931/4577
f 1761/4931/4577 2519/4930/4576 2518/4932/4578
f 1761/4931/4577 2518/4932/4578 1762/4933/4579
f 1762/4933/4579 2518/4932/4578 2517/4934/4580
f 1762/4933/4579 2517/4934/4580 1763/4935/4581
f 1763/4935/4581 2517/4934/4580 2516/4936/4582
f 1763/4935/4581 2516/4936/4582 1764/4937/4583
f 1764/4937/4583 2516/4936/4582 2515/4938/4584
f 1764/4937/4583 2515/4938/4584 1765/4939/4585
f 1765/4939/4585 2515/4938/4584 2514/4940/4586
f 1765/4939/4585 2514/4940/4586 1766/4891/4539
f 1766/4891/4539 2514/4940/4586 2512/4892/4540
f 2488/4941/4587 2523/4922/4568 2487/4942/4588
f 2487/4942/4588 2523/4922/4568 2511/4920/4566
f 2487/4943/4588 2511/4918/4566 2510/4944/4589
f 2510/4944/4589 2511/4918/4566 2524/4916/4564
f 2510/4944/4589 2524/4916/4564 2509/4945/4590
f 2509/4945/4590 2524/4916/4564 2525/4914/4562
f 2509/4945/4590 2525/4914/4562 2508/4946/4591
f 2508/4946/4591 2525/4914/4562 2526/4912/4560
f 2508/4946/4591 2526/4912/4560 2507/4947/4592
f 2507/4947/4592 2526/4912/4560 2527/4910/4558
f 2507/4947/4592 2527/4910/4558 2506/4948/4593
f 2506/4948/4593 2527/4910/4558 2528/4908/4556
f 2506/4948/4593 2528/4908/4556 2505/4949/4594
f 2505/4949/4594 2528/4908/4556 2529/4906/4554
f 2505/4949/4594 2529/4906/4554 2504/4950/4595
f 2504/4950/4595 2529/4906/4554 2530/4904/4552
f 2504/4950/4595 2530/4904/4552 2503/4951/4596
f 2503/4951/4596 2530/4904/4552 2531/4902/4550
f 2503/4951/4596 2531/4902/4550 2502/4952/4597
f 2502/4952/4597 2531/4902/4550 2532/4900/4548
f 2502/4952/4597 2532/4900/4548 2501/4953/4598
f 2501/4953/4598 2532/4900/4548 2533/4898/4546
f 2501/4953/4598 2533/4898/4546 2500/4954/4599
f 2500/4954/4599 2533/4898/4546 2534/4896/4544
f 2500/4954/4599 2534/4896/4544 2499/4955/4600
f 2499/4955/4600 2534/4896/4544 2513/4894/4542
f 2499/4955/4600 2513/4894/4542 2498/4956/4601
f 2498/4956/4601 2513/4894/4542 2512/4892/4540
f 2498/4956/4601 2512/4892/4540 2497/4957/4602
f 2497/4957/4602 2512/4892/4540 2514/4940/4586
f 2497/4957/4602 2514/4940/4586 2496/4958/4603
f 2496/4958/4603 2514/4940/4586 2515/4938/4584
f 2496/4958/4603 2515/4938/4584 2495/4959/4604
f 2495/4959/4604 2515/4938/4584 2516/4936/4582
f 2495/4959/4604 2516/4936/4582 2494/4960/4605
f 2494/4960/4605 2516/4936/4582 2517/4934/4580
f 2494/4960/4605 2517/4934/4580 2493/4961/4606
f 2493/4961/4606 2517/4934/4580 2518/4932/4578
f 2493/4961/4606 2518/4932/4578 2492/4962/4607
f 2492/4962/4607 2518/4932/4578 2519/4930/4576
f 2492/4962/4607 2519/4930/4576 2491/4963/4608
f 2491/4963/4608 2519/4930/4576 2520/4928/4574
f 2491/4963/4608 2520/4928/4574 2490/4964/4609
f 2490/4964/4609 2520/4928/4574 2521/4926/4572
f 2490/4964/4609 2521/4926/4572 2489/4965/4610
f 2489/4965/4610 2521/4926/4572 2522/4924/4570
f 2489/4965/4610 2522/4924/4570 2488/4941/4587
f 2488/4941/4587 2522/4924/4570 2523/4922/4568
f 2390/4966/4611 2560/4967/4612 2367/4968/4613
f 2367/4968/4613 2560/4967/4612 2561/4969/4614
f 2367/4968/4613 2561/4969/4614 2368/4970/4615
f 2368/4970/4615 2561/4969/4614 2582/4971/4616
f 2368/4970/4615 2582/4971/4616 2369/4972/4617
f 2369/4972/4617 2582/4971/4616 2581/4973/4618
f 2369/4972/4617 2581/4973/4618 2370/4974/4619
f 2370/4974/4619 2581/4973/4618 2580/4975/4620
f 2370/4974/4619 2580/4975/4620 2371/4976/4621
f 2371/4976/4621 2580/4975/4620 2579/4977/4622
f 2371/4976/4621 2579/4977/4622 2372/4978/4623
f 2372/4978/4623 2579/4977/4622 2578/4979/4624
f 2372/4978/4623 2578/4979/4624 2373/4980/4625
f 2373/4980/4625 2578/4979/4624 2577/4981/4626
f 2373/4980/4625 2577/4981/4626 2374/4982/4627
f 2374/4982/4627 2577/4981/4626 2576/4983/4628
f 2374/4982/4627 2576/4983/4628 2375/4984/4629
f 2375/4984/4629 2576/4983/4628 2575/4985/4630
f 2375/4984/4629 2575/4985/4630 2376/4986/4631
f 2376/4986/4631 2575/4985/4630 2574/4987/4632
f 2376/4986/4631 2574/4987/4632 2377/4988/4633
f 2377/4988/4633 2574/4987/4632 2573/4989/4634
f 2377/4988/4633 2573/4989/4634 2378/4990/4635
f 2378/4990/4635 2573/4989/4634 2572/4991/4636
f 2378/4990/4635 2572/4991/4636 2379/4992/4637
f 2379/4992/4637 2572/4991/4636 2559/4993/4638
f 2379/4994/4637 2559/4995/4638 2380/4996/4639
f 2380/4996/4639 2559/4995/4638 2571/4997/4640
f 2380/4996/4639 2571/4997/4640 2381/4998/4641
f 2381/4998/4641 2571/4997/4640 2570/4999/4642
f 2381/4998/4641 2570/4999/4642 2382/5000/4643
f 2382/5000/4643 2570/4999/4642 2569/5001/4644
f 2382/5000/4643 2569/5001/4644 2383/5002/4645
f 2383/5002/4645 2569/5001/4644 2568/5003/4646
f 2383/5002/4645 2568/5003/4646 2384/5004/4647
f 2384/5004/4647 2568/5003/4646 2567/5005/4648
f 2384/5004/4647 2567/5005/4648 2385/5006/4649
f 2385/5006/4649 2567/5005/4648 2566/5007/4650
f 2385/5006/4649 2566/5007/4650 2386/5008/4651
f 2386/5008/4651 2566/5007/4650 2565/5009/4652
f 2386/5008/4651 2565/5009/4652 2387/5010/4653
f 2387/5010/4653 2565/5009/4652 2564/5011/4654
f 2387/5010/4653 2564/5011/4654 2388/5012/4655
f 2388/5012/4655 2564/5011/4654 2563/5013/4656
f 2388/5012/4655 2563/5013/4656 2389/5014/4657
f 2389/5014/4657 2563/5013/4656 2562/5015/4658
f 2389/5014/4657 2562/5015/4658 2390/4966/4611
f 2390/4966/4611 2562/5015/4658 2560/4967/4612
f 2536/5016/4659 2571/4997/4640 2535/5017/4660
f 2535/5017/4660 2571/4997/4640 2559/4995/4638
f 2535/5018/4660 2559/4993/4638 2558/5019/4661
f 2558/5019/4661 2559/4993/4638 2572/4991/4636
f 2558/5019/4661 2572/4991/4636 2557/5020/4662
f 2557/5020/4662 2572/4991/4636 2573/4989/4634
f 2557/5020/4662 2573/4989/4634 2556/5021/4663
f 2556/5021/4663 2573/4989/4634 2574/4987/4632
f 2556/5021/4663 2574/4987/4632 2555/5022/4664
f 2555/5022/4664 2574/4987/4632 2575/4985/4630
f 2555/5022/4664 2575/4985/4630 2554/5023/4665
f 2554/5023/4665 2575/4985/4630 2576/4983/4628
f 2554/5023/4665 2576/4983/4628 2553/5024/4666
f 2553/5024/4666 2576/4983/4628 2577/4981/4626
f 2553/5024/4666 2577/4981/4626 2552/5025/4667
f 2552/5025/4667 2577/4981/4626 2578/4979/4624
f 2552/5025/4667 2578/4979/4624 2551/5026/4668
f 2551/5026/4668 2578/4979/4624 2579/4977/4622
f 2551/5026/4668 2579/4977/4622 2550/5027/4669
f 2550/5027/4669 2579/4977/4622 2580/4975/4620
f 2550/5027/4669 2580/4975/4620 2549/5028/4670
f 2549/5028/4670 2580/4975/4620 2581/4973/4618
f 2549/5028/4670 2581/4973/4618 2548/5029/4671
f 2548/5029/4671 2581/4973/4618 2582/4971/4616
f 2548/5029/4671 2582/4971/4616 2547/5030/4672
f 2547/5030/4672 2582/4971/4616 2561/4969/4614
f 2547/5030/4672 2561/4969/4614 2546/5031/4673
f 2546/5031/4673 2561/4969/4614 2560/4967/4612
f 2546/5031/4673 2560/4967/4612 2545/5032/4674
f 2545/5032/4674 2560/4967/4612 2562/5015/4658
f 2545/5032/4674 2562/5015/4658 2544/5033/4675
f 2544/5033/4675 2562/5015/4658 2563/5013/4656
f 2544/5033/4675 2563/5013/4656 2543/5034/4676
f 2543/5034/4676 2563/5013/4656 2564/5011/4654
f 2543/5034/4676 2564/5011/4654 2542/5035/4677
f 2542/5035/4677 2564/5011/4654 2565/5009/4652
f 2542/5035/4677 2565/5009/4652 2541/5036/4678
f 2541/5036/4678 2565/5009/4652 2566/5007/4650
f 2541/5036/4678 2566/5007/4650 2540/5037/4679
f 2540/5037/4679 2566/5007/4650 2567/5005/4648
f 2540/5037/4679 2567/5005/4648 2539/5038/4680
f 2539/5038/4680 2567/5005/4648 2568/5003/4646
f 2539/5038/4680 2568/5003/4646 2538/5039/4681
f 2538/5039/4681 2568/5003/4646 2569/5001/4644
f 2538/5039/4681 2569/5001/4644 2537/5040/4682
f 2537/5040/4682 2569/5001/4644 2570/4999/4642
f 2537/5040/4682 2570/4999/4642 2536/5016/4659
f 2536/5016/4659 2570/4999/4642 2571/4997/4640
f 1454/5041/4683 2608/5042/4684 1431/5043/4685
f 1431/5043/4685 2608/5042/4684 2609/5044/4686
f 1431/5043/4685 2609/5044/4686 1432/5045/4687
f 1432/5045/4687 2609/5044/4686 2630/5046/4688
f 1432/5045/4687 2630/5046/4688 1433/5047/4689
f 1433/5047/4689 2630/5046/4688 2629/5048/4690
f 1433/5047/4689 2629/5048/4690 1434/5049/4691
f 1434/5049/4691 2629/5048/4690 2628/5050/4692
f 1434/5049/4691 2628/5050/4692 1435/5051/4693
f 1435/5051/4693 2628/5050/4692 2627/5052/4694
f 1435/5051/4693 2627/5052/4694 1436/5053/4695
f 1436/5053/4695 2627/5052/4694 2626/5054/4696
f 1436/5053/4695 2626/5054/4696 1437/5055/4697
f 1437/5055/4697 2626/5054/4696 2625/5056/4698
f 1437/5055/4697 2625/5056/4698 1438/5057/4699
f 1438/5057/4699 2625/5056/4698 2624/5058/4700
f 1438/5057/4699 2624/5058/4700 1439/5059/4701
f 1439/5059/4701 2624/5058/4700 2623/5060/4702
f 1439/5059/4701 2623/5060/4702 1440/5061/4703
f 1440/5061/4703 2623/5060/4702 2622/5062/4704
f 1440/5061/4703 2622/5062/4704 1441/5063/4705
f 1441/5063/4705 2622/5062/4704 2621/5064/4706
f 1441/5063/4705 2621/5064/4706 1442/5065/4707
f 1442/5065/4707 2621/5064/4706 2620/5066/4708
f 1442/5065/4707 2620/5066/4708 1443/5067/4709
f 1443/5067/4709 2620/5066/4708 2607/5068/4710
f 1443/5069/4709 2607/5070/4710 1444/5071/4711
f 1444/5071/4711 2607/5070/4710 2619/5072/4712
f 1444/5071/4711 2619/5072/4712 1445/5073/4713
f 1445/5073/4713 2619/5072/4712 2618/5074/4714
f 1445/5073/4713 2618/5074/4714 1446/5075/4715
f 1446/5075/4715 2618/5074/4714 2617/5076/4716
f 1446/5075/4715 2617/5076/4716 1447/5077/4717
f 1447/5077/4717 2617/5076/4716 2616/5078/4718
f 1447/5077/4717 2616/5078/4718 1448/5079/4719
f 1448/5079/4719 2616/5078/4718 2615/5080/4720
f 1448/5079/4719 2615/5080/4720 1449/5081/4721
f 1449/5081/4721 2615/5080/4720 2614/5082/4722
f 1449/5081/4721 2614/5082/4722 1450/5083/4723
f 1450/5083/4723 2614/5082/4722 2613/5084/4724
f 1450/5083/4723 2613/5084/4724 1451/5085/4725
f 1451/5085/4725 2613/5084/4724 2612/5086/4726
f 1451/5085/4725 2612/5086/4726 1452/5087/4727
f 1452/5087/4727 2612/5086/4726 2611/5088/4728
f 1452/5087/4727 2611/5088/4728 1453/5089/4729
f 1453/5089/4729 2611/5088/4728 2610/5090/4730
f 1453/5089/4729 2610/5090/4730 1454/5041/4683
f 1454/5041/4683 2610/5090/4730 2608/5042/4684
f 2584/5091/4731 2619/5072/4712 2583/5092/4732
f 2583/5092/4732 2619/5072/4712 2607/5070/4710
f 2583/5093/4732 2607/5068/4710 2606/5094/4733
f 2606/5094/4733 2607/5068/4710 2620/5066/4708
f 2606/5094/4733 2620/5066/4708 2605/5095/4734
f 2605/5095/4734 2620/5066/4708 2621/5064/4706
f 2605/5095/4734 2621/5064/4706 2604/5096/4735
f 2604/5096/4735 2621/5064/4706 2622/5062/4704
f 2604/5096/4735 2622/5062/4704 2603/5097/4736
f 2603/5097/4736 2622/5062/4704 2623/5060/4702
f 2603/5097/4736 2623/5060/4702 2602/5098/4737
f 2602/5098/4737 2623/5060/4702 2624/5058/4700
f 2602/5098/4737 2624/5058/4700 2601/5099/4738
f 2601/5099/4738 2624/5058/4700 2625/5056/4698
f 2601/5099/4738 2625/5056/4698 2600/5100/4739
f 2600/5100/4739 2625/5056/4698 2626/5054/4696
f 2600/5100/4739 2626/5054/4696 2599/5101/4740
f 2599/5101/4740 2626/5054/4696 2627/5052/4694
f 2599/5101/4740 2627/5052/4694 2598/5102/4741
f 2598/5102/4741 2627/5052/4694 2628/5050/4692
f 2598/5102/4741 2628/5050/4692 2597/5103/4742
f 2597/5103/4742 2628/5050/4692 2629/5048/4690
f 2597/5103/4742 2629/5048/4690 2596/5104/4743
f 2596/5104/4743 2629/5048/4690 2630/5046/4688
f 2596/5104/4743 2630/5046/4688 2595/5105/4744
f 2595/5105/4744 2630/5046/4688 2609/5044/4686
f 2595/5105/4744 2609/5044/4686 2594/5106/4745
f 2594/5106/4745 2609/5044/4686 2608/5042/4684
f 2594/5106/4745 2608/5042/4684 2593/5107/4746
f 2593/5107/4746 2608/5042/4684 2610/5090/4730
f 2593/5107/4746 2610/5090/4730 2592/5108/4747
f 2592/5108/4747 2610/5090/4730 2611/5088/4728
f 2592/5108/4747 2611/5088/4728 2591/5109/4748
f 2591/5109/4748 2611/5088/4728 2612/5086/4726
f 2591/5109/4748 2612/5086/4726 2590/5110/4749
f 2590/5110/4749 2612/5086/4726 2613/5084/4724
f 2590/5110/4749 2613/5084/4724 2589/5111/4750
f 2589/5111/4750 2613/5084/4724 2614/5082/4722
f 2589/5111/4750 2614/5082/4722 2588/5112/4751
f 2588/5112/4751 2614/5082/4722 2615/5080/4720
f 2588/5112/4751 2615/5080/4720 2587/5113/4752
f 2587/5113/4752 2615/5080/4720 2616/5078/4718
f 2587/5113/4752 2616/5078/4718 2586/5114/4753
f 2586/5114/4753 2616/5078/4718 2617/5076/4716
f 2586/5114/4753 2617/5076/4716 2585/5115/4754
f 2585/5115/4754 2617/5076/4716 2618/5074/4714
f 2585/5115/4754 2618/5074/4714 2584/5091/4731
f 2584/5091/4731 2618/5074/4714 2619/5072/4712
f 2078/5116/4755 2656/5117/4756 2055/5118/4757
f 2055/5118/4757 2656/5117/4756 2657/5119/4758
f 2055/5118/4757 2657/5119/4758 2056/5120/4759
f 2056/5120/4759 2657/5119/4758 2678/5121/4760
f 2056/5120/4759 2678/5121/4760 2057/5122/4761
f 2057/5122/4761 2678/5121/4760 2677/5123/4762
f 2057/5122/4761 2677/5123/4762 2058/5124/4763
f 2058/5124/4763 2677/5123/4762 2676/5125/4764
f 2058/5124/4763 2676/5125/4764 2059/5126/4765
f 2059/5126/4765 2676/5125/4764 2675/5127/4766
f 2059/5126/4765 2675/5127/4766 2060/5128/4767
f 2060/5128/4767 2675/5127/4766 2674/5129/4768
f 2060/5128/4767 2674/5129/4768 2061/5130/4769
f 2061/5130/4769 2674/5129/4768 2673/5131/4770
f 2061/5130/4769 2673/5131/4770 2062/5132/4771
f 2062/5132/4771 2673/5131/4770 2672/5133/4772
f 2062/5132/4771 2672/5133/4772 2063/5134/4773
f 2063/5134/4773 2672/5133/4772 2671/5135/4774
f 2063/5134/4773 2671/5135/4774 2064/5136/4775
f 2064/5136/4775 2671/5135/4774 2670/5137/4776
f 2064/5136/4775 2670/5137/4776 2065/5138/4777
f 2065/5138/4777 2670/5137/4776 2669/5139/4778
f 2065/5138/4777 2669/5139/4778 2066/5140/4779
f 2066/5140/4779 2669/5139/4778 2668/5141/4780
f 2066/5140/4779 2668/5141/4780 2067/5142/4781
f 2067/5142/4781 2668/5141/4780 2655/5143/4782
f 2067/5144/4781 2655/5145/4782 2068/5146/4783
f 2068/5146/4783 2655/5145/4782 2667/5147/4784
f 2068/5146/4783 2667/5147/4784 2069/5148/4785
f 2069/5148/4785 2667/5147/4784 2666/5149/4786
f 2069/5148/4785 2666/5149/4786 2070/5150/4787
f 2070/5150/4787 2666/5149/4786 2665/5151/4788
f 2070/5150/4787 2665/5151/4788 2071/5152/4789
f 2071/5152/4789 2665/5151/4788 2664/5153/4790
f 2071/5152/4789 2664/5153/4790 2072/5154/4791
f 2072/5154/4791 2664/5153/4790 2663/5155/4792
f 2072/5154/4791 2663/5155/4792 2073/5156/4793
f 2073/5156/4793 2663/5155/4792 2662/5157/4794
f 2073/5156/4793 2662/5157/4794 2074/5158/4795
f 2074/5158/4795 2662/5157/4794 2661/5159/4796
f 2074/5158/4795 2661/5159/4796 2075/5160/4797
f 2075/5160/4797 2661/5159/4796 2660/5161/4798
f 2075/5160/4797 2660/5161/4798 2076/5162/4799
f 2076/5162/4799 2660/5161/4798 2659/5163/4800
f 2076/5162/4799 2659/5163/4800 2077/5164/4801
f 2077/5164/4801 2659/5163/4800 2658/5165/4802
f 2077/5164/4801 2658/5165/4802 2078/5116/4755
f 2078/5116/4755 2658/5165/4802 2656/5117/4756
f 2632/5166/4803 2667/5147/4784 2631/5167/4804
f 2631/5167/4804 2667/5147/4784 2655/5145/4782
f 2631/5168/4804 2655/5143/4782 2654/5169/4805
f 2654/5169/4805 2655/5143/4782 2668/5141/4780
f 2654/5169/4805 2668/5141/4780 2653/5170/4806
f 2653/5170/4806 2668/5141/4780 2669/5139/4778
f 2653/5170/4806 2669/5139/4778 2652/5171/4807
f 2652/5171/4807 2669/5139/4778 2670/5137/4776
f 2652/5171/4807 2670/5137/4776 2651/5172/4808
f 2651/5172/4808 2670/5137/4776 2671/5135/4774
f 2651/5172/4808 2671/5135/4774 2650/5173/4809
f 2650/5173/4809 2671/5135/4774 2672/5133/4772
f 2650/5173/4809 2672/5133/4772 2649/5174/4810
f 2649/5174/4810 2672/5133/4772 2673/5131/4770
f 2649/5174/4810 2673/5131/4770 2648/5175/4811
f 2648/5175/4811 2673/5131/4770 2674/5129/4768
f 2648/5175/4811 2674/5129/4768 2647/5176/4812
f 2647/5176/4812 2674/5129/4768 2675/5127/4766
f 2647/5176/4812 2675/5127/4766 2646/5177/4813
f 2646/5177/4813 2675/5127/4766 2676/5125/4764
f 2646/5177/4813 2676/5125/4764 2645/5178/4814
f 2645/5178/4814 2676/5125/4764 2677/5123/4762
f 2645/5178/4814 2677/5123/4762 2644/5179/4815
f 2644/5179/4815 2677/5123/4762 2678/5121/4760
f 2644/5179/4815 2678/5121/4760 2643/5180/4816
f 2643/5180/4816 2678/5121/4760 2657/5119/4758
f 2643/5180/4816 2657/5119/4758 2642/5181/4817
f 2642/5181/4817 2657/5119/4758 2656/5117/4756
f 2642/5181/4817 2656/5117/4756 2641/5182/4818
f 2641/5182/4818 2656/5117/4756 2658/5165/4802
f 2641/5182/4818 2658/5165/4802 2640/5183/4819
f 2640/5183/4819 2658/5165/4802 2659/5163/4800
f 2640/5183/4819 2659/5163/4800 2639/5184/4820
f 2639/5184/4820 2659/5163/4800 2660/5161/4798
f 2639/5184/4820 2660/5161/4798 2638/5185/4821
f 2638/5185/4821 2660/5161/4798 2661/5159/4796
f 2638/5185/4821 2661/5159/4796 2637/5186/4822
f 2637/5186/4822 2661/5159/4796 2662/5157/4794
f 2637/5186/4822 2662/5157/4794 2636/5187/4823
f 2636/5187/4823 2662/5157/4794 2663/5155/4792
f 2636/5187/4823 2663/5155/4792 2635/5188/4824
f 2635/5188/4824 2663/5155/4792 2664/5153/4790
f 2635/5188/4824 2664/5153/4790 2634/5189/4825
f 2634/5189/4825 2664/5153/4790 2665/5151/4788
f 2634/5189/4825 2665/5151/4788 2633/5190/4826
f 2633/5190/4826 2665/5151/4788 2666/5149/4786
f 2633/5190/4826 2666/5149/4786 2632/5166/4803
f 2632/5166/4803 2666/5149/4786 2667/5147/4784
f 2698/5191/4827 2679/5192/4828 2705/5193/4829
f 2705/5193/4829 2679/5192/4828 2680/5194/4830
f 2705/5193/4829 2680/5194/4830 2706/5195/4831
f 2706/5195/4831 2680/5194/4830 2709/5196/4832
f 2706/5195/4831 2709/5196/4832 2710/5197/4833
f 2710/5197/4833 2709/5196/4832 2713/5198/4834
f 2710/5197/4833 2713/5198/4834 2714/5199/4835
f 2714/5199/4835 2713/5198/4834 2717/5200/4836
f 2714/5199/4835 2717/5200/4836 2699/5201/4837
f 2680/5194/4830 2681/5202/4838 2709/5196/4832
f 2709/5196/4832 2681/5202/4838 2712/5203/4839
f 2709/5196/4832 2712/5203/4839 2713/5198/4834
f 2713/5198/4834 2712/5203/4839 2716/5204/4840
f 2713/5198/4834 2716/5204/4840 2717/5200/4836
f 2717/5200/4836 2716/5204/4840 2720/5205/4841
f 2717/5200/4836 2720/5205/4841 2699/5206/4837
f 2681/5202/4838 2682/5207/4842 2712/5203/4839
f 2712/5203/4839 2682/5207/4842 2715/5208/4843
f 2712/5203/4839 2715/5208/4843 2716/5204/4840
f 2716/5204/4840 2715/5208/4843 2719/5209/4844
f 2716/5204/4840 2719/5209/4844 2720/5205/4841
f 2720/5205/4841 2719/5209/4844 2721/5210/4845
f 2720/5205/4841 2721/5210/4845 2699/5211/4837
f 2682/5207/4842 2683/5212/4846 2715/5208/4843
f 2715/5208/4843 2683/5212/4846 2718/5213/4847
f 2715/5208/4843 2718/5213/4847 2719/5209/4844
f 2719/5209/4844 2718/5213/4847 2722/5214/4848
f 2719/5209/4844 2722/5214/4848 2721/5210/4845
f 2721/5210/4845 2722/5214/4848 2726/5215/4849
f 2721/5210/4845 2726/5215/4849 2699/5216/4837
f 2718/5213/4847 2683/5212/4846 2723/5217/4850
f 2723/5217/4850 2683/5212/4846 2684/5218/4851
f 2723/5217/4850 2684/5218/4851 2685/5219/4852
f 2686/5220/4853 2727/5221/4854 2685/5219/4852
f 2685/5219/4852 2727/5221/4854 2724/5222/4855
f 2685/5219/4852 2724/5222/4855 2723/5217/4850
f 2723/5217/4850 2724/5222/4855 2725/5223/4856
f 2723/5217/4850 2725/5223/4856 2722/5214/4848
f 2722/5214/4848 2725/5223/4856 2726/5215/4849
f 2727/5221/4854 2686/5220/4853 2700/5224/4857
f 2700/5225/4857 2686/5226/4853 2687/5227/4858
f 2700/5225/4857 2687/5227/4858 2730/5228/4859
f 2730/5228/4859 2687/5227/4858 2688/5229/4860
f 2730/5228/4859 2688/5229/4860 2733/5230/4861
f 2733/5230/4861 2688/5229/4860 2738/5231/4862
f 2733/5230/4861 2738/5231/4862 2737/5232/4863
f 2737/5232/4863 2738/5231/4862 2740/5233/4864
f 2737/5232/4863 2740/5233/4864 2741/5234/4865
f 2741/5234/4865 2740/5233/4864 2744/5235/4866
f 2741/5234/4865 2744/5235/4866 2699/5236/4837
f 2688/5229/4860 2689/5237/4867 2738/5231/4862
f 2738/5231/4862 2689/5237/4867 2690/5238/4868
f 2738/5231/4862 2690/5238/4868 2739/5239/4869
f 2739/5239/4869 2690/5238/4868 2742/5240/4870
f 2739/5239/4869 2742/5240/4870 2743/5241/4871
f 2743/5241/4871 2742/5240/4870 2746/5242/4872
f 2743/5241/4871 2746/5242/4872 2747/5243/4873
f 2747/5243/4873 2746/5242/4872 2750/5244/4874
f 2747/5243/4873 2750/5244/4874 2699/5245/4837
f 2690/5238/4868 2691/5246/4875 2742/5240/4870
f 2742/5240/4870 2691/5246/4875 2745/5247/4876
f 2742/5240/4870 2745/5247/4876 2746/5242/4872
f 2746/5242/4872 2745/5247/4876 2749/5248/4877
f 2746/5242/4872 2749/5248/4877 2750/5244/4874
f 2750/5244/4874 2749/5248/4877 2753/5249/4878
f 2750/5244/4874 2753/5249/4878 2699/5250/4837
f 2691/5246/4875 2692/5251/4879 2745/5247/4876
f 2745/5247/4876 2692/5251/4879 2748/5252/4880
f 2745/5247/4876 2748/5252/4880 2749/5248/4877
f 2749/5248/4877 2748/5252/4880 2752/5253/4881
f 2749/5248/4877 2752/5253/4881 2753/5249/4878
f 2753/5249/4878 2752/5253/4881 2754/5254/4882
f 2753/5249/4878 2754/5254/4882 2699/5255/4837
f 2692/5251/4879 2693/5256/4883 2748/5252/4880
f 2748/5252/4880 2693/5256/4883 2751/5257/4884
f 2748/5252/4880 2751/5257/4884 2752/5253/4881
f 2752/5253/4881 2751/5257/4884 2755/5258/4885
f 2752/5253/4881 2755/5258/4885 2754/5254/4882
f 2754/5254/4882 2755/5258/4885 2759/5259/4886
f 2754/5254/4882 2759/5259/4886 2699/5260/4837
f 2751/5257/4884 2693/5256/4883 2756/5261/4887
f 2756/5261/4887 2693/5256/4883 2694/5262/4888
f 2756/5261/4887 2694/5262/4888 2695/5263/4889
f 2696/5264/4890 2760/5265/4891 2695/5263/4889
f 2695/5263/4889 2760/5265/4891 2757/5266/4892
f 2695/5263/4889 2757/5266/4892 2756/5261/4887
f 2756/5261/4887 2757/5266/4892 2758/5267/4893
f 2756/5261/4887 2758/5267/4893 2755/5258/4885
f 2755/5258/4885 2758/5267/4893 2759/5259/4886
f 2760/5265/4891 2696/5264/4890 2763/5268/4894
f 2763/5268/4894 2696/5264/4890 2697/5269/4895
f 2763/5268/4894 2697/5269/4895 2766/5270/4896
f 2766/5270/4896 2697/5269/4895 2698/5191/4827
f 2766/5270/4896 2698/5191/4827 2769/5271/4897
f 2769/5271/4897 2698/5191/4827 2705/5193/4829
f 2769/5271/4897 2705/5193/4829 2704/5272/4898
f 2704/5272/4898 2705/5193/4829 2707/5273/4899
f 2704/5272/4898 2707/5273/4899 2708/5274/4900
f 2708/5274/4900 2707/5273/4899 2711/5275/4901
f 2708/5274/4900 2711/5275/4901 2699/5276/4837
f 2702/5277/4902 2699/5278/4837 2729/5279/4903
f 2729/5279/4903 2699/5280/4837 2726/5215/4849
f 2714/5199/4835 2699/5281/4837 2711/5275/4901
f 2703/5282/4904 2699/5283/4837 2771/5284/4905
f 2771/5284/4905 2699/5285/4837 2768/5286/4906
f 2768/5286/4906 2699/5287/4837 2765/5288/4907
f 2765/5288/4907 2699/5289/4837 2762/5290/4908
f 2762/5290/4908 2699/5291/4837 2759/5259/4886
f 2747/5243/4873 2699/5292/4837 2744/5235/4866
f 2741/5234/4865 2699/5293/4837 2736/5294/4909
f 2736/5294/4909 2699/5295/4837 2735/5296/4910
f 2735/5296/4910 2699/5297/4837 2732/5298/4911
f 2732/5298/4911 2699/5299/4837 2702/5300/4902
f 2700/5224/4857 2701/5301/4912 2727/5221/4854
f 2727/5221/4854 2701/5301/4912 2728/5302/4913
f 2727/5221/4854 2728/5302/4913 2724/5222/4855
f 2724/5222/4855 2728/5302/4913 2725/5223/4856
f 2701/5301/4912 2702/5277/4902 2728/5302/4913
f 2728/5302/4913 2702/5277/4902 2729/5279/4903
f 2728/5302/4913 2729/5279/4903 2725/5223/4856
f 2725/5223/4856 2729/5279/4903 2726/5215/4849
f 2701/5303/4912 2700/5225/4857 2731/5304/4914
f 2731/5304/4914 2700/5225/4857 2730/5228/4859
f 2731/5304/4914 2730/5228/4859 2734/5305/4915
f 2734/5305/4915 2730/5228/4859 2733/5230/4861
f 2734/5305/4915 2733/5230/4861 2737/5232/4863
f 2702/5300/4902 2701/5303/4912 2732/5298/4911
f 2732/5298/4911 2701/5303/4912 2731/5304/4914
f 2732/5298/4911 2731/5304/4914 2735/5296/4910
f 2735/5296/4910 2731/5304/4914 2734/5305/4915
f 2735/5296/4910 2734/5305/4915 2736/5294/4909
f 2736/5294/4909 2734/5305/4915 2737/5232/4863
f 2736/5294/4909 2737/5232/4863 2741/5234/4865
f 2708/5274/4900 2699/5306/4837 2703/5282/4904
f 2708/5274/4900 2703/5282/4904 2704/5272/4898
f 2704/5272/4898 2703/5282/4904 2770/5307/4916
f 2704/5272/4898 2770/5307/4916 2769/5271/4897
f 2769/5271/4897 2770/5307/4916 2766/5270/4896
f 2770/5307/4916 2703/5282/4904 2771/5284/4905
f 2705/5193/4829 2706/5195/4831 2707/5273/4899
f 2707/5273/4899 2706/5195/4831 2710/5197/4833
f 2707/5273/4899 2710/5197/4833 2711/5275/4901
f 2711/5275/4901 2710/5197/4833 2714/5199/4835
f 2723/5217/4850 2722/5214/4848 2718/5213/4847
f 2738/5231/4862 2739/5239/4869 2740/5233/4864
f 2740/5233/4864 2739/5239/4869 2743/5241/4871
f 2740/5233/4864 2743/5241/4871 2744/5235/4866
f 2744/5235/4866 2743/5241/4871 2747/5243/4873
f 2756/5261/4887 2755/5258/4885 2751/5257/4884
f 2762/5290/4908 2759/5259/4886 2758/5267/4893
f 2758/5267/4893 2757/5266/4892 2761/5308/4917
f 2761/5308/4917 2757/5266/4892 2760/5265/4891
f 2761/5308/4917 2760/5265/4891 2764/5309/4918
f 2764/5309/4918 2760/5265/4891 2763/5268/4894
f 2764/5309/4918 2763/5268/4894 2767/5310/4919
f 2767/5310/4919 2763/5268/4894 2766/5270/4896
f 2767/5310/4919 2766/5270/4896 2770/5307/4916
f 2765/5288/4907 2762/5290/4908 2761/5308/4917
f 2761/5308/4917 2762/5290/4908 2758/5267/4893
f 2765/5288/4907 2761/5308/4917 2764/5309/4918
f 2768/5286/4906 2765/5288/4907 2764/5309/4918
f 2768/5286/4906 2764/5309/4918 2767/5310/4919
f 2771/5284/4905 2768/5286/4906 2767/5310/4919
f 2771/5284/4905 2767/5310/4919 2770/5307/4916
f 2688/5311/4920 2780/5312/4921 2689/5313/4922
f 2689/5313/4922 2780/5312/4921 2776/5314/4923
f 2689/5313/4922 2776/5314/4923 2774/5315/4924
f 2774/5315/4924 2776/5314/4923 2773/5316/4925
f 2780/5312/4921 2688/5311/4920 2779/5317/4926
f 2779/5317/4926 2688/5311/4920 2687/5318/4927
f 2779/5317/4926 2687/5318/4927 2778/5319/4928
f 2778/5319/4928 2687/5318/4927 2686/5320/4929
f 2778/5319/4928 2686/5320/4929 2777/5321/4930
f 2777/5321/4930 2686/5320/4929 2685/5322/4931
f 2777/5321/4930 2685/5322/4931 2775/5323/4932
f 2775/5323/4932 2685/5322/4931 2684/5324/4933
f 2775/5323/4932 2684/5324/4933 2772/5325/4934
f 2772/5325/4934 2773/5326/4935 2784/5327/4936
f 2784/5327/4936 2773/5328/4937 2783/5329/4938
f 2783/5329/4938 2773/5330/4939 2782/5331/4940
f 2782/5331/4940 2773/5332/4941 2781/5333/4942
f 2772/5325/4934 2784/5327/4936 2775/5323/4932
f 2775/5323/4932 2784/5327/4936 2783/5329/4938
f 2775/5323/4932 2783/5329/4938 2777/5321/4930
f 2777/5321/4930 2783/5329/4938 2782/5331/4940
f 2777/5321/4930 2782/5331/4940 2778/5319/4928
f 2778/5319/4928 2782/5331/4940 2781/5333/4942
f 2778/5319/4928 2781/5333/4942 2779/5317/4926
f 2779/5317/4926 2781/5333/4942 2776/5314/4923
f 2779/5317/4926 2776/5314/4923 2780/5312/4921
f 2776/5314/4923 2781/5333/4942 2773/5316/4925
f 2693/5334/4943 2793/5335/4944 2694/5336/4945
f 2694/5336/4945 2793/5335/4944 2789/5337/4946
f 2694/5336/4945 2789/5337/4946 2787/5338/4947
f 2787/5338/4947 2789/5337/4946 2786/5339/4948
f 2793/5335/4944 2693/5334/4943 2792/5340/4949
f 2792/5340/4949 2693/5334/4943 2692/5341/4950
f 2792/5340/4949 2692/5341/4950 2791/5342/4951
f 2791/5342/4951 2692/5341/4950 2691/5343/4952
f 2791/5342/4951 2691/5343/4952 2790/5344/4953
f 2790/5344/4953 2691/5343/4952 2690/5345/4954
f 2790/5344/4953 2690/5345/4954 2788/5346/4955
f 2788/5346/4955 2690/5345/4954 2689/5347/4956
f 2788/5346/4955 2689/5347/4956 2785/5348/4957
f 2785/5348/4957 2786/5349/4958 2797/5350/4959
f 2797/5350/4959 2786/5351/4960 2796/5352/4961
f 2796/5352/4961 2786/5353/4962 2795/5354/4963
f 2795/5354/4963 2786/5355/4964 2794/5356/4965
f 2785/5348/4957 2797/5350/4959 2788/5346/4955
f 2788/5346/4955 2797/5350/4959 2796/5352/4961
f 2788/5346/4955 2796/5352/4961 2790/5344/4953
f 2790/5344/4953 2796/5352/4961 2795/5354/4963
f 2790/5344/4953 2795/5354/4963 2791/5342/4951
f 2791/5342/4951 2795/5354/4963 2794/5356/4965
f 2791/5342/4951 2794/5356/4965 2792/5340/4949
f 2792/5340/4949 2794/5356/4965 2789/5337/4946
f 2792/5340/4949 2789/5337/4946 2793/5335/4944
f 2789/5337/4946 2794/5356/4965 2786/5339/4948
f 2800/5357/4966 2679/5358/4967 2805/5359/4968
f 2805/5359/4968 2679/5358/4967 2698/5360/4969
f 2805/5359/4968 2698/5360/4969 2804/5361/4970
f 2804/5361/4970 2698/5360/4969 2697/5362/4971
f 2804/5361/4970 2697/5362/4971 2803/5363/4972
f 2803/5363/4972 2697/5362/4971 2696/5364/4973
f 2803/5363/4972 2696/5364/4973 2802/5365/4974
f 2802/5365/4974 2696/5364/4973 2695/5366/4975
f 2802/5365/4974 2695/5366/4975 2801/5367/4976
f 2801/5367/4976 2695/5366/4975 2694/5368/4977
f 2801/5367/4976 2694/5368/4977 2798/5369/4978
f 2799/5370/4979 2800/5357/4966 2805/5359/4968
f 2798/5369/4978 2799/5371/4980 2801/5367/4976
f 2801/5367/4976 2799/5372/4981 2802/5365/4974
f 2802/5365/4974 2799/5373/4982 2803/5363/4972
f 2803/5363/4972 2799/5374/4983 2804/5361/4970
f 2804/5361/4970 2799/5375/4984 2805/5359/4968
f 2808/5376/4985 2684/5377/4986 2813/5378/4987
f 2813/5378/4987 2684/5377/4986 2683/5379/4988
f 2813/5378/4987 2683/5379/4988 2812/5380/4989
f 2812/5380/4989 2683/5379/4988 2682/5381/4990
f 2812/5380/4989 2682/5381/4990 2811/5382/4991
f 2811/5382/4991 2682/5381/4990 2681/5383/4992
f 2811/5382/4991 2681/5383/4992 2810/5384/4993
f 2810/5384/4993 2681/5383/4992 2680/5385/4994
f 2810/5384/4993 2680/5385/4994 2809/5386/4995
f 2809/5386/4995 2680/5385/4994 2679/5387/4996
f 2809/5386/4995 2679/5387/4996 2806/5388/4997
f 2807/5389/4998 2808/5376/4985 2813/5378/4987
f 2806/5388/4997 2807/5390/4999 2809/5386/4995
f 2809/5386/4995 2807/5391/5000 2810/5384/4993
f 2810/5384/4993 2807/5392/5001 2811/5382/4991
f 2811/5382/4991 2807/5393/5002 2812/5380/4989
f 2812/5380/4989 2807/5394/5003 2813/5378/4987
f 2772/5395/5004 2818/5396/5005 2773/5397/5006
f 2773/5397/5006 2818/5396/5005 2819/5398/5007
f 2773/5397/5006 2819/5398/5007 1009/5399/5008
f 1009/5399/5008 2819/5398/5007 1010/5400/5009
f 1010/5400/5009 2819/5398/5007 2821/5401/5010
f 1010/5400/5009 2821/5401/5010 1011/5402/5011
f 1011/5402/5011 2821/5401/5010 1012/5403/5012
f 1012/5403/5012 2821/5401/5010 2823/5404/5013
f 1012/5403/5012 2823/5404/5013 2817/5405/5014
f 2817/5405/5014 2823/5404/5013 2816/5406/5015
f 2816/5406/5015 2823/5404/5013 2825/5407/5016
f 2816/5406/5015 2825/5407/5016 2815/5408/5017
f 2815/5408/5017 2825/5407/5016 2814/5409/5018
f 2814/5409/5018 2825/5407/5016 2807/5410/5019
f 2807/5410/5019 2825/5407/5016 2824/5411/5020
f 2807/5410/5019 2824/5411/5020 2808/5412/5021
f 2808/5412/5021 2824/5411/5020 2822/5413/5022
f 2808/5412/5021 2822/5413/5022 2684/5414/4851
f 2684/5414/4851 2822/5413/5022 2820/5415/5023
f 2684/5414/4851 2820/5415/5023 2772/5395/5004
f 2772/5395/5004 2820/5415/5023 2818/5396/5005
f 1009/5399/5008 1008/5416/5024 2773/5397/5006
f 2821/5401/5010 2819/5398/5007 2818/5396/5005
f 2823/5404/5013 2821/5401/5010 2820/5415/5023
f 2820/5415/5023 2821/5401/5010 2818/5396/5005
f 2825/5407/5016 2823/5404/5013 2822/5413/5022
f 2822/5413/5022 2823/5404/5013 2820/5415/5023
f 2824/5411/5020 2825/5407/5016 2822/5413/5022
f 2806/5417/5025 2835/5418/5026 2807/5419/5019
f 2807/5419/5019 2835/5418/5026 2836/5420/5027
f 2807/5419/5019 2836/5420/5027 2833/5421/5028
f 2833/5421/5028 2836/5420/5027 2832/5422/5029
f 2832/5422/5029 2836/5420/5027 2838/5423/5030
f 2832/5422/5029 2838/5423/5030 2831/5424/5031
f 2831/5424/5031 2838/5423/5030 2830/5425/5032
f 2830/5425/5032 2838/5423/5030 2840/5426/5033
f 2830/5425/5032 2840/5426/5033 2829/5427/5034
f 2829/5427/5034 2840/5426/5033 2828/5428/5035
f 2828/5428/5035 2840/5426/5033 2842/5429/5036
f 2828/5428/5035 2842/5429/5036 2827/5430/5037
f 2827/5430/5037 2842/5429/5036 2826/5431/5038
f 2826/5431/5038 2842/5429/5036 2799/5432/5039
f 2799/5432/5039 2842/5429/5036 2841/5433/5040
f 2799/5432/5039 2841/5433/5040 2800/5434/5041
f 2800/5434/5041 2841/5433/5040 2839/5435/5042
f 2800/5434/5041 2839/5435/5042 2679/5436/4828
f 2679/5436/4828 2839/5435/5042 2837/5437/5043
f 2679/5436/4828 2837/5437/5043 2806/5417/5025
f 2806/5417/5025 2837/5437/5043 2835/5418/5026
f 2833/5421/5028 2834/5438/5044 2807/5419/5019
f 2838/5423/5030 2836/5420/5027 2835/5418/5026
f 2840/5426/5033 2838/5423/5030 2837/5437/5043
f 2837/5437/5043 2838/5423/5030 2835/5418/5026
f 2842/5429/5036 2840/5426/5033 2839/5435/5042
f 2839/5435/5042 2840/5426/5033 2837/5437/5043
f 2841/5433/5040 2842/5429/5036 2839/5435/5042
f 2774/5439/5045 2845/5440/5046 2689/5441/4867
f 2689/5441/4867 2845/5440/5046 2844/5442/5047
f 2689/5441/4867 2844/5442/5047 2785/5443/5048
f 2785/5443/5048 2844/5442/5047 2850/5444/5049
f 2785/5443/5048 2850/5444/5049 2786/5445/5050
f 2786/5445/5050 2850/5444/5049 2849/5446/5051
f 2786/5445/5050 2849/5446/5051 1019/5447/5052
f 1019/5447/5052 2849/5446/5051 1020/5448/5053
f 1020/5448/5053 2849/5446/5051 2843/5449/5054
f 1020/5448/5053 2843/5449/5054 1021/5450/5055
f 1021/5450/5055 2843/5449/5054 1003/5451/5056
f 1003/5451/5056 2843/5449/5054 2846/5452/5057
f 1003/5451/5056 2846/5452/5057 1004/5453/5058
f 1004/5453/5058 2846/5452/5057 1005/5454/5059
f 1005/5454/5059 2846/5452/5057 2848/5455/5060
f 1005/5454/5059 2848/5455/5060 1006/5456/5061
f 1006/5456/5061 2848/5455/5060 1007/5457/5062
f 1007/5457/5062 2848/5455/5060 2773/5458/5006
f 2773/5458/5006 2848/5455/5060 2847/5459/5063
f 2773/5458/5006 2847/5459/5063 2774/5439/5045
f 2774/5439/5045 2847/5459/5063 2845/5440/5046
f 1019/5447/5052 1018/5460/5064 2786/5445/5050
f 2843/5449/5054 2844/5442/5047 2846/5452/5057
f 2846/5452/5057 2844/5442/5047 2845/5440/5046
f 2846/5452/5057 2845/5440/5046 2848/5455/5060
f 2848/5455/5060 2845/5440/5046 2847/5459/5063
f 2849/5446/5051 2850/5444/5049 2843/5449/5054
f 2843/5449/5054 2850/5444/5049 2844/5442/5047
f 2773/5461/5006 1008/5462/5024 1007/5463/5062
f 2826/5464/5038 2799/5465/5039 2851/5466/5065
f 2787/5467/5066 2857/5468/5067 2694/5469/4888
f 2694/5469/4888 2857/5468/5067 2856/5470/5068
f 2694/5469/4888 2856/5470/5068 2798/5471/5069
f 2798/5471/5069 2856/5470/5068 2862/5472/5070
f 2798/5471/5069 2862/5472/5070 2799/5473/5039
f 2799/5473/5039 2862/5472/5070 2861/5474/5071
f 2799/5473/5039 2861/5474/5071 2854/5475/5072
f 2854/5475/5072 2861/5474/5071 2853/5476/5073
f 2853/5476/5073 2861/5474/5071 2855/5477/5074
f 2853/5476/5073 2855/5477/5074 2852/5478/5075
f 2852/5478/5075 2855/5477/5074 1013/5479/5076
f 1013/5479/5076 2855/5477/5074 2858/5480/5077
f 1013/5479/5076 2858/5480/5077 1014/5481/5078
f 1014/5481/5078 2858/5480/5077 1015/5482/5079
f 1015/5482/5079 2858/5480/5077 2860/5483/5080
f 1015/5482/5079 2860/5483/5080 1016/5484/5081
f 1016/5484/5081 2860/5483/5080 1017/5485/5082
f 1017/5485/5082 2860/5483/5080 2786/5486/5050
f 2786/5486/5050 2860/5483/5080 2859/5487/5083
f 2786/5486/5050 2859/5487/5083 2787/5467/5066
f 2787/5467/5066 2859/5487/5083 2857/5468/5067
f 2854/5475/5072 2851/5488/5065 2799/5473/5039
f 2855/5477/5074 2856/5470/5068 2858/5480/5077
f 2858/5480/5077 2856/5470/5068 2857/5468/5067
f 2858/5480/5077 2857/5468/5067 2860/5483/5080
f 2860/5483/5080 2857/5468/5067 2859/5487/5083
f 2861/5474/5071 2862/5472/5070 2855/5477/5074
f 2855/5477/5074 2862/5472/5070 2856/5470/5068
f 2786/5489/5050 1018/5490/5064 1017/5491/5082
f 2814/5492/5018 2807/5493/5019 2834/5494/5044
f 998/5495/5084 997/5496/5085 2830/5497/5086
f 2830/5497/5086 997/5496/5085 1012/5498/5087
f 2830/5497/5086 1012/5498/5087 2831/5499/5088
f 2831/5499/5088 1012/5498/5087 2817/5500/5089
f 2831/5499/5088 2817/5500/5089 2832/5501/5090
f 2832/5501/5090 2817/5500/5089 2834/5502/5091
f 2832/5501/5090 2834/5502/5091 2833/5503/5092
f 2817/5500/5089 2816/5504/5093 2834/5502/5091
f 2834/5502/5091 2816/5504/5093 2814/5505/5094
f 2814/5505/5094 2816/5504/5093 2815/5506/5095
f 1001/5507/5096 998/5508/5097 1013/5509/5098
f 1013/5509/5098 998/5508/5097 2830/5510/5099
f 1013/5509/5098 2830/5510/5099 2852/5511/5100
f 2852/5511/5100 2830/5510/5099 2829/5512/5101
f 2852/5511/5100 2829/5512/5101 2853/5513/5102
f 2853/5513/5102 2829/5512/5101 2851/5514/5103
f 2853/5513/5102 2851/5514/5103 2854/5515/5104
f 2829/5512/5101 2828/5516/5105 2851/5514/5103
f 2851/5514/5103 2828/5516/5105 2826/5517/5106
f 2826/5517/5106 2828/5516/5105 2827/5518/5107
f 2863/5519/5108 2864/5520/5109 1022/5521/5110
f 1022/5521/5110 2864/5520/5109 1023/5522/5111
f 2865/5523/5112 2863/5524/5113 1025/5525/5114
f 1025/5525/5114 2863/5524/5113 1022/5526/5115
f 2866/5527/5116 2865/5528/5117 1024/5529/5118
f 1024/5529/5118 2865/5528/5117 1025/5530/5119
f 2864/5531/5120 2866/5532/5121 1023/5533/5122
f 1023/5533/5122 2866/5532/5121 1024/5534/5123
f 1029/5535/5124 1028/5536/5125 2867/5537/5126
f 2867/5537/5126 1028/5536/5125 1035/5538/5127
f 1032/5539/5128 1029/5540/5129 1036/5541/5130
f 1036/5541/5130 1029/5540/5129 2867/5542/5131
f 2866/5543/5132 2864/5544/5133 1036/5545/5134
f 1036/5545/5134 2864/5544/5133 2863/5546/5135
f 1036/5545/5134 2863/5546/5135 1034/5547/5136
f 1034/5547/5136 2863/5546/5135 2865/5548/5137
f 1034/5547/5136 2865/5548/5137 1035/5549/5138
f 1035/5549/5138 2865/5548/5137 2866/5543/5132
f 1035/5549/5138 2866/5543/5132 2867/5550/5139
f 2867/5550/5139 2866/5543/5132 1036/5545/5134
f 2868/5551/5140 2869/5552/5141 1037/5553/5142
f 1037/5553/5142 2869/5552/5141 1038/5554/5143
f 2870/5555/5144 2868/5556/5145 1040/5557/5146
f 1040/5557/5146 2868/5556/5145 1037/5558/5147
f 2871/5559/5148 2870/5560/5149 1039/5561/5150
f 1039/5561/5150 2870/5560/5149 1040/5562/5151
f 2869/5563/5152 2871/5564/5153 1038/5565/5154
f 1038/5565/5154 2871/5564/5153 1039/5566/5155
f 2872/5567/5156 2873/5568/5157 2875/5569/5158
f 2875/5569/5158 2873/5568/5157 2874/5570/5159
f 2876/5571/5160 2872/5572/5161 2877/5573/5162
f 2877/5573/5162 2872/5572/5161 2875/5574/5163
f 2878/5575/5164 2876/5576/5165 2879/5577/5166
f 2879/5577/5166 2876/5576/5165 2877/5578/5167
f 2873/5579/5168 2878/5580/5169 2874/5581/5170
f 2874/5581/5170 2878/5580/5169 2879/5582/5171
f 2606/5583/5172 2877/5584/5173 2583/5585/5174
f 2583/5585/5174 2877/5584/5173 2875/5586/5175
f 2583/5585/5174 2875/5586/5175 2584/5587/5176
f 2584/5587/5176 2875/5586/5175 2585/5588/5177
f 2585/5588/5177 2875/5586/5175 2586/5589/5178
f 2586/5589/5178 2875/5586/5175 2587/5590/5179
f 2587/5590/5179 2875/5586/5175 2588/5591/5180
f 2588/5591/5180 2875/5586/5175 2589/5592/5181
f 2589/5592/5181 2875/5586/5175 2874/5593/5182
f 2589/5592/5181 2874/5593/5182 2590/5594/5183
f 2590/5594/5183 2874/5593/5182 2591/5595/5184
f 2591/5595/5184 2874/5593/5182 2592/5596/5185
f 2592/5596/5185 2874/5593/5182 2593/5597/5186
f 2593/5597/5186 2874/5593/5182 2594/5598/5187
f 2594/5598/5187 2874/5593/5182 2595/5599/5188
f 2595/5599/5188 2874/5593/5182 2879/5600/5189
f 2595/5599/5188 2879/5600/5189 2596/5601/5190
f 2596/5601/5190 2879/5600/5189 2597/5602/5191
f 2597/5602/5191 2879/5600/5189 2598/5603/5192
f 2598/5603/5192 2879/5600/5189 2599/5604/5193
f 2599/5604/5193 2879/5600/5189 2600/5605/5194
f 2600/5605/5194 2879/5600/5189 2601/5606/5195
f 2601/5606/5195 2879/5600/5189 2877/5584/5173
f 2601/5606/5195 2877/5584/5173 2602/5607/5196
f 2602/5607/5196 2877/5584/5173 2603/5608/5197
f 2603/5608/5197 2877/5584/5173 2604/5609/5198
f 2604/5609/5198 2877/5584/5173 2605/5610/5199
f 2605/5610/5199 2877/5584/5173 2606/5583/5172
f 2876/5611/5200 2878/5612/5201 2884/5613/5202
f 2884/5613/5202 2878/5612/5201 2883/5614/5203
f 2883/5614/5203 2878/5612/5201 2881/5615/5204
f 2883/5614/5203 2881/5615/5204 2882/5616/5205
f 2873/5617/5206 2880/5618/5207 2878/5612/5201
f 2878/5612/5201 2880/5618/5207 2881/5615/5204
f 2883/5619/5208 2882/5620/5209 2886/5621/5210
f 2886/5621/5210 2882/5620/5209 2885/5622/5211
f 2884/5623/5212 2883/5624/5213 2887/5625/5214
f 2887/5625/5214 2883/5624/5213 2886/5626/5215
f 2888/5627/5216 2884/5628/5217 2889/5629/5218
f 2889/5629/5218 2884/5628/5217 2887/5630/5219
f 2882/5631/5220 2888/5632/5221 2885/5633/5222
f 2885/5633/5222 2888/5632/5221 2889/5634/5223
f 2510/5635/5224 2889/5636/5225 2487/5637/5226
f 2487/5637/5226 2889/5636/5225 2887/5638/5227
f 2487/5637/5226 2887/5638/5227 2488/5639/5228
f 2488/5639/5228 2887/5638/5227 2489/5640/5229
f 2489/5640/5229 2887/5638/5227 2490/5641/5230
f 2490/5641/5230 2887/5638/5227 2491/5642/5231
f 2491/5642/5231 2887/5638/5227 2492/5643/5232
f 2492/5643/5232 2887/5638/5227 2493/5644/5233
f 2493/5644/5233 2887/5638/5227 2886/5645/5234
f 2493/5644/5233 2886/5645/5234 2494/5646/5235
f 2494/5646/5235 2886/5645/5234 2495/5647/5236
f 2495/5647/5236 2886/5645/5234 2496/5648/5237
f 2496/5648/5237 2886/5645/5234 2497/5649/5238
f 2497/5649/5238 2886/5645/5234 2498/5650/5239
f 2498/5650/5239 2886/5645/5234 2499/5651/5240
f 2499/5651/5240 2886/5645/5234 2885/5652/5241
f 2499/5651/5240 2885/5652/5241 2500/5653/5242
f 2500/5653/5242 2885/5652/5241 2501/5654/5243
f 2501/5654/5243 2885/5652/5241 2502/5655/5244
f 2502/5655/5244 2885/5652/5241 2503/5656/5245
f 2503/5656/5245 2885/5652/5241 2504/5657/5246
f 2504/5657/5246 2885/5652/5241 2505/5658/5247
f 2505/5658/5247 2885/5652/5241 2889/5636/5225
f 2505/5658/5247 2889/5636/5225 2506/5659/5248
f 2506/5659/5248 2889/5636/5225 2507/5660/5249
f 2507/5660/5249 2889/5636/5225 2508/5661/5250
f 2508/5661/5250 2889/5636/5225 2509/5662/5251
f 2509/5662/5251 2889/5636/5225 2510/5635/5224
f 2890/5663/5252 2891/5664/5253 2893/5665/5254
f 2893/5665/5254 2891/5664/5253 2892/5666/5255
f 2894/5667/5256 2890/5668/5257 2895/5669/5258
f 2895/5669/5258 2890/5668/5257 2893/5670/5259
f 2896/5671/5260 2894/5672/5261 2897/5673/5262
f 2897/5673/5262 2894/5672/5261 2895/5674/5263
f 2891/5675/5264 2896/5676/5265 2892/5677/5266
f 2892/5677/5266 2896/5676/5265 2897/5678/5267
f 2654/5679/5268 2893/5680/5269 2631/5681/5270
f 2631/5681/5270 2893/5680/5269 2892/5682/5271
f 2631/5681/5270 2892/5682/5271 2632/5683/5272
f 2632/5683/5272 2892/5682/5271 2633/5684/5273
f 2633/5684/5273 2892/5682/5271 2634/5685/5274
f 2634/5685/5274 2892/5682/5271 2635/5686/5275
f 2635/5686/5275 2892/5682/5271 2636/5687/5276
f 2636/5687/5276 2892/5682/5271 2637/5688/5277
f 2637/5688/5277 2892/5682/5271 2897/5689/5278
f 2637/5688/5277 2897/5689/5278 2638/5690/5279
f 2638/5690/5279 2897/5689/5278 2639/5691/5280
f 2639/5691/5280 2897/5689/5278 2640/5692/5281
f 2640/5692/5281 2897/5689/5278 2641/5693/5282
f 2641/5693/5282 2897/5689/5278 2642/5694/5283
f 2642/5694/5283 2897/5689/5278 2643/5695/5284
f 2643/5695/5284 2897/5689/5278 2895/5696/5285
f 2643/5695/5284 2895/5696/5285 2644/5697/5286
f 2644/5697/5286 2895/5696/5285 2645/5698/5287
f 2645/5698/5287 2895/5696/5285 2646/5699/5288
f 2646/5699/5288 2895/5696/5285 2647/5700/5289
f 2647/5700/5289 2895/5696/5285 2648/5701/5290
f 2648/5701/5290 2895/5696/5285 2649/5702/5291
f 2649/5702/5291 2895/5696/5285 2893/5680/5269
f 2649/5702/5291 2893/5680/5269 2650/5703/5292
f 2650/5703/5292 2893/5680/5269 2651/5704/5293
f 2651/5704/5293 2893/5680/5269 2652/5705/5294
f 2652/5705/5294 2893/5680/5269 2653/5706/5295
f 2653/5706/5295 2893/5680/5269 2654/5679/5268
f 2898/5707/5296 2899/5708/5297 2901/5709/5298
f 2901/5709/5298 2899/5708/5297 2900/5710/5299
f 2902/5711/5300 2898/5712/5301 2903/5713/5302
f 2903/5713/5302 2898/5712/5301 2901/5714/5303
f 2904/5715/5304 2902/5716/5305 2905/5717/5306
f 2905/5717/5306 2902/5716/5305 2903/5718/5307
f 2899/5719/5308 2904/5720/5309 2900/5721/5310
f 2900/5721/5310 2904/5720/5309 2905/5722/5311
f 2558/5723/5312 2900/5724/5313 2535/5725/5314
f 2535/5725/5314 2900/5724/5313 2905/5726/5315
f 2535/5725/5314 2905/5726/5315 2536/5727/5316
f 2536/5727/5316 2905/5726/5315 2537/5728/5317
f 2537/5728/5317 2905/5726/5315 2538/5729/5318
f 2538/5729/5318 2905/5726/5315 2539/5730/5319
f 2539/5730/5319 2905/5726/5315 2540/5731/5320
f 2540/5731/5320 2905/5726/5315 2541/5732/5321
f 2541/5732/5321 2905/5726/5315 2903/5733/5322
f 2541/5732/5321 2903/5733/5322 2542/5734/5323
f 2542/5734/5323 2903/5733/5322 2543/5735/5324
f 2543/5735/5324 2903/5733/5322 2544/5736/5325
f 2544/5736/5325 2903/5733/5322 2545/5737/5326
f 2545/5737/5326 2903/5733/5322 2546/5738/5327
f 2546/5738/5327 2903/5733/5322 2547/5739/5328
f 2547/5739/5328 2903/5733/5322 2901/5740/5329
f 2547/5739/5328 2901/5740/5329 2548/5741/5330
f 2548/5741/5330 2901/5740/5329 2549/5742/5331
f 2549/5742/5331 2901/5740/5329 2550/5743/5332
f 2550/5743/5332 2901/5740/5329 2551/5744/5333
f 2551/5744/5333 2901/5740/5329 2552/5745/5334
f 2552/5745/5334 2901/5740/5329 2553/5746/5335
f 2553/5746/5335 2901/5740/5329 2900/5724/5313
f 2553/5746/5335 2900/5724/5313 2554/5747/5336
f 2554/5747/5336 2900/5724/5313 2555/5748/5337
f 2555/5748/5337 2900/5724/5313 2556/5749/5338
f 2556/5749/5338 2900/5724/5313 2557/5750/5339
f 2557/5750/5339 2900/5724/5313 2558/5723/5312
f 2894/5751/5340 2904/5752/5341 2890/5753/5342
f 2890/5753/5342 2904/5752/5341 2906/5754/5343
f 2890/5753/5342 2906/5754/5343 2907/5755/5344
f 2894/5751/5340 2902/5756/5345 2904/5752/5341
f 2904/5752/5341 2899/5757/5346 2906/5754/5343
f 2907/5755/5344 2891/5758/5347 2890/5753/5342
f 2917/5759/5348 74/5760/5349 2916/5761/5350
f 2916/5761/5350 74/5760/5349 73/5762/5351
f 2916/5761/5350 73/5762/5351 2915/5763/5352
f 2915/5763/5352 73/5762/5351 72/5764/5353
f 2915/5763/5352 72/5764/5353 2914/5765/5354
f 2914/5765/5354 72/5764/5353 71/5766/5355
f 2914/5765/5354 71/5766/5355 2913/5767/5356
f 2913/5767/5356 71/5766/5355 2912/5768/5357
f 2912/5768/5357 71/5766/5355 70/5769/5358
f 2912/5768/5357 70/5769/5358 2911/5770/5359
f 2911/5770/5359 70/5769/5358 69/5771/5360
f 2911/5770/5359 69/5771/5360 2910/5772/5361
f 2910/5772/5361 69/5771/5360 2909/5773/5362
f 2909/5773/5362 69/5771/5360 68/5774/5363
f 2909/5773/5362 68/5774/5363 2908/5775/5364
f 74/5776/5349 2917/5777/5348 75/5778/5365
f 2927/5779/5366 108/5780/5367 2926/5781/5368
f 2926/5781/5368 108/5780/5367 107/5782/5369
f 2926/5781/5368 107/5782/5369 2925/5783/5370
f 2925/5783/5370 107/5782/5369 2924/5784/5371
f 2924/5784/5371 107/5782/5369 106/5785/5372
f 2924/5784/5371 106/5785/5372 2923/5786/5373
f 2923/5786/5373 106/5785/5372 105/5787/5374
f 2923/5786/5373 105/5787/5374 2922/5788/5375
f 2922/5788/5375 105/5787/5374 2921/5789/5376
f 2921/5789/5376 105/5787/5374 104/5790/5377
f 2921/5789/5376 104/5790/5377 2920/5791/5378
f 2920/5791/5378 104/5790/5377 103/5792/5379
f 2920/5791/5378 103/5792/5379 2919/5793/5380
f 2919/5793/5380 103/5792/5379 102/5794/5381
f 2919/5793/5380 102/5794/5381 2918/5795/5382
f 68/5796/5363 108/5797/5367 2908/5798/5364
f 2908/5798/5364 108/5797/5367 2927/5799/5366
f 2918/5800/5382 102/5801/5381 101/5802/5383
f 75/5803/5384 2917/5804/5385 76/5805/5386
f 76/5805/5386 2917/5804/5385 2916/5806/5387
f 76/5805/5386 2916/5806/5387 2915/5807/5388
f 76/5805/5386 2915/5807/5388 2929/5808/5389
f 2929/5808/5389 2915/5807/5388 2914/5809/5390
f 2929/5808/5389 2914/5809/5390 2913/5810/5391
f 2913/5810/5391 2912/5811/5392 2929/5808/5389
f 2929/5808/5389 2912/5811/5392 2911/5812/5393
f 2929/5808/5389 2911/5812/5393 2910/5813/5394
f 2910/5813/5394 2909/5814/5395 2929/5808/5389
f 2929/5808/5389 2909/5814/5395 2908/5815/5396
f 2929/5808/5389 2908/5815/5396 2927/5816/5397
f 2929/5808/5389 2927/5816/5397 2928/5817/5398
f 2928/5817/5398 2927/5816/5397 2926/5818/5399
f 2928/5817/5398 2926/5818/5399 2925/5819/5400
f 2925/5819/5400 2924/5820/5401 2928/5817/5398
f 2928/5817/5398 2924/5820/5401 2923/5821/5402
f 2928/5817/5398 2923/5821/5402 2922/5822/5403
f 2922/5822/5403 2921/5823/5404 2928/5817/5398
f 2928/5817/5398 2921/5823/5404 2920/5824/5405
f 2928/5817/5398 2920/5824/5405 100/5825/5406
f 100/5825/5406 2920/5824/5405 2919/5826/5407
f 100/5825/5406 2919/5826/5407 2918/5827/5408
f 2918/5827/5408 101/5828/5409 100/5825/5406
f 1108/5829/5410 1107/5830/5411 92/5831/5412
f 92/5831/5412 1107/5830/5411 93/5832/5413
f 1108/5833/5414 92/5834/5415 1086/5835/5416
f 1086/5835/5416 92/5834/5415 91/5836/5417
f 1086/5835/5416 91/5836/5417 2930/5837/5418
f 2930/5837/5418 91/5836/5417 1081/5838/5419
f 2930/5837/5418 1081/5838/5419 1080/5839/5420
f 91/5836/5417 90/5840/5421 1081/5838/5419
f 1081/5838/5419 90/5840/5421 1078/5841/5422
f 1078/5841/5422 90/5840/5421 1077/5842/5423
f 1077/5842/5423 90/5840/5421 1114/5843/5424
f 1114/5843/5424 90/5840/5421 89/5844/5425
f 1114/5843/5424 89/5844/5425 1115/5845/5426
f 1115/5845/5426 89/5844/5425 1104/5846/5427
f 1115/5845/5426 1104/5846/5427 1103/5847/5428
f 89/5844/5425 88/5848/5429 1104/5846/5427
f 1104/5846/5427 88/5848/5429 1102/5849/5430
f 1102/5849/5430 88/5848/5429 87/5850/5431
f 1102/5849/5430 87/5850/5431 1111/5851/5432
f 1111/5851/5432 87/5850/5431 1112/5852/5433
f 1112/5852/5433 87/5850/5431 86/5853/5434
f 1112/5852/5433 86/5853/5434 1097/5854/5435
f 1097/5854/5435 86/5853/5434 1094/5855/5436
f 1094/5855/5436 86/5853/5434 85/5856/5437
f 1094/5855/5436 85/5856/5437 1093/5857/5438
f 1093/5857/5438 85/5856/5437 1113/5858/5439
f 1113/5858/5439 85/5856/5437 1089/5859/5440
f 1113/5858/5439 1089/5859/5440 1088/5860/5441
f 85/5856/5437 84/5861/5442 1089/5859/5440
f 1089/5859/5440 84/5861/5442 1105/5862/5443
f 1097/5854/5435 1096/5863/5444 1112/5852/5433
f 1111/5851/5432 1101/5864/5445 1102/5849/5430
f 2930/5837/5418 1085/5865/5446 1086/5835/5416
f 1083/5866/5447 1085/5867/5448 1079/5868/5449
f 1079/5868/5449 1085/5867/5448 2930/5869/5450
f 1079/5868/5449 2930/5869/5450 1080/5870/5451
f 93/5871/5452 1110/5872/5453 94/5873/5454
f 94/5873/5454 1110/5872/5453 2931/5874/5455
f 1110/5875/5456 1109/5876/5457 2931/5877/5458
f 2931/5877/5458 1109/5876/5457 2932/5878/5459
f 1109/5879/5460 83/5880/5461 2932/5881/5462
f 2932/5881/5462 83/5880/5461 82/5882/5463
f 82/5883/5464 81/5884/5465 2932/5885/5466
f 2932/5885/5466 81/5884/5465 2933/5886/5467
f 2932/5885/5466 2933/5886/5467 2934/5887/5468
f 2932/5885/5466 2934/5887/5468 2931/5888/5469
f 2931/5888/5469 2934/5887/5468 95/5889/5470
f 2931/5888/5469 95/5889/5470 94/5890/5471
f 95/5891/5472 2934/5892/5473 96/5893/5474
f 96/5893/5474 2934/5892/5473 2935/5894/5475
f 2934/5895/5476 2933/5896/5477 2935/5897/5478
f 2935/5897/5478 2933/5896/5477 2936/5898/5479
f 2933/5899/5480 81/5900/5481 2936/5901/5482
f 2936/5901/5482 81/5900/5481 80/5902/5483
f 80/5903/5484 79/5904/5485 2936/5905/5486
f 2936/5905/5486 79/5904/5485 2937/5906/5487
f 2936/5905/5486 2937/5906/5487 2938/5907/5488
f 2936/5905/5486 2938/5907/5488 2935/5908/5489
f 2935/5908/5489 2938/5907/5488 97/5909/5490
f 2935/5908/5489 97/5909/5490 96/5910/5491
f 97/5911/5492 2938/5912/5493 98/5913/5494
f 98/5913/5494 2938/5912/5493 2939/5914/5495
f 2938/5915/5496 2937/5916/5497 2939/5917/5498
f 2939/5917/5498 2937/5916/5497 2940/5918/5499
f 2937/5919/5500 79/5920/5501 2940/5921/5502
f 2940/5921/5502 79/5920/5501 78/5922/5503
f 78/5923/5504 77/5924/5505 2940/5925/5506
f 2940/5925/5506 77/5924/5505 2941/5926/5507
f 2940/5925/5506 2941/5926/5507 2942/5927/5508
f 2940/5925/5506 2942/5927/5508 2939/5928/5509
f 2939/5928/5509 2942/5927/5508 99/5929/5510
f 2939/5928/5509 99/5929/5510 98/5930/5511
f 99/5931/5512 909/5932/5513 100/5933/5514
f 100/5933/5514 909/5932/5513 2881/5934/5515
f 100/5933/5514 2881/5934/5515 2945/5935/5516
f 2945/5935/5516 2881/5934/5515 2880/5936/5517
f 2945/5935/5516 2880/5936/5517 2944/5937/5518
f 2942/5938/5519 2943/5939/5520 99/5931/5512
f 99/5931/5512 2943/5939/5520 910/5940/5521
f 99/5931/5512 910/5940/5521 909/5932/5513
f 2941/5941/5522 2946/5942/5523 2942/5943/5524
f 2942/5943/5524 2946/5942/5523 2943/5944/5525
f 2941/5945/5526 77/5946/5527 2946/5947/5528
f 2946/5947/5528 77/5946/5527 856/5948/5529
f 856/5948/5529 77/5946/5527 857/5949/5530
f 857/5949/5530 77/5946/5527 76/5950/5531
f 857/5949/5530 76/5950/5531 2906/5951/5532
f 2906/5951/5532 76/5950/5531 2947/5952/5533
f 2906/5951/5532 2947/5952/5533 2907/5953/5534
f 2907/5953/5534 2947/5952/5533 2948/5954/5535
f 2872/5955/5536 2949/5956/5537 2873/5957/5538
f 2873/5957/5538 2949/5956/5537 2944/5958/5539
f 2873/5957/5538 2944/5958/5539 2880/5959/5540
f 2872/5960/5541 2876/5961/5542 2949/5962/5543
f 2949/5962/5543 2876/5961/5542 912/5963/5544
f 912/5963/5544 2876/5961/5542 2884/5964/5545
f 912/5963/5544 2884/5964/5545 2888/5965/5546
f 912/5966/5547 2888/5967/5548 913/5968/5549
f 913/5968/5549 2888/5967/5548 2882/5969/5550
f 913/5968/5549 2882/5969/5550 916/5970/5551
f 916/5970/5551 2882/5969/5550 917/5971/5552
f 917/5971/5552 2882/5969/5550 920/5972/5553
f 920/5972/5553 2882/5969/5550 2881/5973/5554
f 920/5972/5553 2881/5973/5554 881/5974/5555
f 881/5974/5555 2881/5973/5554 882/5975/5556
f 882/5975/5556 2881/5973/5554 909/5976/5557
f 2947/5977/5558 2945/5978/5559 2948/5979/5560
f 2948/5979/5560 2945/5978/5559 2944/5980/5561
f 2948/5979/5560 2944/5980/5561 2951/5981/5562
f 2951/5981/5562 2944/5980/5561 2950/5982/5563
f 2950/5982/5563 2944/5980/5561 2949/5983/5564
f 2951/5981/5562 2952/5984/5565 2948/5979/5560
f 2948/5979/5560 2952/5984/5565 2953/5985/5566
f 2949/5986/5567 912/5987/5568 2950/5988/5569
f 2950/5988/5569 912/5987/5568 911/5989/5570
f 525/5990/5571 542/5991/5572 521/5992/5573
f 521/5992/5573 542/5991/5572 522/5993/5574
f 854/5994/5575 853/5995/5576 2898/5996/5577
f 2898/5996/5577 853/5995/5576 2899/5997/5578
f 2899/5997/5578 853/5995/5576 850/5998/5579
f 2899/5997/5578 850/5998/5579 849/5999/5580
f 849/5999/5580 846/6000/5581 2899/5997/5578
f 2899/5997/5578 846/6000/5581 2906/6001/5582
f 2906/6001/5582 846/6000/5581 845/6002/5583
f 2906/6001/5582 845/6002/5583 842/6003/5584
f 842/6003/5584 857/6004/5585 2906/6001/5582
f 2896/6005/5586 2953/6006/5587 2894/6007/5588
f 2894/6007/5588 2953/6006/5587 854/6008/5589
f 2894/6007/5588 854/6008/5589 2902/6009/5590
f 2902/6009/5590 854/6008/5589 2898/6010/5591
f 2896/6011/5592 2891/6012/5593 2953/6013/5594
f 2953/6013/5594 2891/6012/5593 2948/6014/5595
f 2948/6014/5595 2891/6012/5593 2907/6015/5596
f 581/6016/5597 585/6017/5598 582/6018/5599
f 582/6018/5599 585/6017/5598 604/6019/5600
f 854/6020/5601 2953/6021/5602 855/6022/5603
f 855/6022/5603 2953/6021/5602 2952/6023/5604
f 2929/6024/5605 2954/6025/5606 76/6026/5607
f 76/6026/5607 2954/6025/5606 2947/6027/5608
f 2954/6028/5609 2955/6029/5610 2947/6030/5611
f 2947/6030/5611 2955/6029/5610 2945/6031/5612
f 2928/6032/5613 100/6033/5614 2955/6034/5615
f 2955/6034/5615 100/6033/5614 2945/6035/5616
f 2868/6036/5617 2954/6037/5618 2869/6038/5619
f 2869/6038/5619 2954/6037/5618 2929/6039/5620
f 2869/6038/5619 2929/6039/5620 2928/6040/5621
f 2868/6036/5617 2870/6041/5622 2954/6037/5618
f 2954/6037/5618 2870/6041/5622 2955/6042/5623
f 2955/6042/5623 2870/6041/5622 2871/6043/5624
f 2955/6042/5623 2871/6043/5624 2928/6040/5621
f 2928/6040/5621 2871/6043/5624 2869/6038/5619
f 855/6044/5625 2952/6045/5626 856/6046/5627
f 856/6046/5627 2952/6045/5626 2951/6047/5628
f 856/6046/5627 2951/6047/5628 910/6048/5629
f 910/6048/5629 2951/6047/5628 2950/6049/5630
f 910/6048/5629 2950/6049/5630 911/6050/5631
f 2943/6051/5632 2946/6052/5633 910/6048/5629
f 910/6048/5629 2946/6052/5633 856/6046/5627
# 2955 vertices
# 6052 texture params
# 5633 normals
# 5906 facets

# 1 groups
